top_seed,trajectory_index,input_sha256,teacher_sha256
100,0,d2278ca353b20ca333eaf435d030a168e3f3801871dd64bd2d544dac7420deae,7887d4cbe2844251bd6b228cce87c36da1b650cc47f3375b6760cdd91abe6abd
100,1,d3e803c0752621379125d9f77c17550597f79317fe8692e2396f8067f87d7548,ebb35dee10169cf4102e9fe73d666ac5fd1c3babe0988d41a25e89139632478b
100,2,678dda05d89f0ec8fddd1d6227febcaf3f7b16faf1b8590ea47c6e20c406d038,56a4672b6489cb8765d327bd61a94a646a142327d1b9f6f115db6d1b9cf16136
100,3,17f88709345d7db0cb54c405e2b3dcd3df4de4cbe949758e39149124b6a1cf32,82d96a7730f088d3d5e0f28d1223cb78e3b2da3cb4ef62f3f45b9e8678663287
100,4,4c510095fbae10c6de06c0c0bba254dd0ea5525bdec67a8d0caf049e300a2c5a,3b9018f259bf0b3675f75b0f2a533c6ceabf38343a4e62d55f7863f90e269bcd
100,5,da15badbf155a150bb4e792b4901d8434dc084fd0757194ebe010ffb6317599b,bd07a90bc0cb2aa75a7c3b05c768c5227ec31a4eb1e71a7f263735c7d84ef6a0
100,6,e0b1653dbec492a316a53ac401e87c1983f94778802caa97d1719bc0703c7728,e5c225281671cff2dd877cdffb2e9956b62fb4d6e7631131c69d34ce03ec819c
100,7,b314f14e4c4ab050dd10997badc539ffd944372b7cd6cc78475eb933b37321b9,b80033e984a8f763931e30d64639221dfbc28f00b2a518e03e112e47854ef234
100,8,54b4f7f70a3040ab48960c9475912ab061dacf75fb71923c7fac0ef7e81b1c6d,5922e00d1e5671b3f4413bcea9b5b09d908b3f0e3c74f3bde647288396be74e2
100,9,b83f0795178b7994c75655332f4b9d75711c1c72e2f84f1e957ab4282ff13490,36abbed2342b4f0a0aac56054b35e1992f1ce755848a2d82de5ff1dc5d9173c4
100,10,ea7e4e4e62caa7880b53f07662194a79f29c23d9f678d7040079668947825e3a,ef66fd63d95b75479260590bb28389b421ffac015e93b5931abda5b797361447
100,11,5eb309804aef3db1b60ec9979a2f544b476529b5b9a66add43c958b79c6b0509,dbac48a89f4b4fb3114c9ebc303bbb52c4395071fcd0a8e705a81ce6257119b0
100,12,e17fa083880f182506760d8240836f500802e44edd43827424a8e8e8cb35e6b6,406d7da3d25f1889cf2aecee4ab81ef508d82ca8ad76ac9f42b717e6e0a727a0
100,13,db6926a1152d30d2693050f0e672034a753131517579cfbc8cf859713a25fd31,183c663e39a2819568536d925a2fb727b8e34afe4e3f8a459b842bca1b8fb146
100,14,88d45e9aa21af4b70122105842e78f3d72c9aed1358bf0a80357117104d1f7de,e334b9104b4745c17a0afdd91cbb56b312287590d2d8f0cb683bb0f47f2e2cfc
100,15,4ae487a9cb8878c6812d63f004d9638a3b95d58d3ca3b8251794b6d634bba176,dff77637b00456f23cf59ae6fca8598191ce279b832075689e1356ecde8bad33
100,16,516efdd258f57e2478427c6268cd29d513dbb7b7c344c9a6ff66516ebd2d4e61,75d6f61a08aa6e47d0817e1832a4ebcafa83f46e1ac490e81b60c8425e4924e7
100,17,dcf655a0d1482bd2520a5a2fab778b4c6fc377924db87fecdce10c9fe018d90b,929f842a56d7175b445d379e97fbe482514d64c0666dd530a94df608f9c9850d
100,18,5598e4d92b57064d8498447df99975f9f0db3c81c6450dd52ef2656a2c2fb54d,2c01bf1f272816e77b308842121900aa768a888b05619df6c297d89f4dedf240
100,19,fb19e2e40f67d36898930472986e77b3a84c32693feffa3914bebfea4f2d9690,af628d71878b740f8aee9f44f1cbe28f4066e3ff142cb83b5b7088836bd5698a
100,20,528561ee663d09801d1712c34a85c748a8f7aaa837c1c2deecc23d54d56827b2,30908bd09e98726d289184a75da52487bb87be602e6b4c63ccf22e0913fa52b5
100,21,97303a5b92f9155a8cc3b5eafc59306dfc467eac232b182487294e12c58ccb13,2e689ebe0338f8a3f6502a2f60f317fe9a386e413c84bb23a8bce54be85ee3a5
100,22,5ecbd220760daf57453aacdd5f028182911290d01759c0fc708116912e8debe6,0ab5accccd9a094162048a7b6ae2814e359c3b3609c809690dc7d605a39cb888
100,23,7c7baff34a9a1616756b7ba5f9f46db995ba3f5b4c4deeefc493b11ab3d26aac,2c8dd410771ad78fbded899531a4a64414fef9c956c1bc26b7c2b6d2c0ac64e2
100,24,21f9f8ec8cd5284e65a5815490b6ab1e3e6f863a5e2b26a99cf0f20e13ab5931,0ae19e561f80c9bb446f1d353534d0d9170fa5cb570c1829b20c829f3cd98e1d
100,25,0251177101d5a98b8bf84c9ec2eb74cfe97fb039cd66e8f4ac7d738207f405b6,e9168805341679ac082cee0122a317ca2aacc12108bd8de30f67fae87e17eb0b
100,26,382cda87379ea1a68435f5545bedfe9894324daf3afe10095687e30bec664905,04006e98ab36ec0b5edacf6140de020045a9c5cf874510a9199b936227854454
100,27,63939bf57d973bfc79ea98284950084050bc10b04f8f04190dda3cde6c3e3856,50900e51857c22b4ca6803f3a59aa6d27a18621418ddbc68875220e64727709e
100,28,fccfe3092c459d192a37e284cf153c624938384e21c22973159d64141a946984,e42ba931144f178635f6e6d4ea90e60247f3e75d3a145f4f56088defc7ebfd02
100,29,d675a0b8e184f3a4ab3563f89788978027aa0e7a9eb36d47aa82ca5fd8cd2a47,43c6390c66cac837d3b58ad5053dd7a3a64dcced996b627241c044f3173493eb
100,30,404878befeda6174770447208d63036c1132e04267cbf0c850eeee943be28720,2693bd0d1ffabe16e2fd6ea2576bd7d3775ea69a438619fe0101f37a13df86c9
100,31,643112b5f0d22437ae0ccbbf18ee2160e0e104fa2a8fedbb874e38d8f5884a28,287b6977feb915667e63ae871d351e8dee4b65a1b8e6e171fcdb3c44a6851815
101,0,94700b7633659c290f3e28c2b92dda35291f48a42cf0306001e75e373cac4481,70231b6a03001fca56fcd859cd8c727b341569a444b9604ccc49e47c494776dc
101,1,b248768ab2eee95918466ad287b18fb5978a6bdba3310dc8391b51f5547421d0,24798d1fcc5fb904e07ab531d358d7bb4bb7d252b1a5347d26cd92c3dea600f0
101,2,7039347e1503c01716b87305dccd34aef8f1abb1a22bc0b5d52a92e3218301f3,f6199ba23a35a973581dcfc3e92f0c8d082f245107c366d2856aa42640cf6cdc
101,3,6518762f968ce001ea05a02a9118155c8c026f5d0b3205e17b3d7d01ac403563,b8279f38176c69e349be2d09fc12fff8e8f20a4a04211c4658e07bc3d7b1824b
101,4,b9ef4a614dbec34bdf68896873256e88e9e6d75904e1e97686b57853d6218e9b,68cb8bf783c514120d019f3ae5cce0e535c6f362e602fa2c72ed7ec465024811
101,5,77f8af35037c3dd3bcbcb5c2cbcbf8576cd7945130855a6d3c1ecb869ab86c6f,909dd77798f1a8c02494ae718f91a43b2da980ac1625cdc4c69ea73fea19ab06
101,6,b97f4004598f3f273d7994d502542cac57fbf437d77e761a6555f026026ef486,bb0fc59f4e5a5f6d2ab44eb6e4d30a94689fc848027d2cefd0887a3ec4a3fe46
101,7,0fff05c0c1b352d93dddd8632a97be4aeaec469b1ab13ffe274ea8209fbf61ad,634356990385733afcf184f86f6364f5d53651bbec4d4b32f307b136f5be1a7d
101,8,cc7038d657e072891fa97b2d89f145e4b8a91ae1cf52addf1b4d8b09c00a586f,ac5cbfcee0d1ae0225470abc80d0d46d596d232c79d8f2c3eb1157519ac6f84d
101,9,eec3c921ac97dbf92a96c8e1457257796f5383b6c3075f756bce0c6ba42434fe,0bbfe22fd952eaf9790942c4e0281d22df4611a89cc3a0e84f92b43240bd1707
101,10,f9879d3216022db9dd9e4b207e977ea352664af950b8b0ced25063909ebe4d32,725d986e68cbe46b309c2f22f2b921ae1fad8763c732d3940f9ada2ebb430150
101,11,ce223542b1d30822f9c8b79b02c2d4d8e754b3dff01ec504f3645e8a60f5ef2c,87fc004728e439832d7c519fd5af8ec4cf91681791d4e474a74a684be5880c56
101,12,a2f53db1e7e1a1a4843e4f55e254b156507f5c0a30e9b49717e7355be3db1688,297d1b4753dea97b14ce20ea6461bbff63ec281e76c5923447ce76362eb2a225
101,13,667fb2d84f2a21146f64ea7ae1214b09d093f6705948d52ab8eeb1a74633b7d4,c26534ac4ec53c86762577d829ad6c2118bd599657381ccf4122305216f3640d
101,14,3b3971762233ea77d5326be95387e49a4e5121cf9d4ee7ec72d8330b98a51ed3,caea1e820f988281f5f39f6f6f2a7b49cebe9e1fd27012477f05a9809db32078
101,15,d5c484784a9348594668b5ab683d8d740b84f1192e3427511639c9d6c04e32e5,418cc164403bb5cb5ebf6e2058bb457c895f861cf95ac46fdd656c6915c80a1d
101,16,fb7a89add69185d6bb242fa40e1c8b3d02cfe1ee9834becdebcf65c5ecfe79be,6afe8325f8dc6515dce534af41ec75ecb188f4ec68578d6c315610616ac7aa2a
101,17,d270a9819cc946eb357a961bc4cda4e0902cde29edb2c44968cf0c09c1d3f9c8,693cfdc680cde40fd1a4e5bff4448a42bd9675f76c74333039ac89123bd6e0a4
101,18,7da8d6a0695d587d97cc024e69c13c4f6be1fdf896c224b4565132b6bc4f5e71,427bc3e2c05bf2fdeb0906a04613940cae04ef25cf13826a38585336ba864c63
101,19,a83151c8a7833601f4e4b73f58cad491ec6c7873e78e4cb2d512109a36f81189,056694dd4d35276d49feead06b1b1bd99bacf413a7b18dfdbeed5aadb72193f5
101,20,d8232fbba4c532003586de67de04f882b1b9043157dd521ca68d53b6a30e2aae,2e22bbd9110d948a1e11d4d24270fc05bacaf306ac409676c208d647625f9205
101,21,3c7a937b4817c1b0d309cf9065e77b218c8a3ccfc5b8fb929f0dc70bb584f2ef,e00e78b2b4c767c53df18bede354668ff68fad464e9cdae52df111610ad05827
101,22,a613cb27c6a8e29a646519c8f580a69d329dfd644f1934a2f910ced9897557a1,36f70cb4891e641a62ca9489f5dcd3bbc3e099700ec65146cffbe626a2708261
101,23,f05843f32f767c577a2746f3f07b4a18478c85192b720e430ed6be66c7072214,e3a77f2c96078d7105bf0d871bf8a48684e572cec4ee2ec4174301bb41a2f679
101,24,6707550792c45a92e112330dcd6ef2d0e6cb489c26e277f8bafa6a2371660b78,d6b5fd9f1d2e088770c8347a96f1a7b5ce91202266556477ca3e8ce5b16a58b3
101,25,556eb9ec3f77f81c8a84ca18aa9ef53096a3b534d43bddba3e1a20f48e77379a,228d5be2b638aae3618d1ea677a93823bbe9d1a48bc03bf9bddbc59ac6930f56
101,26,d846ac71d7a66f7047483dc898ac50dbc1e66cdb8fec77376d2d83811dd528e9,1b967ab19577fa02507366ac84a8fcab6a201d7bafcddd68a50cf1f02ba58eba
101,27,1d52205b63a42112882d9160553aee7b9bc611f61be828218793a5aa107aa0b1,d02bbc409e577ebfc1ea455bb5a9bdc322b7cb958eca3e8a29a0a29b7e009b9c
101,28,c0f9c714de3ce1c4ddbabc493c723d38462c096fb198ab19b0b2819e19fffec4,3482977a602907ee79de6885d6c8a3fdbb1e9e78805fb247bf087fc390fd7b33
101,29,e35c5c6e92ce716287ce32c7eeebb4ee9370cfee43bef2ae046243ca3c1decc4,8345f4e0ef0e42ed2904339f2b3d8cf24ec43cae8639ce5d7ee10be873195be6
101,30,24701306a8493a3c748b1bd72df0ddffb4cd730b0bac3874be1b2250208da67e,c3a402f7b7161faf550fb222e857c1afd38ffa197494c849abb1544c12038f55
101,31,b97bc1453bc98ada5b2d0e59bf20708a8592d6774684f0ba96aba187624bf99b,5a15d5ecd554f7f463234bc4856f7ec923585d22d8ec87bf1d50d218cf1e946c
102,0,8b4befd08ba8a4ece522e175567b7f9adfd3e0667c88a10fb8ed913c806e4e67,5af979905e7406ea7594b865e4cd6b37af2e02feb46bbffab79fc175bdd40179
102,1,a4801b06682f98f798fe4d3d1a7bde287333e7b35ef82cf53bb1e5ebeee2fc07,bbe7ff1b10a795e46906fea99ada1c450a597b0c78a9ca87a972991cc1999a5b
102,2,f696672b0ad337d1b7722a3467576522acc20d92fc1359853d7f0d3d06be4b2e,1efd5f3106dd7c9fd253504bda39c6ff12c3287900dec6c9353093c8cbf0c260
102,3,9936930fc9c813d6c2f799387a4ab1f352fdb9739aa2d9a37fa3b3f6f650930a,4707a4e1e5dc303c641539ff9afc23264864ffd058e44f8caca2c98b30cb8b23
102,4,ccd650abebf044bce3149469cf9ff0a84513750c29c591d176085df47581f120,9c0d2893b8f794e039bf65ee383fe0444c4faf9431ad226cd8c3aff0132f34c7
102,5,ce0eceb2fe8a7e49885b8ccbf9148916d491d993225e2dd68c3583e62b32d3e6,59b7213f9eed49bcbb8d4a88cd9e63c4082e58f96f891e3c2f0d7e2805a79cf1
102,6,d4b7ebf370abe884857d93912ce70cf47b37aa3534750d9d93422d239367f391,3eb559bf33b690792b25df4ce2b97cf949745d3c5580de8bc7a42a516b2450f0
102,7,6c820a266faf79e0fb5e409bcbb1300ae05afaac919cebf5c6578afc8f37b149,05f2326190e6768287596558bc06f05659add58d28017a148005da872f3488b5
102,8,d9198dd5343ad0b2aea972de0798bd061132dc19391b7099f4ec096e88fef95d,0c0c5301731a3001b07b682236b58c243b235fa3f23362119bdc09c70746c024
102,9,266eaccb529898c9d8290c10b1b4f5c63d54dc3cd87c79d95040270c58f5b20b,6a1b7935775468b91fb241b8231779e253f986f2bb8c9af5ea6d9d6819b699d0
102,10,57519e3fdbb557d0e96e6cd191b344cb1aae5cec8703ff4a4ef6a40be5514ff0,0ca8b09b78a1ba28fa2a245ff54ffb58191cabfe91680dccea824876fd2c440b
102,11,0f1a1bc33705d9d16f6e79917a3b73db2ec28efd7d72cf4b375dc7ea9d12f281,9f24329ae5c4c0cda094b926f1418b7ef543925c5e0e83d9638b6e4438d2e951
102,12,2fd54994cc563870f17109ac1a2acebfa042ffeea70add043546e25dab6e14a0,233514f84b1dd551f15e33c97594ab29c24556ba2399aa3d31bc86ed9b1763a4
102,13,e53c356e5d20018b9befb2747e03a182d94975167d681f034fda5de88f75515d,6249f79d9727e0316856c877af77257f034f2ecc6735790897e3f752dfb23fd5
102,14,5ae3c99fe4a7db91c1c0f6e618f6379a33ce6dc9bd8e2116886482d1b6b87bf9,704169a4a5013b5b880b9c06554651a1a81d4facdf49a201ab469aab7b1b4a94
102,15,6362c93198a59b2aa39aa31e8e168e6978911b4fb5d70976bfad8d38f0671410,ede36a5df6411fdce8853d509924fd32350b43f68eb536b4e32f7b3b19365a6a
102,16,42ecdb165eb02b0f6f332404e0a68d6452d5c2edb18f75114aaefbeef13ab947,9b5ada8dc48a0f02f803f5a67c5d79ab093e2962f7a85fb3deab97bb35b13bca
102,17,216a5aecc487f6c14b5b1b4b1514e5cd2d4c5a7a088fe9b3f6068fcc97133630,a7f0fce9e9a9f289040a091202c219fa8df5b59b6e725e10c8aeff9f8c34782f
102,18,337c44df9ef9bfd69c4033596fefbe2b1ffdcee46e5968db0e79cf481fe6b588,e98cb7c43a1daf1c6bd01f399067903ff0d65d8101de6280dabf9e439b52e970
102,19,82353d936fe0282cc0bf56931c1d18d30c6fa86c034c6fff0f80b7223c785af7,40f120a97c7c03081416407587fbebe1a239899dbecb0d670627b50bd4206a5e
102,20,0dedbf17374eca8bce02b87dd12dc5f9416bbda680ddbd64b1f40494ffb8380c,8ad1225b6b06f4eec647e3db58d489f44440314b5aeb44cc723261e54e14676b
102,21,355cfa2e91c5409616a6e39360d792f94dac5c9059161d7a8a37d012b9199600,cc769a798df237b19a6594f59920ce84545662df6dd91d24bafcf401473df00c
102,22,dff35be82e77d28c5e535b4b9e61e08e50d881a318b7bc677d3979d6ab1d6b96,f712a6c37604a00f3e20856139218794b9eab00eddb569301330f84e92d97c6a
102,23,5686efc431ac6b8e6435fbb45670a3b22b884b8dfff052db39bc5c37d79b6792,4e3e229bd3a87c9335efd86c33a807a708362f248dc8ece61085c7aa89238a4c
102,24,5e0176f9037f92f48a7ca2bcdc9bd799cc2fd0dfabae5d1e37589257d6666405,73acbe40b16bd78fc7d4c56855fc21b168845c8bf0af43e829c809d4a455740c
102,25,9d3861eaa8c5cc68e5d67c354ce0e7acc77a6b615c526f97cfe758817d4e966a,e05bbb31a6c6ba4401c4875a6d08beac7d6607a2d8f404cbb6249f272aaaee82
102,26,342ea14aac4416a27fd41254b3b3d1a1329858c6ab066bcb74bd82a046cc0dd3,a01f71e7fa1143de807e0591b0f10a23dff95c4975cfd3f540996d1262b576f3
102,27,bdc5fe79b3bf3bbb49555aa236b5e86964056cbed82b8fb2cec0fe31f50ea40f,a30e21058fa4641085eeda6693ae73bc8574c9d1461dda5d46638ba2c4887049
102,28,98a348116e8d6dd95f1d731306642cb69e40cc1da8db35c4aec8d4ba62006947,52bb2cefd51f3fd02ef3ea0abce90a5d7fd8789a09d4ecaecf994da70539e9f3
102,29,fadf3a350bec268badfd6120ba83247bf639b39e4a1d4581512f28325788a63a,6fc09fdaae50ca2e012d93fb32630133b1337df3b41e7ef75dcd494cedc20ff6
102,30,edaaeee42b0d8c4329864c3fbaf3b1e116eab612fd416738fc5bc08e26a73bdf,5b5270807accf594f6563764b0673c7802dc80fa0f811710f4eb54aa652fe4fe
102,31,7f971eab48596acde5acb949de3a6ff6a526b1e94bfd82e8293e37caeb69ee40,29c8dd2f9c0eb30b2af5e24b7763092faa7095d85649e451c54df5257f092e93
103,0,5f93118d29c6459589baacc80b47853d0898fd9e993935ba9ed7e45563b22755,7003da173a932fa25d3c62a7d9af7c1f1558308ec424ce6fd3b1c1ca893f10ed
103,1,0cc49b9d82e3962686e566590ad13d7aa309f9653859edf67e3ae6f405d6bf9f,eb71d939cacd74cc80ddc63eca543dbcded8ec8b790ddf0116628509d6050e30
103,2,89831398f414a6b507488dd8f82afc9b0f4750712d151eb5375babee78db2521,55c26c8265d155d29db8fc0bb66c49bf537628304a9cb5bc38fdb68af8e89a4b
103,3,f03d6855b884ea03389769943f026d93325a58d26a77003ec43059da66c2f9e9,c11a052587926a459e4ba76ec8864527522418cfc7a6e1cceb8d004849932b7f
103,4,a26ca7729116ef37f65083639fa86385cce9c05e0662dc5f53cc036a47b2f286,eebd757395aa48a96766efdd262a29a3d9c41872658a305f44c72fc4bd451813
103,5,55097b987b281caabb9b6683b86d080837157bc3f2ad5098b2394ddd6bb74010,42bb344fd71d9a6280b5bedd0f43e9bc8e90c8b50144a0d05cfa6fc3ebace7ec
103,6,c69998fda03c9b84d47b48f5d1010151dae7386903b960d3d115af5f5c2413d1,e28b99c7474e6760e217576cfaccf6befd754e0462e980b046a86485b54104ea
103,7,b0e615933bd50d0ccd6aaa42602c7bf50d510763f73e8606b90ceb02ca811853,79231ca0ce95d92651fbc4ddced709c25a1b1759491faeaf8cc75d2dfc609497
103,8,ecedfa9c6bbbb8dd30e268d64cc39274bd97f4cee55f3b0ce58b0a1f9fae8c7a,f381bbed42fcf84e0501977642578a997fa624c5a6f4392c84b472dacd4cb441
103,9,c030f90a321fb97e10eb2d8c716bf9b95ced23e24d67ca4c14f324b5760a71a8,2a3dd67e1ee343980a81162e3252046b9cf35dea0754f5681e37239c7209384b
103,10,0cc2c2b8452c24aadbeca33b0142758acea847c4f4f93b5dbf4b8bd0a1254984,b84b72acf289fa6e34b6ff592ae4a4f40be8e2b14f621b1e542efaedbd537674
103,11,e91b254016431bc08d342333cd039f05b53be16b2ee4a048dd9f96a7ef2a2c4b,08cef1a0787df793c2bc80a8943a8758d44f221244e88c504d024fae4244ec7a
103,12,d48ff5e23274992192c641ff0d1a5c46f3b4c7efd4e7ffb6a2b9427d97714303,c58a27ea970df8cdc9d5febb6da136191d330c276b07dde0bde5b0dccb5887fb
103,13,0a576f25648da122ae40f19c7b4582b54db89910f5d38af72faf29856219fbfe,4c39f18ec9eb3512327b0d10b0a40072e6a2ae8c42233190f4cdcf421602c2c1
103,14,5d6abe66fbce11eefaa582d1716cb3aaaa6392f7552d105d32ef3e8bb629e659,699ec78c611ecbfa917763698d8fb314fb07527265d21c4654b25ba51d20edd0
103,15,b4c80c4de25720f211f21a6ab9b242c922901f42c7cf4602e5ed66c9709f5a52,68d96269fbb917c0198c5ccf39d0eafb197ae08aa033f83436b40b672f376a45
103,16,72bc1f5672e34666fdc4850623f397c08d56762fa030bf039c654455b3db91fa,61c818d7301bcf2a61ba9f8997158095d02880d88c9fece2ac8a9ee429035215
103,17,54233efd46d48b7b72802297e02f21faec7fa7151e12c1a3a27931acd6f577ea,4eedecbe61c9290fe98f2de8fb35edb25263e206b8547ab48f8aae775762d545
103,18,4712e2ae15170c8dd5102dc5d6228753f9cec79f132d55281968bd2244848f8c,47fdf832dce29f48383357c6cb03c7f64ae47ee83e9b87bb27e20f4929111c21
103,19,8f70606fb9e0530c050b460c6133a64f7ee2be45da79fed3462efd479274c5c0,6d57ba9271e3c5ff33f925dca6a8161a3d03023d5f7394f6191956083d8d40e4
103,20,f1a8eda359ec72ea29975bf9936c8f8cac17aee5d94c10c0f08682ef29adafb4,122ce1988c294998031928f85608b67303e3ab4e32e9693ce4d195f90d5ae822
103,21,73b46850c94f9b90079a0989056879b47f06bc4bed5ad7e76355bf0cb4723830,70d1703995dd172fd390106c6f85456e07e6b7535026f9eeb5e2e42995641392
103,22,4573239e699fd36e14f721c0ddf2f14b480cce17f4a8ece15c370fc246af8733,bcc231582a9ba60dea44b42b38dff2650ff1906ac94af029cfb98574613f8b92
103,23,5bdcd064bc71e2f59a38db613442ac0162e3d0e4790ab0c3a3a5cefc54f8f312,186a6bc1c2d64e4e9a3a7b10142275b53fa336dbec287a5806a20485dd7a3ad4
103,24,f7c649413201bbe99bf12d346a5730e08adaf14da14dbd3c83654b1ac0bf61e0,8008f420e93cda893b76e8a2fe6feeb7a796ec2c71738c889d8642bcf3376662
103,25,7a850f654971de0fab79415b04c164624e03d54c622b8ad7085bbf388794f75a,4e1f98fe37910eae16e6fbcac603faac4aae3974cca8f541aa8abe5eaa8b6a59
103,26,ae04a9a0c832a1ce93d5e17d1aacfb93cf487432900d74725843aa050dde468f,21e09df227092dccf1874dd7e456eb811e04e3aa278a7130a98eb8b778f72b6a
103,27,1f79874145ce7bf0c134aa3eeadd43b7d7ce60a775ed11707aada750b95f789b,fd2d0c32c1e06a8b7c7dab052ab2146d6b4d95da25c7d72821e71ae2ccf8fb62
103,28,d879b5a0487d70218f170778dd319daecf5c63bfdfbc404b4c6230316cc0ade5,e738b10d32497860e8a26471364469d034b69cb39abc99803677d3ecc4e8ccf7
103,29,befc80d56a64afa08f31555f385e7878c3188f32492e6fa2f2b67d616131d1da,a8dffe82a730521a66bf11f6fc6f97ad11220d0154ffa73a2ba38577b3694ab9
103,30,d0ecfe8813a8c7f7ce4097b8482f567dd02d22c7ee35266363a12ae4a8618cff,210aed3b21ff3fe12a5395208884d1f17fb78a404fc7fcbc2836013ecb38ed82
103,31,a6aa2d894ae4ef9ceef7998c631480f098db167d6a5caeb74c69edf45b9cee7b,a4789011979fa0be4f272ab2e52e544288b0fc1752a09823e1f8646734ab1126
104,0,53300849009ed5d2e77483e06398ad12c6ec55708fd462a7807efb3132787526,265f99e633ebf8487ed964801004ac94f166f5380d001774114c339a3165e61b
104,1,e412e46c3a56984a2ce085c174b50bf31046590069b6358e118a77dfccf9eaa3,348c26138fc0fe193edbeff81b3e2caf4a7022449099e4a867c5e0b96af899b2
104,2,11579686eb33905d3e405690e7e28a71f2a407a3a7a17c33adf2ecf0275318dd,bdd4c7a48017bbd003f056cf4645d5735c52f21d5a6416497843afc8c8ec8694
104,3,ccf198695039b1a371f9c006c720453f011ffcb792f9747983fef0902d743a77,fb75bfd80f8a435b3b4cce4048cb7470bf317a1465803c285399a4ed2199dcd6
104,4,804f0e538c5b7421923acf4380c4ba3bc7c6b8029c887f18b50c1e86ff040aa6,7e435ac7c08b6dab444ca30c17c7dd3c0ef877fe98be3536c3f421cf586f0e93
104,5,63c196fb56026ad81848ab2d4e1a081321c77859a32059a87507a321e1761e09,0d410d372e428b930981c5595226d2b3149132ddef1520d42ac798bb05a3b3d3
104,6,b6615ba2b936d33b209d214f9ca3505d22154923f1a8aa48f3434cc9ba547283,493a686821e165dea407b633d381b740627279e74c0d3d82fcb65de06b31ae95
104,7,12208a5ffa9f518ad534ab29c18c96388399573eebf44e2a7dea55fdc717d6a4,f01995c574eb79e4242140ee4fbb957042c97cf1a52e8535fab6dd801dce5d1d
104,8,872e1a0fd2a814475fa751755056ae7486dc0bb94eea20571ae3bea9e702380e,8f8a317e7ba03533ff37cda46de320f22fd10c2ec2dbb61b1554e8a9a29f86d9
104,9,49747bca993052130a5fb7510c4e4880612c65491dc129994cb16a154a3aa204,e1ed35c19a2ac13df0728558572b19e2138984293c3d694c7e4b762097de91f1
104,10,5309c8f14ee61351dc8042a496f98aa64bbd642f6d3393dfce0eecf2afa1655f,ac820f5b894a97ea2b29d32db99495f2c89cb6aca7f40483bae357986b5418a5
104,11,874afc578e26484a66c62fe6a585be8bc7e8d39a3f77631753346d2f90561997,dfbeb53210b9f7c57e9c2fa19459c9c91630e5bf0ca543c18655d41c33b0ec63
104,12,19fa61643a9a2bd4bca5f56e829ecefa5c913d3373f0ca4782f62fd64e07dbe6,c6d422c11b12981ab797a6d6c8813914f68af712d5934d966e27746881859e54
104,13,133cbf6f2c0e714ed68a57c0abbaa18457f7e64b07ab89bdfbd854b58f9f986b,2af2edc8c8867eed640a1d3ccd112368f9043273b74051809fa205286a7fa25c
104,14,bb0d96781c5eff5229213b034a1e03077b121a682a321c06da80a89d281d596c,0b82f4a181b3bc362d526fa77b25ec6313b15b1fc027330a487b1bee51a86d10
104,15,142ef6430a6e14337a435a726900f05a357149fcbea5b73d40fba32bf3a97c16,076297070f5c85d133839f7f37fe9a09b3953c0128fffe3d8ac9930ccaea52b8
104,16,c3f0e6e6ed32328752480dbb8bd32c05e6ec3f0d11ff1b3ef264b38d683834ed,e0161515c99eb0619fec41639294660f74e2a1249aa1fc6e0dd857460c3f3b5f
104,17,8f52945dcb80ef265725842c2ebc6b71d573632a55f75fe0c9b5bf4cbea143ea,0989f1355259ef413f011b89aa5936c008c465da262075ee503cf1ef9b70780f
104,18,866186b27acaecbfaa60092f481eebc644bfd12238c9b00209b10b982176173f,a390ff169fef87401d172a22a67ae710381a4351cff06e92d5f489ec363af61d
104,19,0934b88575f51b5084c308b88d0a33d0255dddbd79ed8283953cc46861936cd1,13c770645f679e85e52ca0f746a519a5f5f80befc5a064f4f2214520ea3205cd
104,20,56d72b601decae678fdbcadc883f1e6442953aa0b1973683b76651588b989f47,ab3d224474112f46e18dcdeef004455a006bfa33d5247acf25ac4766f60a9559
104,21,78ffe81abe9b34dea57785308269cdcea24896c797291a511689c881bffc3f3d,3438611e1429336d85fb91063629a0df09adea88a8ef465af28c437b28c0a6d1
104,22,c16f41c93a2a19e18133e61531bde0b27924189e348372289bab395a6d98be86,fbca11714da247db2905a3b87f2cf74d28cb23198b246a831e77e719d0f10c78
104,23,11884026c32bd513f926d4acfb660cedc9f2069043af31eb4fc1ebaa8a7e3329,39cf36af2f9ca93adec8483288016993c7cc0edb1643b4303bab641cdd8a01db
104,24,40e66d50cbd33081a4ddf61cf0568925bfcf6f45bc45bddbb75e3fcf3e9b041d,762ae461a875252543893f22415bd7b53827ecb0b9c4d6fd24e4ad60ec8834f5
104,25,c3564277cad3f9fdd64ec152baa2063b887a34a67c8331bc8eb2f94140d81c14,5ddac5dd87149d112b64f79d6a4d044c3f5945ace8f896835f400c19d6fbc4dd
104,26,375a72cd97a2cd06f56b26935d3614e40b89512300a45e4e8f139bb3b8f09d20,db0bb5e8c586f2d02dbf27591fc242ad7397e613e2baca630664df565eb71258
104,27,f70dc01ac91a95afee7079856b4e451ac67ed516e78c242129bca4536cb14525,bc9e337f0949300c6c15b61846cabecc2f605addb3211466f1bca0a87e5fc71c
104,28,721922b493396169433dc7d70e3116d4210ce0833ef62dde94c73a04ee841b81,2c97370d8bd3f7d766154289535e6bf64018624c6c24b0067ed3ca0fae391b89
104,29,a923b879fc053a983262abf2558709384891a5b2a8cfeebb22268370536d3723,fa101ebf7da23650e1bedf0438a58363d378f99540c4959f21a508a47c8faebd
104,30,6b60097585ede10c192425226919f12eb95b185e7634a2fd90bba5e0466ba645,a3f898444142a6962eb5104f0309e078e39929fd647bc965125f415fdbdf0ed8
104,31,a5939d3278b7064bfa2d50d215a3754c1d053460b05bc6affa3020e03455514d,7165abb1c8671b1278a688fab265e21850387a53baa11facd5f7f72785aab4ac
105,0,631afd1c5734220e6af5e02c5eb90f224cf0d993db6629cdfc789ada6195fbd7,c058edbc796fe120ad94e0d3a6401afeded2902c3cd6b67f029fff430d717fcd
105,1,f9c1894b0633c7e31e72a8ebe05d4036a9815b8db96b76379d3f25aa8d8c8baa,d2ef5baa0683e603ccce3373b5bd8d1bd98a1489ff7a3bb7ea1b53f8ddd38ad3
105,2,dc1f1ed39a25bbfd6ef7d5a5fd1fcdfb5cab8f8c11802f5599f185cc3d2fdf57,62d1eb8df033e46a232d38d84844378883a10743d1a6f34d50c8f7b4dc046af8
105,3,da441130a4404f9f982c30a1c84012c0f2b65661991cd6f02fcd4176cc2f4740,e5f94ea6b2aa9408d0882effaa61de855e47ea0c204fe10b7db2cf9485937a2c
105,4,50bbe3a6ee6eee95c2e5d84b12f6feda52de4314a38049b3d4a80c2762ba65c2,bca35d10c83592deab6518735e2c0ce8ea1d3a6c463cf8554d895befe55acb50
105,5,151e0b7e9e6925cbe3f9f0f0c0984ad58fed0b40f633cfaadd58aca625118a41,505d96b761be9eeb991a90cb71c201cfafb23089e2ca74c57c3b6669aac69a46
105,6,269540df9db57874fac1312fd72dec7d48a857b2515c5815d1de2374bdd9cd6c,6953018bdedfdf028406d8116069321694857cde1c5efbc628750c0933f99caf
105,7,7312fa48c170718df7a6ead9b85cf3e05a30e451ebdf3992450eb0b9115131f0,7562ba73d4ab90f24b81d5d9ee3110ffa6565e22c5ba220b9ff2d7e766c4d9b8
105,8,a0464c789bef92fd66a6d06f7938810cf72da8024e3f6d65845ce1615aa31d21,82e625ee9b847d402bf9b8c953853532db9934f8ceefaab38334f2592d3d9128
105,9,5ea521c54d81668e99895c975aa6cdc1c51cec3d99845748dd269b076f6cf7ab,dc8f84642287c15bfc8e5322a24ed7976a56c494e49ad4f8943a66454559bf4c
105,10,862df26af1ca20ff4031b68dc7c6cc264ecc8ceed4e595930efa6c3016f89fdb,8e02fb6153d94b273c246cb9739c687cb57c9f51128a0a8d3a921afbf7526d23
105,11,fba3d3372e835ba0dcb8deffe87f263af553be4f82ce13854d4fa7081baf1214,1f3173cd403d138150316def46bdb89b75c661e5c567beacad67bdf33f9d939d
105,12,7a54efd1ecaaf5ece0244ad900f6524af029f5606c940e6cead8074db186784c,2bacc672ee25b38bc1c986293002ba3466b2c76f688652e1b5b7a9c92ddb3632
105,13,61962984ec86293cdb2c10a3c89d39e7f1681b357d4e77ed0a542926c7cd0314,d1bf0fd3f81190871214f323adbd00dcce7c8ceab026c05d9b6a600dbfcb866e
105,14,f4a0613fd10f7b10e9c4ba6fcd5503228005597fb5cb1fa64bedadedf16f2a96,67a18182e8f7032997f3b42b70250b4ba79db9b01e0a3637e2be2b5c9ad48c24
105,15,72172f6439d885ebdd142ed53c373747cc919906b3ef18bf3abb9554f73f06fe,b42e0cc92ac5b144edaf754d5d13edbc1dd7acc3f1fa4797cb8cd281a8772504
105,16,38c28352ac549188bfa637cede73abc586594366a3bd63e5ee17b40be85b32f3,ad8a5d2be75e740d57f6ce2cf795cb93abb3b20c92b3d01566aae8534bc675af
105,17,567923b49607513413468e97980bf827b2987a60d034cfd9b3ae4733e5065d35,9a6760177cff381039ca5f6e19092732a476ed10140ca64db3d13714bfeb3df9
105,18,66b381972d9a9f5651d25cb4c934e7b4d0c15ae36e27141c972527554d5c6f26,8667fe1aa4ec0a77de2114115f6308cfc4b05466b4bceced6614f0773bb09808
105,19,e4a078a2a4ce2f0e031d7f278e414478b5ee97373694c1b89180818928292a10,2f275f4327c02cb779ff62239e2f97b807c4801779e9d62fe86eb44a60615095
105,20,4c23ad4a364b9f1491a3605293be79399e5c72bb59af6ad836e44a73e15fdec3,059a584821ae8503f94b3eb0947001e4439701da839a3fa2409d231a6cb0421c
105,21,30e96cc3d5e32bf5b35756a078904fda6c95f018c467225944a3fb73c982e6a9,f5407605497b396164d732167971450bcb8ec96d5f7b23dda11d6c72d3493b5d
105,22,dfb9e5ab6da370e25013ad3ca295cb3c71621f3c03f18c61f186d688dce4b6d0,f789a925f0d0e5c08b37162456ceebb0f8c120a714332b41491337ff4d7a2550
105,23,26e8976297e4a49ae4a7248e9957834ac1506ad96f27408c604f622bbdcdecfd,a1b91365992f63b3d3e81ff36c094c4a9dab0c3f11eef0d8aebf27231ba54636
105,24,73f605800d582596ae04dcd4488a380367a4eed77ea1afbe3f929326ffda7529,7cf9f07b6050586174250c33274e1c3c47314cc70d2d7d2d6f8076b24d5b81e6
105,25,ca7c24d2662186dee7140fb6d5d05f74a745ff02b312e1a20fa4e221fe9eca7c,698c0503533f0130f0262b9c4e7f47c549e8e89982fc6763d5e769004eb39a32
105,26,3533b23a9558a9407360e599649b458165996a8379f736c65525d771487a15bd,1e4e5e65b3f07ef5fe0e8ce677c258f9c626cb34e92330acb767780ca0ad174c
105,27,e86ac09086c8e78462b2d490e8ed762dc2ae025aeca4e608dc1f97ca5d358086,d1ee49b6964a6f26fc524dccc4fd9dd58e56e58df1350e81eddc1b1f2ce48302
105,28,f200879c4b0e6e17b77e011296e4ccaf19ac31deb5923421daa75df0b5dc1ec6,605b2653742531727d57e9726e02c193e46d4f5319cf389c74388dc0ddf41d1b
105,29,3727901bc4831ac6cbbecf57605c1f4bc122e215bf2ec439c30de90942db1f15,a8a3b7fca9fc3a4f8a0693167c6d53eea0f9e4bf777761672aadd0f41a4aa6ce
105,30,3e08e69d842541403e2b8ddab3a60ecc05bd469b5347aacd05d3c60b67da34a9,62ad033a8d27634c6ee5ce5da2ff12207960cae2d26ed79911e202d2deec6031
105,31,a4479c56a57dd8f13a901314ba815266f76d1b2f18b692f468b9b2c806fb60be,701240a39a0a3f40dfaf27d6fd38347dfd837aa91f6f1461bcfad2d1ffe638f9
106,0,6c2620249b57c6f73215560ba0a7e5d32c374e6cd644d93295ff0c7839cd20f6,467b558308d0171ea51b0d04f8f7b61e750b8be905357e0149ccad80ad9b63a4
106,1,0fad378ee36a48e9883f80deea3fffded9a993997b6c69974618351c80bde374,919eec5eabbfd43b452013bc99b6d86299d6668fe35752a806ea51d798715772
106,2,735b84afeb0fc2250c2f11f037e06294c29ccebecef4a7a094c65eb770b9982d,ba07ed5ac6347d0f178ccfce9ddaade7392b1a54dc25e68df30c9c34ead44bfd
106,3,6578ef520aa87bd71c2b264cd9bb3c138931b3308daadafb3e2afa1ed289dbd6,e915f40cd31f8d8a7770341b1bbc8a425c74187b7148c8b5509448054d08efab
106,4,7bd765329daa4aa0a7ecd788cd2e1aafeab2084582383fa94195092a506798ad,6de3e6501c9f070cda068c4f8bf6c4289c1db7f03ddb6e813e3a55438a418536
106,5,ec5f81fb3456d7c51097f96a63f6a21dd8e6bdd7eb585063abd6e447768766aa,32c56590c288ff544241918e86f37d765eb11856f9965b36f94f68415c9b174d
106,6,ab0bd49b94e814c2551aedd01d5018c483dd0a07901bc7303650970b1f7d5d7e,622e43de1ed0063286cbc98a05ca71bd511cabc2ba9a659ffed7856e1a3416e2
106,7,de128bc135171a21137adc410d4c76e65513da46b38763d68a57f93f0f46e151,d02f9f9e61b16066e82da53be1d5c35b66ff74a3ac76f5409697fe0a11a4a490
106,8,b453dc58dafcae22783398a51988f85935f98f886bd9d256c438565036350829,080b2ff12b7de65c738ce85c1df2585c2cdd848e281f0adb98e7ec1787bf87e1
106,9,3ef2504988bc6ef857b5c683e8ec8a8c527669cb8473c9d585fb9fc64ebefa33,85fe5baa30d1566ecbfbe883b83216725e8dd5e28b6df8546fd96992376d1ece
106,10,829dc18d18b444dd4056f1b51a5baa42b3c92c23f82f162cb8596686a36930a0,b181726be40b14fcd57a1fbd470e171f6ad07793572a7358bdcc42143f58b0d5
106,11,bfab9802399022ec7b4b76755169f891b91c24ee17f2d53e8e026fad3c63cb2e,54343e3b96441dcbe21077aef9be160b6f055ada8f419d918ff46247b64c0b1a
106,12,670e1327b5b7a6ddf99ed9b4c2ed9996dd2256d29c7b0c7edbf7120614d536e7,8488129cfd1a470b5ee0ff7ecf50c6ca0ab71a2ec227c13473a640aba764b46c
106,13,8cd740a974e58fb886c6d756104bbd61e81000113949b46a9a887da8f11ad2d3,b4556c72f6d96c97a8297ad3613d3b40cc4d4b01772646dfc5aa5cf8e6fae7a8
106,14,01ca912baee7cfb787080c4457331d114c17d245546bf1c6303521eed2eba402,1bf013fdae580e2b2dce87a8dcc9f4c1041b44a69620a816fa57ce3ae2093203
106,15,1c48074b23c942234570f0223bf3a1fd88ca44170aab95ac2038c89c6f2b28a9,a21b0f19994952ec2ae0c091a71998e55fc886c167260c03ddeeebee7c55ac2a
106,16,d1a346816dc6b9e0e69e796133d9d22fa3f8fc476ae4ec7a56c11094ddb69b6d,07e02f0673f48c2ed9664188da5dce15ec20944d8642231dc18e3909667e8917
106,17,9f967272dd3891febc758459ea3d59fb297f8439f2227b79bad662a1fc67d865,2f5c194ade61e695ead3c53761f75d407683378007916bdcd28407636ad2bff7
106,18,3303a9a81143554aed72c4ebfecb8c6a2cad7b053475e4741c00104f3e6c2f31,0c99d0740573b5c079a4c1e4737a2bc790d49c2330797dcba93ae7ec28420cb8
106,19,518aae692b95580b3184a4dc6cd703ec9d74ed62a2559c0fcc69f7c116fed99d,a727e516cd22f9a0144d2b282794f9f78d6447bf06d9fc2067ccbb239a5d86d9
106,20,d222bb5a2c3ab7cf281c010eb0e9fe0d43de1bf68910be02372c420776f2cee2,abef2749a50449cad6484b6d030d1a9722c8fa7794668655097c779908738268
106,21,9943e498aa779c4a83aa9d08e65ae7eb1f83a768b0dd8f503cb8d8a41428bf2d,d06424e9b97adfdd85c1fdbd346a538b6d69275e087289b4d5552ce957411844
106,22,4d4adbeeae2d2970fae0704d428d3e8d7bf8468a141ec9332e6d63a6a0660f4d,6ede21e97e242faa624f60c5221cfe649ddee402f1a8a70205461c713cedd1f6
106,23,b9b6c666cb1b97c74796508e83cc8162daaa46fb99c630cde008dd1a9419155b,6a5271eb5c8d291e10d3254df8ef6ab0cb35f5d302955147ea96292745f9211c
106,24,5ad20f2316889cdc0d6f11632e20aaa85a485605de49a5ca32068a305bda2bfa,ac1f2dd1c5c5c25dd310502d458e0bf573d0d57fc7d5cc1d0c9893e5a693c9fc
106,25,e21fcb2d55bf3b568f446fcce1305a1e444d15a7e35762cd24b483141ec16816,595d64f2da0c46107f1c72bc4e8cc304e98cb6b84d58c2a1cd66070c4a54d5ac
106,26,c534eabcc4bc63a6364bd4e18f3d4ad8cf63203ca3121a87cef719dcb887d0b4,f183b0e2a37d4d3b697ee4e44b5a0d56462b2ba5bfba5eb25b3404be6f733a4b
106,27,043e65d854f8cb8418d28264d4ec9f1687ac00cc6347938492894524a9a4b2a7,6cc876a9b77751c6611e765db593c5f4926129233a2ca5dbd5e8135e766f8b81
106,28,4869a95887433114a99d78aeada824e994deab129b36fa7c32b984eab6d4ea3e,e7a84f81b417ad50eb18ba6fe19cd035926a0a06567f767cb402e115489d0b22
106,29,83461e84da6d5940b9b857505b109fea52c1dce2925350a9b9a60217c7376e96,d98380a85825c2d620be71b4cb8302a052ff09b574885d12565b7ab2e861e8c6
106,30,dbfda067521ac462fcdbf5702f6f15623fa0e1bf772439c3438b470ead817814,586dd0d860ff3d45fe13cf771749d08e8776b9ffc80b8adafd326405dd374c3a
106,31,1f945e1e08370c79c487d39d59ce67d3607e3b84c76bf1638b89141c4650da03,71eac165bf88ea5556eb408036785c9b89b7b792e8ef187746b4cbbc6aa4b16b
107,0,6723e14c246e2cf6e710505001a98e3b4c6c1ff64730bc6b5a7eb2c526650a28,407579833853720e12215c095c37e17452d60f0386b74c57ba4dd2e435363acb
107,1,2278e6e7958b607640c0503d3296af254bcfd50003e624d323107fa52b343534,4e9a73317b77f1ca646fe30b3b2a8069db799af2b3c21968afa34b6d4e110c3e
107,2,adf5bc3186ec4f124fb16de65c2677baba6bbf10a147090ab4899c0d8837a598,66807ec77a3032a7e11beda2edc178630cece3fd2e21f23be9836746c826bf1d
107,3,41ffa280ebd971c32f5447b70a5b61ff9e0e6e88e365dccb64f64e8df203444a,e3401411a30cadb61e1c4cde28e1dbe0a5aae83a57550865059c9cecb54cf3af
107,4,4f33d472c332dec9eb48aba83e7c7200267511cd348366c7ac8ff7ca0dda9416,81eab1b55abeea774ed0e66946440969a1116471fda6b99931a085da2d20c8c0
107,5,c7e1d68e5808b7ac3666933a94a51ce95d7e2451b423b0778760fb579c6ffc1b,c7ce8f616a72d857b9f980e6be721f9532895d7d6b1cc352f02da30089ddcc11
107,6,8c1c4809468273d7cba7b7aabceda6a1e2a4abe74508dfb1c3d486d5d05e14fe,57619744c7196b405e04589f0b67f163a00b581067380f77ab9a92494d0627b6
107,7,0ed8a9cd867ea1b6b3116f5861e117ecde20edb8c74f3fe936163e7006df5ca1,0faa3609a22541d2f9ec4d1b931e4735c4bfb4eb0c29410cc761d9847d723f44
107,8,8def31db62ef32cbe7634dd7efe1e6db49a821b36b52f681e76c9b519d6e2479,4540afcc1cb123d784306e26c4404959641c50e84aafe2cf56645b77b31a7eca
107,9,7aea5eb5f0f1e01c93b5105989ff3a514d1d58aaf0be525918df0e0e318e6b6f,74474b78e19836ce6166b856ce7bd802d70d9f19093250fbfe286e751db310a6
107,10,3855608ce21d4c4cb78a17a1fa5f68e57f508873beb3922f8e5cd9f21398056d,ffdccf851504821be95658698dea970f0679f4565d46ad9d3689fc6986c82f73
107,11,bacc33b7bccdc1f78c8c5c64200b4324231aa4db517f8e2a5516eaa77919f873,812aa8400d0e3355fe2541c3983a8ff3b0cb66223dd6a00be21b1b438b770e1c
107,12,c5fef65011485d24e9fccb0e0d68129897c84bb93eefa93492ee1460cb5df6c7,c890f4b7fe066d61128e8ffd48eb99a0067583f32ee277f1e2b6359e44ab3592
107,13,54fac9ac32d3feaed560961814f62cd22a99b6df25a7e7e9eb4ca643962e9632,43edc93a15063e1fc81c219e261d46cad6074175a9d46af73d9fcd9878e57482
107,14,26b01db4cf8a9a025d827f3acf2ac88fd8757cfd1a707c81ca88ebca563e9521,99b11786d37a961442508f0397df81af47cb8a98d225832e6d7caec5fb4acf06
107,15,8b2028c99683d0c62eabbee765fb673977390af1e0146a2776146ac89d1ff34c,8b656e82edb25b1d8912ec44194a6d064e73a66f6db1bc92f69fdc6cbd9a4c21
107,16,e9246a606d5bd3c3c6291947710cd457f48f8ff058d14f1d8421ca847498512d,c1348bcf71859b94be641c094701d017384759eb58793f0b90164e80c5d38419
107,17,2e8dabbecbf5917cb5d0ab9caecc879bed2bbd45960c4e776c73fe143a57639d,6ef80cd75b0097e2d7f9237bd22351a6fa3ac9682a93b17be6b92faff2a359fd
107,18,26128a4c436c4eeb237443c843bee0bb5ccebfa5c5573d4c0c89170f3de0fc7b,2a2e69cb307d9935e7b111ca1d6123918e1d0f50e87950ebad26fb4e0db76d5a
107,19,3854cea365a472c522cbed1e7e0adb937aafe11ae4db2a8539e35d823efd207b,194c7cd9957e5ca6453661e65bb53acfd016a86651f64aa76311810821c1561f
107,20,7bd474a4aa0ffad6dc97298ff40fae1addb31502ed2227e1ddfebb2775546dbc,c07799dbbb87e595f1d8c615b5ec4d219be88ac557203a5aa07d221e331ed548
107,21,ed7f2d03820885c144a083a7bbf0401c436d80cbd5234b048a1502283d2f2022,67ff60f61d1d15287dd58f7fa764a0b153f001b0a103cac32d27b5af0c2f4473
107,22,f59b95368112b9e416394fe381be75fa0a220f298665c53b64ff923f4d4a060f,f326912de100505fddee76939e743eb02cb2e3d8377e84c111bc2cbcc18f514f
107,23,4ced75a61a38a56282e8349c785fcfe67990789f3187f98b35407d8ab8e80a18,fb686911cf0aae1ea256d5347bdfe79a7e0f94662aa905f5d1a44a21e7d105c8
107,24,9ff14a07bf6c4fa31840ec820e371303f1e1c14d29d178260772c2490366d8cb,720d5ae0022577ca7b9dfba3516090836a20af2e49511d70175465bfb993ede5
107,25,9648a7c7f33b42823cd268739b3a45c6202e278d6859988ee5a040cee853e87d,9abc77259d116216311cad80953e3305891c1b0f0f78450fc141f7bde075e713
107,26,86303d792f903cf294e68aa14c9a0ced684ebcd595b927d22525e67028691461,903dddb79b543d4b122b59f44c4c55cb628ab1801f5aa9a322dd0e50ffb090c2
107,27,fd947aa856d9c2e51273d62f3d3e8bdbc4fa3cc73e609c32af4cb77d622dfa87,670e0e743ddb9abec15bd1891345f6913d3154ff6b89cd70a801615e4650a1f3
107,28,7fdd70233a4607c1cba4849079dc0775f551e32e235f0e81c74a6fc9ebf45e71,57d069af0b305e8154d23c18eedc1bd2aba2d509507bfbaa346c5933a20d2720
107,29,04570e83831c942e690d35433046dc0ae2e82ea9f203ac2ecc5b6c951be99077,28c12b6dfab74224b2f8786216aa1642430aad001d212370f5531e1051f6557e
107,30,a7bb02ac3eb1cd00884c8f458e52131122fa42cd8ad8e5de47c44ba09544e7db,62ba86534a80c860d4cca506f66b7b49c09addaee7d7559ae7a2f28a57bb6743
107,31,c0c3dc9915785d35b7ba832e0f08a9af2f9308bf8fe752fed2394d020476c4c1,695079d5c72b5a0b7122e1f50e8963c1c4f27fcb46243675fe77a38861b1dc11
108,0,82e9bfbeed4c43bbcdf32bb01c6c572c76a25723cfa9b1aad3a40fcc9b424233,cc9f95612a6f3bb5f0004459e2029ee19ee974df3bee7cd2aafdc355b8386914
108,1,b66370253f8acc89d8779ff5e485a62563bfd69499aef76845addde4b772a1c4,1be1f49f9ad566a902abe35eb1e17aed6c70425cfe5a35b6e9214a62db4a2ae8
108,2,93fcaaf8552460739752d74b7145527f9d5403820a976de5e7a058b24c9b6fb8,33c191ee81650d5c13702a8df0218934dce8724d19cad4205e9aeb8119cc774e
108,3,e04a798bd8fb25c3a4c6facdcad2a8ba91599c37b62efd909ca9cf1d8c8b4d0e,6112aa9bc18dbd705a19ecf019c37c65075515606767d417e971c5e7966c04cd
108,4,a5c9f8f4a2cd8cf8c1e562eaaf741e6c8712d0bab95a1729ecec83065bd7fc75,dbe8b83a30e7f45a31043ce5fdfb717b9fb8468ee8ec4334e41932d80ffa1e3c
108,5,41b43664787670d36406cc33fbd6168f90b88698fa0fbcdb61e8790d49f19d52,1b4ba1145578c6edcc7987cfb69caa6b59fdef26c6a96db06c1c210da4dfee4d
108,6,78383fa6d07ca6bb8dc1e7e8c56437b937060f786ca32771708e5f758c39b454,eee47c147ec489bd5b2048a3b692c79cd9ebdcfa3592df6292c18af0c71cfe25
108,7,ac9fbfe27e0d8253858dbd33dbcb759744721f2e5c03e7a4a5caf7fa97199e9e,ceb535071a93efc0ca45748983e4bb1270694f8bf059cab813505bd555ef30dd
108,8,6a3257c7f14c7784588bcb889b35a0f8206a5585a5d14c98d82b5bb3f6a66dc7,b170d1588450bd8abbd295354ad6e4f90050bd8fec259ab09cfd571ebdeeaf82
108,9,94d9b8f62ed033064cc22c7d6af886e855ccbd5a7259de35b1076443b5c077e1,8392d72a680ebbe96fc5cdf1a513357d012c3810021144f046ad432a7b47d4e6
108,10,f677dc4e8e16ca2c2db804d966d8cf65df16d2e87c89617cbbf5d41246dfc141,43179e02273b41bfca14d1751b90d7c2ab8f11e41781564876745d142a8e6a69
108,11,1f20fca5ee05bce17b68f34e28a06815fc5f79de6306af7adac8fec9ea465254,fbffdac873743380d57257a5f5cb93bb229a7c4e87eb4b003951d64fee0f5ce8
108,12,42e4fee5d4bbfdb1d80765ab402b388dd943af1034767cdef8ddd26b0518ba24,59666351ee760c6033478c6f9ee67719bae95883852cfb8d21fdf75a62ce24b9
108,13,9c3906d00872ee51597df03efc4edbe0849db63665bb15223d0a5520fe9cf9d7,3730d58819751130e03e5bf28c22e191e3839cf10f65844a7a23ccb2737094cc
108,14,de36d251b3b4524967e6036ba94174eca10e8cc5b9a01aaaa30c07afef47f24c,89075221a548b145588b38f3d72396e491b949d0bb4106b85c93fd7a85d798cb
108,15,ab83286751a497496050340e5e7976c7bbc16a4f4bf74cb0da0b4693a97f5c41,6a428801a0f021f6ee835546e43fa00ede20e4aa6cbd4d7deabca6f50531b8e9
108,16,049310e8cf5d2ff5cb5c5168a3ea710a43a88d4ff003b49cd60c9d0698a45119,eeb2d1f8b84427febff03fff6da32effcdc5e1a9f6daf7762a0f6069ac4cc95d
108,17,950b0b77ff01aedfc0bb1d5035cfa5cb9c8401a649bc8a0323352a6555bbb499,74a55838c9403d51e0495c0b1d3025c9f858d50acbcc9f85cea7b2a02e03de3b
108,18,549601b4522cd04109e4ddb952bccd676a635fd3b07ea1db31aa80fb6de9cd68,b51c7c387e42fb5f1882016118dbd08c9e09a25d180ba288b14443c7a9372169
108,19,140c8f289b7228a692f87c6c0de7787cce2d9747b76db7c36605a5cf4464579d,df7ffcc09041ccdd4d4f5c7cdc2bc3f9f4984be07d648fc60723808ff6644fe7
108,20,c7b6f0d1ff399eed39ae2a8415da21da43059c57259360971b6103e67b6ea63d,4035511fd81bcd29c33f8b901b559ce0ef9bbfa367047fb00a571ab91bb1b7af
108,21,80eaeafa7252a6bcb4be0c05eef624a953294bb059044c6af1a476f48379092a,0d92766b117905ff0006124bb34508d3586920cd6dbcd4810e45f5b23efdd20d
108,22,fcc87b1f5dccfffacf83e49c047d1e698273ee82d6414dac4fce4f0837d2758f,e2c637638258f76c751796fe15d293f793d23fde7f94a9ec5525c5b2c468825a
108,23,f7f2f65b0f8d6edad83a695e7148bd32ee360756d7f854b539ac3640229873a2,d19c829e80f8efaf80a6fd2a1b4ddea192cb60baa7feff75fadef3884cc998b8
108,24,b41edcb584561da9d6efc1e594952a26d58eb3ee3c2d3a86d3e54d089cc27594,99fb7ecc6f2931fa4580ff80c33b6f81c8f9c64f3158124ca8422ca530b0a04d
108,25,a34e9e0d58ba86c522996ead9a5d823516eb1aa1b34f09d95f14fedc70071741,197b882fec5274707a0670c9904ed933753ae75377d30b480fbb59a8949c3a8e
108,26,0b2ed17030099163704c2e7f8701ff4818a14c5923cb69a8578ccd133cd05e99,3ac83a2419c54e1aa61617abb21077d234686a966dec2eb2096f9798869e928a
108,27,f8b333d044a392b686cc33e216ea822e2f5e2db5b2f9b47f25e915fc1867de80,b8eb315855cc5fe7cf1d5c366227c7fcc9c7333ead6c7fd405672d4eca4ae672
108,28,c6d20984169614fb3210bbfa6af717976a4727d19b721997c8231b5f954feec1,1a6d842ba847b92d3815bfd64b003e77c5420eb9a59be83a5448f509c1625da0
108,29,8dfc794e8c9dd44d18d8f87d8cd2c4060f92744a04090bd2fb919a5550604705,e1043e52bffcb25281ffdf72410e815a595259ca713351030906128e9eff6963
108,30,9218b2d1472a6c7677e4c3b14b972cb4453a95368f3ca6e1f4767453ed553885,5af4a9f3dc74ccb976f4b00b79eeefeee13e24e81a70a6a178d7803688fdeff1
108,31,d2777fe9138c151614c191f1c30cadc9fb93125972c1ed03a0912b67199064ee,6c122504c189edb23516868f14c1aeefd347dd52fe79fb93bbdbca2b713a6445
109,0,a117d89e3cd5fc605edde45fa2145d3fb35db697b08a0d60845755f257feb062,f057f4ce7256219799f356c1de9b17a43aaaf256e43b3849f3122b5208eca764
109,1,fab0123cff86465b4079b55a3135081d360752d056bde114a1072fdf85bb0b96,7cf63314ca089a42e72223331663197cf13be39d68287e3574bb75ea6ddf304d
109,2,7d5bc93ed55b7335573201ef1ab30fc9fd4888df1ecc6a10e39d7eea24d85204,527de814b1a0ce7a7abf66d4ac7d295012d123fff65c5d5702f9055bbba8fd1d
109,3,4cfb1ccf1112700b88d980242e3f90e02c5e28361e6e778cf2f165fbd771fae8,74d0e8820f453ae2e19d95bfa549513b64dc0db9cd2aa3c4628abe4434725532
109,4,e42d628fa7e6758932dd0ddefeef3f63b58a30ee202a6a1d0648b3818dbd83b0,226c187ca58594d36551f4ebad5421b1cef0412611c27988ff90d0988d6332db
109,5,84a6d33deb0c12eee6ce2eb8a816e438cb911eb3879440724746e135601c5acf,f431cea8f9d49f9b03614cff8cf451cc142aee9c3ae8d7d4280639f1bd41c591
109,6,e2db65027f552e9182e25e11ee4246af4942c95f1aae039bf0737043146567fb,f37d154d489c7d5bc39c9e2b16428e7dd8443922904d768e7de423dccf667d6a
109,7,657b75402ccc86327856913dfdc9873da5db30de623f8cf25d7be8e170c0e2c5,fe75bf71edb6020885f599451237da116456c8f4a5f59e14a8982193cb3cffdc
109,8,389ce6120b8f25932f007a6ef615154a0ae5e8dfc133385c2d4a0843e8491960,c662e4ae0695db5689d4032466a1a8dc7ef30c21d697601a089d9750ad578d19
109,9,1544458807ac23a46ade88ca253db59f0604bbb0909cbc070992b68e48d999ef,cc96792c8eb93a2e42a49673d6a0b3c7dac3d2ed09ecb77540201a13908ca83b
109,10,483398f71efc74f1aecaf0b1eb7add050419b83be68f62f422b9a1e10acd27c8,41d5a4b690f818ff828c8e8a41289587eb49af6d853e18f5cf3d21314e2280e2
109,11,b7ca928509e3f9844c966cc2164cf679b70a50e12c0637ecaf1ee3e15c668b56,6267cd948fa1e9df3854582ea87131e019e14dc9fa00107473163109bf0db78c
109,12,9b2ea812966369f5ba4d1c8880d61c01f77a756b1804a7b138ba74e6aafa3cf2,ba2b953e30bc3abacdb432980825eee3be4c36a302d54249c07b34bcfbc0faa3
109,13,b582e145998c23683846dd2e591d8b5a81e1857fe2ab56e9949474fc116f2d75,a469f5572c2d6f8d68c8741ac54437cb04e8fb6b58b0f7ee627bb621fedf804a
109,14,4f688fa560f4b0001bdf104ee381de9a2dd845d1dd41bb987a8e246bf9d7398a,617197bbd8c46716810f6fe8e009abe6b5af051d05e9d57dd13e30a91085a2d4
109,15,02b701a8a57ce32c96ce9cf7de3ab644c9edb855df29fb5152dce20c68bf19f8,5a25513fe96adfb127e985e042d4676cc5309d72a1e115dfa7469dbad45392c7
109,16,2035983f782b4adf6c45d7a0084e104e9752e426d2288f453a9f4c620a05ec29,5ad2c83c1305ec8af4af607d2deca49ebe7ba21acb6f5791f81715232229b96c
109,17,16cf40c38570e85418cf18bf7dea789bab62c7ddac0c494590838c85fcea55ea,967487c7e3618f1773a36bb748ad387b08a6edab48c0e5ae198329dd545a681b
109,18,803f53a10707cd688a71de1204884b8f0c457c47b789ff604af94160a75237c1,fe2aa4eb89f04f6d029a6d2b4639786a9b539b8348bafe5d9cd4428a4836c0a3
109,19,32f0768b4391a61ebb55945e139632c59734722d1baa8ff3a5d5211d5572e63f,0937bd6b26e769c813d65a0ccd24c6d214bda4d1e456525b68214b1ac9f726d3
109,20,2ad6cfbadbaa98c9f3d1262403a328a2735c6165eb80800d4c9f6ff43b4edad6,2975aedc1fe7c0971bbf635903acd7fe9a16e996497679d971ff5a411edf7085
109,21,74eb64dbf5f1a44e5e93c5234aff42e1dccd7efcc0efaea2e119ec066f721bd2,35880c2b2ac54c5ce2b183ac46deb64d2c41b12dfce104168ac43c207a6b5db6
109,22,907c1263c25904e0c58cf92a5e648d7ffc3930c5be76965104eaebd2f11fde23,648b11844e0f8737f8b0b6ddf6fe1e44af0e3c00323e7fa7cedd25e009ef4120
109,23,263c366bda9453506a21e070c9347946b28fdf638fe5cd99d3a90b4bba07236a,7fff9f8b1097b4d161b3e851efe07003020ac80809a8db41e5ee3dee3d810679
109,24,f711c47fe64133a3173d0e6f32e45298b96e7e701e331250bd4d96c2c659cd1e,c6388a0a963fa203fa8c8e872802fa2c8c759d59fc8bdcff3631a52f55a333b1
109,25,9ba52a06d88cf9e494a2b2a112ff78474b18270f4e4c979d57c3d53f1b016206,dbd634765bfd8a72152ed3dce4c010c47860c33e628e2e507688e44c751daa70
109,26,a382d21a3c8184e911520a674c40db6aa8512f984785870b7b0a515c4734c4a0,a375d0cbc76b062fb5b278f960ad0363093a965ac2156091aa1f2ec72890258a
109,27,841f92fcc74586cd1506ffa660dc8f3586feacce687ec3875829e296fa02291a,8fc878bae805455ddc0d2b9bfb2f83b87d0da0a16c283782ef84bddb0e740bda
109,28,ce420df52dd2bd4a8af5a514afa867facaabe98c1998af862128bb040897bfad,8438e6917c5feb5d7827bb1676435456bcff29b480a85a86d36092e343db7d71
109,29,b62105b5f5b2af8f343e099d90c262c764bbf654a3752aef20545f0c98bd38a4,b787f6c42b8e04d577b5b16b759ce9ea8d59485bac280e2b3516e8f3e072ac54
109,30,343e41157c209169b3e00508420d4aac659db357bb1cfb584b3268f4f9be77e9,a2ae06fc4ccb7dc8f069618a171a1a7903700bb4eb5617733e0d15aa63324959
109,31,77ddac93429c4913341c99e23183dc929265b0ad4eeede87bbe023f677640b91,16df9435d34d49c8f512b8f6f88fb27938d15c6dddbcc6e64ee8582ce764744f
200,0,41316c1480acc9e1fc6093d93293860ab48e0e510f2c8458232371490ea36e07,83f53b7c04a81684ae4c297b84c079be471f0877c34049fe5b5901287ef75b8f
200,1,4448ec1f86900fb2ab2cce8d48da0ab14d84d54c10dbec29b2e8c0c130961cdf,27af9fc1814b92509607b5d4b10518b104735cd2e9cc248f91cc5077a6cbec5e
200,2,cf61794153169b90cbdb2576484163e8a996ab17ea84e26c6a2158bd381ba1a6,0230148513070f30d549e1b9c69e256ae64b250e11d51baf2ab9ce1fec417004
200,3,33fd6b337f7caff5fdbffd950f6934cbd3e5320d4737b6fdbdb93145d48a5f6a,9a9e40f81121d30be30290ce0928e4778b47d219f27e4bc3bc675c3bd15039f4
200,4,f68e90c1fa881653c73c8a2feb000159ca4ecdf29e40c4283e066e98823f978d,1004372e93c64ab4f6e6e75f04fd9307a7950df8f399fce19bdd1152ce70a02b
200,5,690d747a977c5bd226188b6f10b2c04541c0a7179dfd54b425c28e2f93146a41,6fb1b955152f0f8efb7250e183b5a81aaabca65ce04a4d4c0e78a77921fa9e65
200,6,947cac7c28a9f4eb8ce306dbebc84bf184198569c438d613eb7f0d20a7b7f8c0,2d2f38003a1f76005ea385c7649e018f8a7a5d8ffa111e63aa20320e4899c82b
200,7,0c1633d4ce8f0feaf0d7be36c7ef6d6e1b904e02280ba83645c11613fe7544c8,bd5d01ea0f7a29d36d52ef1ef4cdd914fb48149557b80dbdb70bee685bd96b41
200,8,5afda104b197a3bde2574770db59909a371b44cd89e10903ce4a88c806bd33d8,88da1a85efb8555ffc0e9e23c3e55d2f00a52b0924ceb67d61542e932facfd45
200,9,22aa8e7111892714608780199f5fc60bb0408eb47f44a357a118588a937fe34e,8e8fb20cb716caca574b58e3fe52c4d8c864c3ea16bc230f78e72653d91c42af
200,10,ca9b66319f34996801584114f037508ddc107b635df7207a1fd295d356fa1be0,cc9174b38453dca42dc4d2c78c2c2a6df44fca33b79f27c1df9a8a4b5f99a810
200,11,d0103d1cff42e7202694badcd53ae44494344e3b1021a0aaf5991800ca1d5732,318c0787859afaec6cb77bcbd512de4407b6c94a9e4070f5dfc5066c91641238
200,12,822d04b5b237346395535437d204819c9f2c2a7300ec80597de5584d49b29f2d,bdcdd7cdfa6299ca7fbfa27ae63b763d9c568adca957090c5107169adaaa14eb
200,13,3042a6dd9e7b35f7636ba539254ea5eb796c981d0054769f3e47851e4eba8571,23133ce1d3f59427a34f37af53249c127a8772d1b36a34e8ec7382b52811550a
200,14,cc8fa09c813c99e0d38719de8c452c1dc1f39cf13dabd40832073af4aaa1cea1,ff31443dd518305c530affac4ab888defb37d7a4a45a9b8bc372dd262b909eca
200,15,faafe3c1ce7d740f070c401aa02e053e6010e1003ed1d2992c6916399dc37039,7aa81d52fe20cd68ea3f7a3208444c5a89745aec3b26ec39fa9ebd830f596eae
200,16,83d1afe8bdf3807599871447e8bc6bc92f144d81347f3832f6130a85db895311,4e3a91a51641ca8c44a5ee282d6da37d69ac59c767e7b3c69f73a39efce329ab
200,17,710ecee6489f0e9c3c01813c339ce0ac009c0ea800719fbb97463c3211eefff4,9d6b2c99f713d8c07039f1c618f5e34cf6bee9c3df52c986140659942b4a5a3f
200,18,28c07ed4cf3ed28b0432ebf6fc7d6e0e00d3605a744e3c9a1daf54013397cc2f,2991abf84aa9a19202ec690fcf83c3322ea4c3e66b971c2a9538bc271f926c34
200,19,96a6b22b748c574b63477bc8cee5683e7c4d9471d3394a3d3f77be5a4bb7026f,4de2910b7abd826b453ad11aebd57f8af1bebd16cce40858d9c3572c2be40be9
200,20,6fd9fa3c59c51455b260fdcd600e7baa20cc98b8aa221d4de5a978ef559365b4,13813c0c068dce033834a83c2cd00bfb256e19e97d2817d2f9c82c2c3a72d897
200,21,25830171f48a65eeb536052cd3361dcd4873636f5fed097bf9c0d870c4917838,3d4f80ea4b66f6c4ee8e33914c5003f2fe532428ad300b28be5290a2dfcd65d4
200,22,5d78e9a74784e2e6c1d5b7c4931a06f51b15a8f89ff6301685948df5b032a23d,29185db1c6226982f6c075f9d48ac88bd26e9761d53aadaff0c44249a8c661fc
200,23,f5cd708a080a2594f7b0d03d599c0f8a9fc9f770501a56d21ff9b74c1891c1fb,9ba8491b29011d07d576b97e6a8c150a21177cf8f08dc3fb8232feb263a7f14b
200,24,5ea80f4539e7257d6c54de6cf45a21e1f6aa696b1639c4918a7495b04a28f322,dc3df384987c420fd7a9b1f26f2662f466de9efeb00ad7646fec96348cf35293
200,25,dc124d83a6c24a88d04d55da80c11f9f940d68cc878f2b7d6a7e01b54fea7bb3,0990055d0835b028453d0c30fe67a126fb39b96bf0c7fdfd487b6c4504acbb26
200,26,68452b80cfa4cd8789ee2a3cbc1f6d3dd4aa007c0be4074241f726a7469a9907,e1a82e8a74b5b78e43e7aff4b80e8e855c817e8f97ccd7924534352aa8026ef9
200,27,7430de19d13b0634ed75862c7a8e71aacac54809a3f5dcd785ae305c562a47e9,4d936f0288cbccf8ecdbd9bda5546499f50e6432b556bd3f3af569b8faf60491
200,28,3257bb11c2c2da4283e4b93988edac2255b303a0280ffa966293b3f2dd163093,650a0135cb3d4408d2f4ed8d5f6224f3e5d4e83cb1f0c77ff1901822a41ebec2
200,29,0efc9bf90bc53dae1bd881de4494f5688021f7b40c0761961316b03b3f374929,f15b91c653205acc4edbab76b0fe5c4f3facb840bba63eb4c1c450853936b67a
200,30,fec01457269952c3983c50a22028d6f5bb70e02e89fe2a28d2745c8154b002d1,59738614a57398609e128bc10bee27b42fb11b5133004d78e0fa9ca24b5b1d54
200,31,1a4bc78367eb653a980037caa1eefc45f2bfee139257bb5303ab64c3407d0e16,53a8ba0b6d8703a11810264bf1cf4ef7729d34879e63313eb1456f5d3bcbf55c
201,0,80783e66bcf1f154fed1f67fbe4957fbb4ff42d250aaa41405405f09f6b12812,78956172972c2c9831cafcbcd1c9bd512eaeb0131d9751a341af4ae592cedc45
201,1,3c1c2cf6d7b3b266ba7f130cd8e42519016c5e8939e70ad899960a9836b0d6d6,4f17a3354139ea1a0034d8546a60c387e1aa54e300f943cb03026b4b341fc5dc
201,2,f073b6bc57120a4f987d170dd5965e765c326767668748103e189e24dab8be78,40bfdd6a8ca395cb2eb3bd526a0a83f2ae49658dbd24ec4fae3e3691d8514ff9
201,3,74fb03a5bc170772dabeceac6f4ae4eeacfc02d6f6291a479dcbc83d2adbecde,5775a9b3fba304610d2bd4875565f32345ca9b972fd02c48f791dab7fcdd17fa
201,4,2d578bb6066191bc2687f616c40535612b1a867b6cef6eff5d1b88f10bf5c37a,d2cbff6ce9ffc0a42ba799a588f772d51994e80eae2573cfd20c259e2c2bd903
201,5,55188bf4a6c7c0c1396f417f2ce9a29afa746194f088468ee8649b5fcb6c4f8b,25ddad72bdd76f36959e0bab42afa8c2610049a8b0ac8e3e27315e9e8115bd53
201,6,e1fb67e3a89ed007c52770c6f0e3dce1077609a9adf8331f56b82196d534f93e,f97474d0fe662b5c46e92807fb751df7392c5b0e964fe1d9c20c49edf57e9d10
201,7,7436e2bf7eb575ef4641e2ccd62d3306503b60227573d0c735e694b9bedb376b,2a9d2d2ea1756f86a5665a6cd325a747acaa72e6571f47112154e01b7e327431
201,8,22b9264e2cfa2695c13796d846e9c4db0a3a04779dce16239295dd466259cfc1,1e2c0758189449e58108d5de3c761b03e87f50691131f74678c54e9e20b7b58f
201,9,3b5c6dc2bb3fc004d230ee4e75c1944dff89a8b1d571f9f2f1c2fbc15a33641f,1feae9bbbda9d6b086252b34de5bd5fad5eb923b35a24b9123dc51b8e4759ebb
201,10,e01dc2b6fd49068f8ab577a34f15c4e3c89328d46944336a20371a6a23210593,1f7e038fbfef6b7e2fdb4a3c6b01fa4cbffcb0006bd5fb3239fe03803babe284
201,11,9553a8598c37000eb89472dd4339ceea0c30d59d817f951a6d28faa708c8ba93,93864c1ce49216f1344752a04435f423dd14109f957745f796b76a2bc9122b68
201,12,82a16ab718e5e0a0682ef567e54f4b9dd04f983f2d015205c27ff9d6cfcd08fe,0f9a80e04ed1cd224e5a0fad971a57f89a63e73e429b768f02b23d88e2542671
201,13,7bf4ec47779b1957b97bee27550dfcab9d0c1621b12be532a1d7c7256fde527b,16826eaac72bcbb02758338d6aeaa6d13eea5d074708a65b7fc4b17824c3460d
201,14,d5aef7fd0d30f1bb11672e23a3f794e2b6c93918b0c9db2684e17379b8b3ca40,d16eb7dee88e80c45c3508f8654ccf6686b3582039a10380aa40c27fe7ffa239
201,15,42c3eb6fa762396bb74b4c4091b3311f76082d1273383050cff748ac44fc84bf,0792cdaf3bda1a4376e2fb6b93f5fe038ffdeeabd3cd2c84fb571cacd7359c21
201,16,018c0c96aeaec209737ff238d90644c46d16ea405ea47e2e5046fc800f1e205f,d95c2e22f036452c2d9e15a310a6ca55052c187f5e701f775e23925201426d7c
201,17,d2c73b7fc11f845fa0c6fc7d7cbbac821818bbbce30552d80e3ba3387f8be64b,ee8de2994445c7e727451dbc922a844f9afd3417a272a8f31f729596b8525e9e
201,18,c2cb19b2e7a549d7c16b22373d87c82f7ff3afbc67f6c4f4299a10461e58f8f6,17948cfaee0822165b7bdbd0f253b150704cc10ac66643866d225991f2b2e0b4
201,19,e371caeba0c607d8013f63cca8e6b52b0f4555809bc5840c3f6ddc47f55d1d9e,7f758388742955210c964673e598d914072a6f37a2efd8231dd67ce4e41a182a
201,20,d948f50f685b6d3b957c9247f2d2bc03cd3a36123799d87595e722474bb738b1,795cf444ccab528e29c60be9b02d9af691b7c0ea89120dedaf64779bdd2a7b13
201,21,8a8a5296e53ca9356716206cde49fe958cd6067faf0df934bd93879bdab7873c,423d4de58670090b051e2a500fc3fc67977fef61da475e91458af0afd1f47f43
201,22,ec9479b347a8d30538b34a5a5a33e90551260d35d435e408d00a2169f72ae069,fe6bce07aaaa416e0c3478cbdea72ee19a34ad0ecc2fff9985f5089a6199af58
201,23,4ee288700b1ba8db3d33df3a44775f754d7fa0e068e4e9ba08fcf778ef41fa93,bfcfd909f848f4304096290d5ca93d30f65e17eaaec31c150510272b9cb84533
201,24,f302fa1bbfc9bcf1cdc52f3b702cdf368dd2d0fa211facfc3b67e9cd7e1f648a,0ce9f4e7bc992453aa8d83c645af342639e77237b54112610f8ecad4afcd00b0
201,25,bb672d99fba8f6296562afb564e11d5b179d0115ebfae0548aa842acc787530b,31c5e4ca0b66680bd451f1b7d4eb5e21c3df6a0015b9acb7853594d4759cc6d7
201,26,4c66dcb7859cc49c82e7be2484f3afabea8e75cf1d3fd89b27417e778ca9db62,189dbd6ffd2df7096cacfa690002f73b701b7c5b3a27cfd41db2f55c8421a741
201,27,2bb5ca76df055a13aae1f42657d3465ae8bb18c4edab1513f97352fa568ee4f5,75c5407371144481694515a1948ceb05160c7822789f15d6992987c81db4f3ae
201,28,0349f3ad54343c6966fa9c2591ec1fc968421ed94663c034847ffa5233c3099b,590b4f2d5b8d87796582d7e36b5f2e47bfea07e4bc41a2ebbcf4b6b5ad34e416
201,29,504f3b85ac906ca6ee8305a7840826b440193940757ed94bdd9a572b189b04e5,54e597a4f7ae5668dc77501e6adc92594e0bb09bccddf40335cfe3a93fb2c065
201,30,583c7326a0b1eb1769fa24a99e73743a46844a8a5cb9f6a4007c6926a69722f1,f36cc83e76530f826a3a0e4d9b1fadd749604a0d5da5af1bcb8d8ba1bdb52108
201,31,5d07ee839e3960220be33e77b1063f2c06495541055c14c530ccea257251ffeb,a870e840c9b93987db5e0995890df6315471bc6a36de94ddf61a22e9816185de
202,0,7195923a7ad809e3af883d2aeb2c31a0021bc644dfb485a927d946e6c2cafe5e,5ad8b2e2ebc43bd866bd249f9b45112b6616bd3ca3b9fe087977515c596a66fd
202,1,9a0f222870549b12fea28720968a856cf7b2ac28f8dbb922c112e6fc9c18df33,7c4179ecec7bef74042d05933e891537c7d272c8c3341b49c631b5e4a84b7bbd
202,2,2f44862390fb45b3a4fcb910923d00ac237369daa9f02e2cb644717e5d53b31f,6f061edfa2af882a06d3eb1bb9d850f5d4ff1e8c30cb3e55225b26f0ec8abf7a
202,3,4458e4126bb8e66c29488f9352ac71ecd3e87e7bf974d3e4f863e9629c374d48,2f74a56867df4f0eb7a247e8e0ed1f3d67361bcd17f21912d4de38aaede48f11
202,4,f8c8345e71c089be22d2ec4b8c16d50272ad9e44c90066c88350f93e263f3459,8f01e788fc0696dfd01374abda75789335debe1903a4e2d15b058f5afd13a5fd
202,5,5e2e7cd61daca0e35954ce92a17d91de4c88f3bab248602fd36a1a89bbf2fe4b,8f0c55803e504977e304f27b2931ad86077f54c61e5d1e11f556c188a1c5610d
202,6,93f34e43cec4619d632b45b59b5bfb8debea69b381bbae34c49f7a7aa00fb737,88ac035722a99b5f33e83d86559aa03008ad8867c39e58cb673df37ccece43f3
202,7,3d15f782f52705c5073e971a6f5c1723babab6a55463745c0751cc0b6cc6d126,70654317dde1c99b6c95a87be80209a5caa21148d10bdbd57b3ccb1f534ee117
202,8,8f2690d8d6205fba42c975fa711b7827ad09a723240b0fd60b66acc0316606af,d26c97cd4faed7786f0922576390fcbc4fe4d4b5b9f98d13c7efe92db8792419
202,9,effbe1d61fee32b9c3657c36e118e2a32241503a6f30c39d08b6092e7f321367,a67a212b24fb4908745802554b7fc593bd59fc6b7f1e6ac9798b324693dd7120
202,10,fb7acae00cab12cf10279a00abe8b8c77e281e597de687997310b9ff9aec34d1,1552db656f46e039f13dde17bb63c748ff2ed8d81d5c8b70b2ac7055fcbe091a
202,11,03f1cb5950ac57025ce97c741797d60560f26c1479d2f1e49420b9158c57e364,55e23d592ca66c90266a27be536ad5c8a3f7bb90bdfe4bcaf71c8be465acfa3e
202,12,40c23c4330905348435aafc85e0f86cc3f710406b167de0a1270e22cb5a862bb,35a7a22ca4b62e008ccfb5b6a8cbda596556f5ccb0728c73e9a7637eb986e78e
202,13,fa66676a247b08e2b5eaf3c83df83354594fd7b99d54630af8d2f1d8af688d5d,e780703919025c96f6b9922aba95b764d7c581fa17635fb7368bb2102599e881
202,14,84380ca06c33ae45ffbcf65898bc225af8b71aeb120822dc88b58fead20b1297,af5f776a13fc6a2a7923c6ad726f23aed212ada978f36825dd11d1d7c305401f
202,15,16c74112365aabb0da90dafce1e5468ecfea191a455aa355b7910a24972057e0,20108e134a80f2f438e0d0af9abde2bac281e860c5c915d114a3d049242338af
202,16,dfc860476f6482f4ae4615397abf6fb396b412ccd2629928288b03b250f506a4,84befc359e64c55ef7506a05ac18d359c355c0856237f6e66cbd492a5bd36d97
202,17,05d9280afdbf3f883854af3ad08f9266cfe8817fffaacd91cec8ff30189fa746,1ac2da61a272c50abef59a3aaee314699da1740641e7ea6254caf6e85cbfaf8c
202,18,90f4c700462d5640673b3a442de9ee5f35071a833951046cda7749eafbefba05,143d7f08b66316d536d9c9d0817e7459e5a117f3eb7b292a6bd449e39acf5ed4
202,19,c7ce3e47ada54e7b310cb16239959ccbe03b8dc663486e6709822c4d1ab17ce0,7bfb5b7c37a6b0aeecf61c56d8d469ead2f6d0db8f833e9ba507a3aa2bf95d7b
202,20,4b42c05bc6ea4267acb233732a194aa0d109c8650b82ff2037be40326dd99864,cb209a89bc9439307c54e9ef32c09a360b2fd72e25ceb1081bfa979e1fc6dfc5
202,21,96a23d1775eea78bcbb30810c4e1fed7510c51ce4846d94ace85c03ce0a008bb,4e7a303903682f1f6fae7322e886213a87b7c7dc3f664e3126ecec3a4b7e9e56
202,22,3e03f49e1c30d105725c400d0a74bbb74031b3ea787c1cc7eb92d440d6dc79b8,6ee11613a91f0dc7bf7c67a07c81a3e9cb031f828e01fc3112e7225cc31f6629
202,23,1717a7f4cc551bff380b84a4830e3044dd08a626f815ed33806ec4c04f0ae6ea,4e4192236a01aff70cac179583b622199c81736573a483726b43011992743dd4
202,24,532aa29ce12d5c3f3a6929a4eb8484b37bbec1245b8e08bff538e31de8fb9b6d,7e16bcc3ebb1046c12cd19c4f9e27e3af7621846cc1bcffd1b34165f9fad931e
202,25,fd295d2b1b71c6deda5f318b964d19344ee065b373fd1ad3281eebfa17bc9178,db5695166f50cb6251713c749aac8de42dae993d7f0b103d432ebc2e4ca31814
202,26,ce845f7339a5d93b4a85347bce9f327be3935df6a13062fc6e8015ea7fafd3f0,9dce3cabdedb997e0ca60701999683c1df2839b1a6616b1361d1ee3f17d6643b
202,27,adeda5313c7fa2a839a38f1559c6fabf76766c6c835be155e51fffe2fe55531b,4eca051ab9a9a4f35c0c02ec8f8e4175c81ab8bfeff994ab7614ac39e73daa5e
202,28,123017636a5635b538af4ac83a0e58d57442aaee1e9783f0029d7c499a7d718a,7a3be75652d6d020f71df8ed03b04c2380e8fa38319ca2a2fdcebe4d9d2b1913
202,29,bf483428275f2229df73218a2e5f9eaceb0d57a0060fc4f172a6729e065c3fac,c9ed1567506509000eee65f212478bb167d88f2d9ae3d2052775379769751809
202,30,2e7080e96d165a5d9baa757df2e9019400face1a938f5d29ddf2ab7ad0d30738,a4c76060c7e6d263a9290bc052a8fd47e3f29c0be0108ae47912700177c353ee
202,31,783e0dfe91550418af32f3743b09b613c3dac120a28a07d835d3d6b70b0f48bb,451f7d43928bed7f7d7baa87fadb6e2206a7c653d7f769d267d97a879407f665
203,0,0a28876ea1ac20b0a022d4a7b98958170df81346282d965d91cf6acda15d537d,4706fd2cc19ec3e5f1fd3c8dace047f8c68718d1f1a4920aaeda00b41fee96dd
203,1,a8c25ebfabe25362b499b8338e3db9599b5c283091947e9f27bdeb40925722d3,e4755fa5ee94cc5b1fac8283cc50db31ac8be2cca8f9ff75292ddabd867377fa
203,2,b86f992573a022e007abdfb954d79153fdc414fa1d0793eac6a30a38f4b1e06d,c4d0c18ec4f14889ed5d3bf4a755b9da7f49f02ea23bf006694c8503d3ed9f9d
203,3,e8e2e4333a65ad2efee9a8a3d948517130e2506180cc23e065ae7a9e25c0c284,1f9af1e8320b186de3adc1e54a7fc9ec73838e556f315d390f9df50683142b87
203,4,af9c73da1cb246e1351f4ca9e8404f7334f390e642804a6d87754ea9bba539e4,ee50e0e0e8cb0ae279b04b889cec3c6f0b7f82970e5a368cb4a23ecbb4073983
203,5,10e0ec2e287940a8a82eefc6aae9f12c90f7a1f1dde1f3c5af1b4039e93a6e2b,4696671dacbb7b3c7591fd4e7fc4e48482701d67976c626e0a7c1e3e8bb761f1
203,6,0472bc59a4efdd251ac4f606c84385cfa8f3639e3676ec4065670c12557eca1d,12d113a62a974a7a7ee95f66e57945ab6b70f31710bdd0f3ef258cef840efa78
203,7,d59dec1f7bde033adae96cd16672ae07955f9c01be4893e549edbb7b8a0fc35d,bf2b63144d61988cc59ca301e3bd59d3762f3ff98fc45eff5ef1094c6d0ff30e
203,8,1984d4ced4a78837354055b88aea5fda869ca7916ca7952d132b0f37a5299da8,a87b40b7df35704beb2f1d294416e9f649c92d4c948a6f40144e98739b7cffb3
203,9,7d85ad53794c5ec232cb83a9373fe69c52905ada29cf2f6c9cb7721d45e2e79f,f6daa41bb8a4da1fd06263f4841e7a8ffb712c72698db840a03c06dec55466c7
203,10,10109ea562d4df2ba21df0372da9c03247f0334f7fc76449122c1f87b6f2e3db,4d12106ba810af20d942fc9ed4557041e1f4f16375ca53c0bcc3b7d41586ac03
203,11,ff8db6cb3e3eb49dcc1cf642ce0f0dbf9b0bac15a4840b1f45d72908b8f18c96,2e5fc84002ff4038f5ab31aac83c43c9ee684e248e7ec003a56d825aa9590b4a
203,12,9a412b5312087c7ddf27b4fd92a346aa9db3d4b20decad65a1fab0d7bdd42c23,39910cd5321f3292f602c9693ab5ee94bc29870db717e5c34a03d9f31301bf5e
203,13,d737a5f3bdcba6f5420869d7fc401f1845cf0b8c877ddad70b6d4bbf8e6215bd,9575ec46f19b467eb64eb6d6202a39120bdf160661b9eb5396836a4c8a677af9
203,14,cd7c8ffd3a2a05e61f219709cdc6e2734c27ccccb7123553d6f79a6caad1c831,6b6ee9dc27715951b520249039b64c4c35d72c6bf9a928c459666d4de2b22fd1
203,15,c473cfcbc4089bd7b2c1221062aa94fb503d11ebf9508c1fb3954db1cb630ed1,ed002d3503ab26bc4b6127098fa00438f32fa6811fa48f4ed3a867840f51c0ff
203,16,59b76ec145bd4f3dfc611c14710161f20e8f728128319d004aa3c4f2e5e4b3d8,85b71ca54848ee5fba92474fc5bcbaa97821ae5abd41eda89501ed0457254e06
203,17,1c4725ba736ae9acf29a7ffb6c09bb0257d4c4f41ee4fe8b7c66241baf3cd30b,e21e4e37d2f7c8f3ebdbb3aa4762fe2c6527a690e38f8360c020dcd30b1d1618
203,18,a4e854ce257a16bd7e8f659299c69303e418d2e4234cd941fb4b3ba240ae1a9c,0dab1a8fe0e9b558b354031329d04bd534d898cae37155cec388ec0ce9d27135
203,19,4a3231c8734ba5ab82f8b8e335955a41a9408128621c5e64d91f564266431512,5fe2e03e74e0d67b94517e8d4294298f86e77991c481db204bcd6eaa14addb4e
203,20,bac81b0490742c64989aa3fbd231a779c9013b7710fb94ec583cfe16df8edb6f,9cbf4e5931c8ecc401a112f81999d45d28dcac5b9301a288f41d35ca9b5a2583
203,21,48f60196ca061aa9921b0d1f48ed47ad7b0aeea34f222a9498171692a8378c03,0621e569ddb409044397fc914dc0014c3c51ce9d7f445e616d7ce25a61f49cd6
203,22,d56d80a513f3f70c577f2bf6989e21ead6ce456778b42b106df2efc025e3d6e9,1c005952db486799eefd4f3cedd94446831e43f8d30620cadef2665c29841d02
203,23,4a0216a139d4d0485c4fa8b2c03b192f639900c70313b165727a64567a491a1a,9cfad64bc9ab155122840f21714fac5bbde13dccd015a849422ed3e9af143f10
203,24,f15ffdef6175150cc48c65eaf6577846b6010b12b8e243b7dc9737a00152e8c5,2be140fa7eb388568966fbc2f519438127d312889eefc643a746da6d882d0a87
203,25,67f1a650047df7c08932ad4b9b8451551e6ba9dead5ec208262519d5be36ea86,0cd3c47b45765f011facca3f4715f997bed5875ad563548e4aaf0276d564ae17
203,26,f800a04dfd6d3ebe873dcb494572136d7276aa7b34df8e06189511707feb6b30,d96b8fc067066e6757d5c0ac57691c5c5439d28c0ada4007aecc4e4c5b31abe3
203,27,f29a87d409d3cf70d4f5f2043f9cd6c782a751a394a9c2e701b9c1df79e10c08,39cc167a17fc74152771dcc0d89c3cab3744129358038da7a0e457038aec0d7a
203,28,5d20c3b2e7243d3ad822b4f23ace5d43ee9a71c8cef2f094113a394567ceef7a,6f000695f0c359581e102a6597df308b87d8c3f4ca96319c3b0e0efee27e079b
203,29,fcf02a36616e5b8edf7ed222f4548404fc74ae85b497c4112375dc9e1a2472a4,785f9f9eeee6b4680b292a87b6487f5c11004c4d9fb8cdd6942fa42a8eeffad7
203,30,16026f4714a55a8f4dc6341eb85f82edff7645e5e757877f66c77ca1c9cf0f00,3057874811f442c42735e4bb0823980f455939fe5f982bc2188b482719bfc6ca
203,31,b0bd65ae1f6091f21d0e7b432303b0bdaff003eeabe22cede0a06a4a70b4b660,2152e38a9c01e661f115805635e40c432305e457f439b96c1abd7135e9d97fe7
204,0,d59d72720df2caf4f7e2610d18defc3fedff685fd284f75773bce2dd6ae7654d,733d8eb0538846331f673f3766b25674400c401601613a85dd2adb2bfcca52c7
204,1,e0f172a97e406f57cdb527f9d9bc7b672f036f18831984ff5cb92f7cca223af2,989323fb017798917ffa68312e1947d8755b6f21eca0fc7bc47198ef0e196ae6
204,2,74c9ac9cb213cafffb47344791ba211bfbd68a0be4a11fa4ca57baa0f0a32e12,2ce43987cbd97f2d98c4325238c9c730d2fdc27d7552874a3fb8b025b851a6a1
204,3,6d703b1e2c34657978d9772e43e74d19bdca1c128abf0aa96429c64386664be1,3862882a3d1a508891cc941027c567874807e496543c5f769eeb876d49dd9bfd
204,4,0eddebe1105534c154d4a2c13c02b7accd9a10daa793c11a4805bdbe0dd414dd,0375179b5666b3a0f9f1942a7a19594dac9bdafd12449d2687fc56664ea15cd8
204,5,893a729525e08a08608edc608cd5d0d94345f0b56fae0c0f6258dbb9370d363a,99a092fec1f5fd89ff9241df436ade4ad8220ce3674491e0e925740b9613ae3b
204,6,b264f9a997c4ce75aca0a35c0ebb9d95353ed2e47eb61ebd2977509855927807,ec61eb5a4a92654a4bc1faf46a30b4b2784c4497f115cc03ec103fe74b0d0f87
204,7,b31116116a8496f2cab9c7c3af0fbe987f2703370fd9a86576fea90a8dcc7d5c,e18bc52ea63dae28d2d068a750dd8316aeb5cf25b1473093102491daa676ff61
204,8,15631095aec168f27feee2e9150302ca13a87681694918e568f227619248d2b4,c5e14d538bf64b114bab8285ea2a99c3f6724f439841d9922eb881a3f041f37b
204,9,c8f1d43bb346719dfc8ad54a533d03a1d4b4c8546de5f58654ea53b0ea8f77e3,2565ceaf4907dd38528f30fa905f0d7ac4736870ff6bad53a210c2cf24b329bb
204,10,266c30d0a0624bf57737c3e90c5c0ce77cfc967a7c80945c26222bcc3ec7f570,edfab7f6ce2187568022d044efac076a9d09ee364b11d26078a6e75632b96419
204,11,73a6f7e0b7ba2dcff1ce062a2d4f008c3f590f26a8cc0226eca0ee6e2486b520,1e29fd3972817fb635856c1fa782f3cbd440ff0d9d27978c6fb8929cc66ed6ac
204,12,9bc79fa403970f4a25a299cf4ef76c9550df22cc2594da49ea30dfc70f4a81f0,397baaa3f26a495f583b0b1b13821de74418dc1542b69aeae86ee878ad292d9f
204,13,61f2459c2bcd2075827b1bd01ecec6c3a4b334ed1b3829367a433ffe031c1ca1,2012d559f323d297cf936cc70c7ea3cf24b6f3fa5595123de41b3abbf65f7848
204,14,d900c936e4c590a9e6374f1b5426b81772ee81305d02602a23770d21a48a91c9,3b1b2ee3ad92f3025eabdebc32f4e38978d054eb69b3bdc2b40f6c046a4234d6
204,15,bfe000d996e4c4570ca86e2351266df059ae839c7b232757a1cc1f95d7663ca7,969892428c7e65c24923cc4df0c38dfaa95e41cf368a7c7714fc65673705dd3d
204,16,1bb8c3c96db942f9dbf8e863e0fb4c6ffd15c2c21d49f423c639e11dd445b2ff,61cd940c0ae6bfd8ee3a12b347a45bc33e32cb9a9ad310e8f0c2c4dd97578506
204,17,239d3dcddeee96b9d7c1f163ba60afd506e3d94e4ebeeeaa8accbb89300c3cca,f7a6a4b32d9b3edd0f03ff5b7af176a4c73fb9372fb9f9de68e3213fd9add102
204,18,783be89497baae65437108f6e9fb0ca6baef7671640251ee57686b027df235a6,e0600e4de843cb90b4d90cbd5ab462447b5efc9dee17f565f48666529ea13bca
204,19,b7befc371be3909927361ef95a0a775303f77500c355754da6cd7511218d2899,4e1d3c2af34006c9a49ae3553bcde24d60f68e442e4b62717d3fba56aca8f0e4
204,20,ac16554c20b6211372a210ca00c8ca6243391f81ee93217d0a31b9f89fb3a1dc,f9bbdfe4cd583a673f8609585738d84d37e71ce4289e5999a31a8fc5a2d035e7
204,21,a8718e99ccb13e8c0385176bc2dbbc1586f5d51e5e222164521b12197704bf91,d4ce464f3173283ad9de91ea51c7cba6974fa19805ba864c1e2afb8b0368602d
204,22,4869d55cd0d505e1fc9467da4d845859d22e247c163c2e7246eef3158058efde,3627137128c23fa2dd0b82fda1c5625768ac56920559645e06481751ac8e55cd
204,23,b7c9292d7efce1e215a0d1d7286a870a0c3872626c70d326010090ba29840ecd,9bf8570501efa8d313ac6911a7f7b68c4773e1f60c636f00bc2b4d99df9f9951
204,24,490a0f37d41f641554cd8a735766025b37b39c8794ef31caeb0237eba1ad7d6d,52552af3bd75fb875cc352428be23adb3c0d6e41500dad8a3d9e6f425ef8a7f4
204,25,d9cfef2001b0c5319b021ef18e4a5aa9f99b8870e4065ba42dac4e5b34f12248,fcf933078f12d23be74c9b39768b94e8e72713c5d8266922a4fa658fecffa744
204,26,e2bada376edee7c0d83b4fbc517d4aaf767efa4d9bfe4ba52803c6a193c056b3,94c0df5427873458c951eef13f2b57bd03f40ff91fd5f9b7e4f6a76897f40672
204,27,6326e5a3e4a3b5db93b1fe0156cf7cd09b5bdd235231b4a576f03b6d26029615,f512eb9997e8a1fa8b90ae1c75b661657bd8e529fe477eb64f1d6173b514abe3
204,28,648db1a27357aa6ce4f728d07e87447508a98c869f5af34fbc28de548e3a742f,055a6b7bf38e45ade3397c93458abac268d46f6aa94ac71d1fbb954f06e9e277
204,29,be984338fbfe5027829c09cec970615d7d692c5e125b927d207ef0d4fd2a9f80,c4717f383f629eb83f44637deddf95fd6c2fed37fb65d77dec7d859e3dcd8bd6
204,30,c367d6103259e4d1ae29b5d31e0cdba177dd8a7c86555cba67a50cde5e9d8c43,0b7747906ad9ce867039eeb287f3255c34cbd6dc8079644fe079ef8e5856df29
204,31,6805a424717f2b1a3107a24fc70fa29b105e6c3b5109720ba8a12ebb4b90d786,24b0909aa2f049b98a991dd3af1780efe7a870c193eee0fc0c579a604ec2f6ba
300,0,2d2f2db60394dcd80f415367f1ced6bc43ec3f3cadb8ea9a809392e8738469c9,8fd7065f32ad2a8b754390aa9c8758c5b100b62a61fe0002af0509769ceb1103
300,1,305574741d4df96750f17657986cad2014935c079b766f379981f4f970f25131,b97c883d7762d9cfa8b20abe82953579e74e909bbfb1eebe9ee05e07ee3f3c17
300,2,bd2730fd14f0552960a7bbfa6949d05ee9583c18cdb0e51bd3a2e5a37c4a1662,43a8f0a40e338c58a9f53419160f51df59c9cf1c04bfb2cb91daadfd1a8b10dc
300,3,cd2ccf558632804bec24f95b339351fd6311e9baa2d0cc830162fc46e75cebc9,7a2e6c06b1af4b6b3252c4877e7f98251e98a16a920ae726a9c1904187170113
300,4,4d42da351ef17a57875155827b5bbf0677c4e78c25aec238413c8f49c95a298c,d900c3fc76f909ddb1e94f2ae10e4242d1b7c3c94d25017fceb8247b5b3419d7
300,5,5f7c388c5e5f9b3bbb756194f18ed1fc490fb90e9bf602f6f56d157328c1e8ca,857770bd02f2caebb5ce842698ad05652f54ebaf6ea81e8faa504bebcd4d7ae7
300,6,2fb545c5246a9495c8343fed66313d83759aeb2e6d335095dfabba1d88329ec5,431580bb2e6c71b662641c205efb2c86b8215c8e59813d349289e2ac4d39e106
300,7,e6b3cd3867f6a75eecfdddfc0853276133cd81f5c565e89ea40ffc4bdedbf763,f826254b1258ee96c3cef2836d6b5e5ffaa74ea493758c067c8bcd47c785464d
300,8,21c7a8f12d58dbdba8daf9fa7ce6c1134dfc503c927cafd9f735f76ac2c673a9,9af553261b485ab5bff999275b38f723bb11af74304de7f6e0b6550af195c506
300,9,d3f8c86ab23f3fb8344649b51f20dec77118716be80ccc3543bacc905d123d68,74594e910ed744fc609a5c379341e8a57ce51b5aabd0f8fc51b5c532a48ad497
300,10,c8f8141762c11904f3ce5a1fe99b9ad86f8c543d69e47a205bc07bde6c1e46b7,65bdbca4d864127f5e0d5679236ed0c53a77de1b38eeaeb799d01529f217ae82
300,11,10b25bd6c6e0140b8f62e8dcd0146fe23b447e6eea3d52e297c48a1981b42147,3c48c6104f0123290a2ba233863dd73584454312e0b877a89e53cbd99ab6e98c
300,12,5a1c9f9c50775fd6840f6958c7d3f01541a7ba94ebf5c90602cca13d4e37d730,4d482b6c441b913eb5217d5c4fa90fe71ce4471dd99616e9b8ec6225f1fe246e
300,13,56eda02b7ae9c93c7ea4bd3e9b4f7cff4177e5d2635cbf00e7130a8c1e24d5a1,aa557deb7b1a73786b92e317bccb6b44d41c829741255a4bcf640cc62c56c436
300,14,efa83b4ab7157138dd59599a2ea27f6392bf60cb25aa37031c9e58f3132db8f1,afef8da5c48f27adadfb26d4a9cf1f7c7e09cc56bf9a2ad19e2cda26d273a84e
300,15,a25f82623064fa42e360121cfc6cb7baccf8258601a9ef1dd3a8822c4292c089,29b32abf0020d3775425c13728546c1e2c9306f21bdc3ce718d7a395f5273858
300,16,2f264f73bc5234e90538f0b75ac77b79de50fde701ffc960d910af51b21992b7,6b2ee2c55c1b58dbeb864267f0a1743d37598f49fa78c3531af4002ff9a39d3c
300,17,6b7c569989bb37479081a0cacf940550cc866c19ac8f2a52be8a6171863b099a,bdd5f622ee75e7d574d6acfb46bde8575f12fe938d5e85c19ce01fa27c90f38f
300,18,cc4dd29b94688b0bbe3fdc5fbf413ca914fcbba8010a77667856019879d624ae,3bdcc8a9af45237dc28421835d857e6e2b7ac26306ea3ff8ce0389e0ba69046e
300,19,509dd92f8a80fc942e4deb9690678c577ee1a998b84edd126b67eadd0dfd49a2,f1c9179908c66f1a28a13f1a81f6c82a70aee7693d245133855e4f62e03840b6
300,20,52d6e65a82822346665d0e633f1cb1e7239405b21d88f52fc401c45faa3e3f52,217ea83134b26fb2af12eec190f385082c07f6dc57e520c97968c0c883a92b6e
300,21,3bba7b88db33660b2a7d70c53f5c4523fe046cfd6a3b974ea24ee3f3d2a8866d,9689834f38989edb398d283d93ae6c36d155d6dd817e1f50aa87723601db5224
300,22,41e322d56da7ddc00bcbb548a3e039891acf9e7c6ca4511cbb4befbea31b9c4e,3566abde80a65f39c4e0661499572385801c8f5049260b32463f0fc73ab795b0
300,23,5cbc24b542c1dd284c42118b1eb65ac85be6a20c0911edfce458c3f0040cc1ac,77ea18ab563ca3eb5e6ffc3ebb6052023571457a27345ae281eee439c9dcf05b
300,24,9d84e0ecb49d61abd40f1563c62ff915b37988f92df39ea3449bf0d8efe68ea5,26d3a66b30ca3fda392301b483c9a87d8471010459e1cb8ee0d7dd9c3567c6bb
300,25,89671961c7663cc3fe6e94d01f6bba5d80e07f2d3c0af1db4b1235c8e8da8b5a,7da417593af22793ad246ff41363858cc21e185e3bbcfc2738e7a5078090f334
300,26,8bcf75d43cb397892775f9f22099dee6058227626fe47640040431eb199bcb59,d103068ca0b2c160758db828331d11b8b7da119f6f0cff52d29f8958a771b0f4
300,27,561ce236b5ac1e130f3b44ce734b4980d138739f46fe0aa82a26337e4eaeab94,f5df4260113e248cd5169b76bb61dd7f53a7d0ed2320044b78f8a7a483cec15d
300,28,4c9854338cb93ce9f086ed762231095d821a2f388620e303e717a925fd0d355f,66d91deebab6b6e860951ec9269fa8825928e51d87c9368fb06cce510ee77cba
300,29,dd8988791ea10126692f1516aca00e923cc2511d5b111dcfb9f545fcacf1f8b9,885d525de2d58d4778f783113ca60e85091ed1263fa46eecac203f720cb90300
300,30,4e44bc1e24e71bba2c9ee6e177574fc5aa5272086088e09925007d43a427221f,c92a3e031d569d613413e468ec4e690ac066da906585b97f6487f726a8504527
300,31,47af775f0801065b62e2e88c4b90fb3148c24ab8d00f2adbd2ce7bfc863d43e1,de5f36c102a0ecf98ceb4123c350d2e1acdc3fecbd2e3424ecedbbcc56682090
301,0,71445eb28ca9a3cff4270760e7e77ce6d417a42f97e63cc0bcd637e7f7316449,3741b2a680ccab6de0c44374a2bd1ce0e9b88f1dc61faaf44952d04b2f282059
301,1,a73fd8131fec3a23c207e3d7df424f31f8132295a326f43234b02df5da02b0bc,4ec48b8641b651d62cc6c7847129e8428cbd4412f9554b57cbd84f99bba785eb
301,2,f22efa168e61dde33e10f9c6c2786764f39633658014b552c13832e082ce33da,365b5bc572d063717c45e04f75dff9b82048f6e1f94101fa5e8f047836ad411a
301,3,866bab0238255f880c87aaacc1e3db7b9017348991da53855006dcdbbc31a76c,b7100b1c5e85116ce7cf49d917d578f625e42b003afd217596fe97c09deafe4a
301,4,9ef0803459cefdb4097f6fb2e65b87e65591195e24cd238bbd27a30b34b9800a,603bedb850df180dcdd40ce0f2821eddfc2030be05bfbfaea8e5347081f4ee09
301,5,61ff63930c0676760286f64dd4bce7c2e02101daf2be8f48083b4cd80aa150ad,86afa0f469fc496e305a6400d19a70222897cb2730a288f5838733e89d83f0da
301,6,0a2576b37589e8fa3b4354a353011efe5c239abbe0961fa37f9324c0ba0f4f13,38e0ad9b053608378a49e9ef18c411e5deb7edaff5754d514255d49a133c11bb
301,7,bc825aef4ec5ad2a399cd628fcd5131bbc8567e245ab170103ac217da1a781f3,5665f9e666d9d4940d28dbd29ce83978e9131892cecbda9ff94e218acace8d72
301,8,9a9d8fb17f1df920c9ff9a485918dbf37997cc671d5d059a7eff3369458878aa,70e4afdf8dd6c525fb61995906e618ee73ac0e0ad9c4c57ebaf5014b996c5e86
301,9,db454c3b0428a04204cc6ec40558e8109589dfafe5602527dc99ee15adde21d2,ec67e46ee7bdb9c61e7e6a945302d35e8e428885bfcb9036c90bdda6efecdb36
301,10,8eb13cba24598dbccede932f6c3322baef8ddf081849610af3b0c2c422f3702a,c18739d05f7b70d36036a2cc17dcf95d4d42f574055c9b25b77253a555abc5ae
301,11,b0639071c99c0046fb6d5565631b2f51eb0c70e91261a9136267d11589aef974,9a45a55a120e3743280e55b965e8d1d07851c3538ac28f7e2181e1ca433bea62
301,12,324fa112df0fd9d507eb8b36a01519b494ff9a93e5e20b5f131773156c616f0d,b130fab74acbd5a32ff266080de98a08f03ba50231f366b8c8943cf0991dbc1c
301,13,2ac081e03e8eda1e8e078dda4102b13e556d69fe7ee18e38a4c497535ae5315b,f3f6d6f8d96a2e6d041862205f4e46b8e8fcefeeb4ab5af41af5fd8cff0385c7
301,14,31d3a31d5e10001b348f499c6072d89f27c7e6025a85de31fed3cf2c712af6f2,cbc65519094e795d9e9018526be91a479c66424187e7bcaa554545441503a078
301,15,f2efd0f4b6e183c523a65b03c7ff0509476925acd199ab4c34eb1871ccc7fd18,55bcab452f245e3931450c040cbe5c9e5e9162be79a98b35ea7b792b4e8905aa
301,16,ee5bbe6edecee18798d4c710ed8dee44623d0ea942d2eb8260aaf905390131d5,80e20f2138ecdf9785244e19dc252e393260bb0525b02ac4e5bff4b615de5650
301,17,a799bb9e2968e11c9f3d85f281745abd4eb13e5fc09cfe9d9aff9e1e98111d76,19608e70f863a9280cbf34f302ad7aecce6083e2a929052e4c8bbe8cbea03222
301,18,c4c26582166eb208ef03cd46926a3c9883a4f85a0f225a8c16d9444186addebe,8d73b27fcacff890bccee6902563d6bc62441a1b1ac16f28c03da58c6f88e3b6
301,19,e77b16f957bae728dbc682b6fb2837bbdb2a49d7bb91c36bca14d2209980aa0f,a24a025c615660d50b15d1fdca739eef34e23fe8331303bd893e6867e912d244
301,20,e707c566d0e9425bf19ca317c14bac85960abd3c769e98b8af1a46ac814b081a,adce8e52becfedd03c5563c28d8a345e6b5b88e5c1590787ec215f084f207637
301,21,f956d5119e5ebfe46ddb24be8b18f89dda0cf5035d2487b865782d7e4ab67c52,7faba84c9f079e81977641524f998291380f4d7ca95071a44e5f69c49d415d21
301,22,10a5ef576c51bb03fed70b0ebd2b9a86b4095c9ca9e698881ee2fab82c525732,cabd173547d511acb54a015de1e26641032193b368c8f04305d921a3ac9caed3
301,23,2621895155baf64506be0954ec7b6b8b72160917c5b349865bbbff7e922f8c00,ec8b0cca5824f8c1d419bf619a46f76152e13f8963b4cef3381fad45a5e44b9f
301,24,1a9003ad0fda29bb31f6be2d8115c1903b54f52db5f351876d30818f76bad9b3,508b60d161e48c6c981ce83408630c755bdebb5db0b7be7d7cfe1b3767f67601
301,25,21c93bfd9693d458bd7ab7d3fd32e2a1b4d89252e8044aad083fd24279655779,4e62c23ae904c4b805cc445f00f677a7b4809acca12954028fdfcae5401b9376
301,26,b4b2512a7f881f4b2652888050a6889e6cab399318f855cab7ed4881f558bc9b,a131025f383d0fa2cfbadd67614f8cc0bc988bf05615be2685fd5450ebc89a6b
301,27,89b2b47e0f261e0a4bc51577e63414ac96402a60de46c54171deb369d9500ae2,5547d1231ae59c41c8731072768eed2cf4020d9b81d62d32df588e3b15cab9bc
301,28,a0401bf89565095cc546a1027f805f47c8c8ce337361a28c574cc4f6b7d76b99,2a267a2650577cdd5e2345001bc29389e8772db43b6c0b5783f3484ada7ec2ac
301,29,3483d592aec4ad20677d0c6871413fa3ab73b77202978b296ec8e20ae40afcbd,2e4450de36929a3b720ccbf1705b0ad56e7eaf54ccc18854ac6dc7de136596fb
301,30,2d69f11fe5ceec4ab9717eb56c2daf933ab9f9679675c9dded451550514edef4,8e74b1181d7b268f0d150358c243927b9f975f0cf9a8de1722d80ee702d2939d
301,31,237bb91d2c2dba98aefdb7782c52648c3f00dc23f0a1080758c8153edd8b33cd,8bd410bf4485a4a08b84999ac8d2d526489593daf7db63403663528b7f1f4314
302,0,e1abc068d682f650e0966f300347c33d67151f4aa641ba8faeb25cfa77fd42ce,a9b3840c85726135a98641ce29fc56dfb7ee356ac13cfc50fe92895580b045cf
302,1,882447dd1e950d66d3280b640aa7608386cee68e05376aeadd0600c8063f2c8c,9546896c0b4789b19bf826d1c0f3c214bfde962f085c1cf994e94f46fbe3ec5d
302,2,d278be2e1d13054f76d2781bed8c8809fcd064ab0b364c240e53a8873d5f25d5,125308ce96b70aeebc556bb43f0bf07b7a7e9fd3ab3298be02ff3e1ca3e64062
302,3,bea28d757262ddd04da0c7ed64e984dc2b8358598ebbf8393edd1336cf1396f4,b3a63c8fadb1363911d45ae7090534fdb4c9bd834c583f038e6ea3eaab0521b9
302,4,c083bd2af3853dd464b1ec9ee667deb0c00627af9fad54f3a415644450d6f1dd,439935072ca775a1d9215cc6f1b51ef5993bbbfb21b12e212fdeee095eefdfbc
302,5,86d1963b52bd324268c10139ba4d72fac58bf9058b74c3762b83eeed1caf01c5,3232762439f921aacd231d510e8ad382f70dea40323db502f81ceacc329953ce
302,6,28c12717bef7ad48c6d094141932a5a9f9261b7d507470abfba4e675fb48705e,cea60baf7764220f16319913f12d778fee399251f4ad1377050597909d95c661
302,7,a949cec41aa43ea981363b57c3143ea8bf3afe7515ac549ba3c680d6008c556a,e91c67f4b0ea7ac641750f4356806c02de0e6bfcdc5a66faf1f373480725f5ad
302,8,8a1ae581e5d66b21b98fc6d6f7bee8866229cbbcf50f583c9f09d26c65d9c82c,b99fd536df20f3df576ee4cf8dfaa07ebfe375dea00bb95e12ace2b9ce57debd
302,9,c21568ae0eefd994630c7beed00f722f2ef91b476ca50fb9881341dff9f433df,957e9437c230ebe5ee5ff1441bdc5d927d8f782d8ec7ef4157e85ffd21a4e903
302,10,d742929d33d575075ab2080463295a68ca0cf6c2382b17b8a8ea3ee2c9cf5b15,0199ce78c1ab4d011b0816c3d6d057cffc1c73a85acedd50a8d7cf575ede31b3
302,11,53bf2b0cf5c5267a3ca57573e93ceeedcce7389f13eb69632ff204e826e08f11,f4d748e1589100bacfe686ec6da84af59814e9a48ce3f77b6f4f78ac19e4e9e6
302,12,c97bb8dbd0e4e2a6743e404aed025c3ef4d43ccbb7fc6cb3bddf12fec2418577,dccf9bafc7c5c03b365b8327a05c1d3c89f683f8ef1b5e92428dd64e5dca50eb
302,13,bbc8b4906de2bc0c7bbfaae6cc91cd41bc11c5e41977ae346bf0fd99630b1981,975c731eb3f5ba236e54632dd6b68e2b18d31a3fd7a45b6de449c6b02ca0cc6f
302,14,ad7a526d15c2caa01375a3fff30c5878393437cb89d2896eb9e72ed98ffb48bf,54922d3dae348e05a056b2526dba46246ddc2f229501cae44b4a7f86a03fed49
302,15,18ccc724f0f0110b1177917ea2a4b4fd34c14c775a3c7eee7930b69aba8caf3c,45e235c19e591bccca110d60b3933577837245bae36c42ea2e16438322e7b1a9
302,16,d63ecbe7fe3dbbfddc19dd52fece4614149ba80b6db95677c5c7e3309a6163bb,b3702f4bc3709d8811b416b71ff00002e8c462a3de5291193d028092ad7f381b
302,17,a2a0ad6ee20cb4ac1ae5c74610a80481cc8d6e15cd7a45652169af6851770236,b6ac6cce82a9c0ae0f603bfdca4af76713208444575307ebbe02e53efc0b75ca
302,18,f5ab552d87ce62e751660babfa79f127341ac748e44d1f57e5dae6eb82d5f118,2c133a1da1996ea1019cd5c44a0a3a88b008c8ca8424ccdc929e937e6b3a088a
302,19,af795ab5a1b468494d2d4e217099b282ae3847aa59d01fce750161310dac3884,3bdef6bfe9c1980f1e0383d732ac328965af8d8c9f490cc14f9e6054325a8770
302,20,6e1f879fd7cb73aa63c51ef46eafba1dc83d3c272faa6e4d3fe4495836c3cd53,cdb320e52b4dd22eb61e5d650f06afeb1144eb093c1d4d1823dd0f69653e5120
302,21,431a70147c6377360d056f47e4a3cadda1bf0d90ae19a2f87b3dbd4673da61a5,a6af0969bee0cb78e97284e6db91706d319135977a8a90ac03e990c1cb6fd0ad
302,22,8e65093a4bb2839624a6e4dedeeaea4a0aa7cd3cfa0f08577af9c47ae12aea8b,747f96145c3ce37913ed7c4efeb9db7ace71f5294dd5463096ffb29c10ed04d2
302,23,7dc272dc7e04e3a799715d639cf3a6fbb11c4bdb6796b963f690b12788d3a2a5,7eb749a79509651787bf31ae4ff7d2e8e33f261179fdad7c3ed5cdda8c27b6ed
302,24,5eedf13068ca04452ee400fe94c5868787f3110e8448fc796f1bca75b4911b59,52cf056dcdd748416cf9e2a5c8fbd3fbe93377c54efee89e6ec9ace6167272c6
302,25,d01620524421d8b139d5600e330be81583a46fbac2d58ac73cf78439016cdc72,90e41399725f32875b52f6b2130a0203b512d3ffcd2c20913b61029c017a5625
302,26,ef4616931c4eb9c9f3ffc177654e9ec274f866d19f1d7a0458bc1c1510530c96,e559c5f278ee2b8eea2eff3fdc7ac4b8077efd974f99e4dbbe77276c54f03c57
302,27,bcb1415183af2e4f914b145d6356e7f7a56a1103651c662609c1599158bdfd49,b54e4e1fd9f2312b65e2f86f53b345d4f69896892b136a003271b61ff00dc5ec
302,28,6b8fd05768e4450436ced732a103974280cbf0e652f3321ded846a98a46698f3,123039189a2ed1ce4abfdd2f4b9c2839fd97e5b3c164798657a1f176af6f60f6
302,29,5680dd4ffb243511a3b8db3267a41569b6792130b287edb49d9a4b86b41f12b4,815e0f47d3de920904db69d17a45ecc465d30ecbcbb719a27d8ee36b9a3a22b7
302,30,800528eb1fdc2d4245a367071ce1652dcda02aba3106d4ff2e928d1894c19ec8,7c888b6617d5c30770caf27f020c7dad78f4ba3938b8b599fecbad58187cb611
302,31,127f73749fc115dbed40368e6a373641429d1ca3edd9fcfed20c6ad03e0369c6,4c08de562c1c3f559de70ed62559e7943ec42d062caae72a028cfebb6c9c9c56
303,0,130f65dc83bc85967c8e282b85e9d0428d071bd796e6d87fd3c9ff375521ac5a,25c4b6a3d68028ddc7fe4bacf28a7ea8bc618ced9b9022e3b60edf860707c2a6
303,1,b0360c07191c8d09ba197daed3728291df29b6b0e74d67aade1562a65b4295d4,1d6e7fc2f5b089dd7e5fcd5c8f65603dc86ac81b413178a1f00488c5c7fdeb68
303,2,475473c8f111a57266f1720a877c135f3defe51f127907dd07969ee9a2de4fe8,e8b93edfc4a3a13137d5ccf4858e557e9178fc451ff1b077f8ab4e9d19febfa3
303,3,cc7607b82ff1d45b9af6ef1b3aa4914a7526183cad4b055e41740eaa19067b29,d54b54656ff0062b3317726f6df4700f7e4a439889abee6ccc790035261ef7d5
303,4,c534ffdc519caea033afcfeba59cbf302ea2cd84707799ee10384148cfe9b6f2,1df36e5d09a8947de2319b931987d244a73b519f0e916b0eaaf6c433c9e404e8
303,5,dce468981013fa3d5161fb8986175bdee71f8c52a7976128b9e740b4084d57e7,5445decf678e667869bd3617e70a047a67aeb0fbb14d8bcd973abc7f1cf40719
303,6,580d46bbf23c307876537374f0c609d02746100469f41e69c5407dc99eb5c74b,1e39c05cecbe35d951dd0814e7d9a2cdeaecbbc02ad3f55a9d3dc78023f1b28b
303,7,1347138985902f7272cc848250e4b9629f39f7d3c324800597c480a29f870295,a24b3eaf26d31e1577acc1d93ccabc4f02e0ea46110a00b6a14c2c53742eb39f
303,8,55166ad27f1f14d75d9cba05f2fa585c1598959f3389c462d8a40c27cb2e2eb7,baedb156366a4be9fde0c337f2a55bc9cfe59c113a03e54adab179ff23cd3a3d
303,9,84b9ebbb0e298ed88b345bfbffa751dc2891603d5c867fa182b2d022fd2c9f5d,541dc67475af165678912c1a11e0c2b120d66d7bedf28e10f35ef8330fbfe970
303,10,bceb3e913805d59989bff8d5dcdb2bb42f4475ef2d83d904c181365b25089340,d10d42b3224c2879db8396cbc18357cdc408c733e43347a0f3d945b01c783be1
303,11,3bb54d04c986852c8f3c9f3165e85b0d2c12f69fb98b1f74782e92ae6395ca91,ae9bca28c7b461a34d8410e3aca980035a11b3fbf5cc3007b08f92bd7219a6e8
303,12,3255127bdcc08f73f30d868457d3d39189def74f8a0a32eeda51aff6710322c3,fb30be7dc87f74fa43a0029e808aaeb2f91932daa3b950971b0352b2b49aed75
303,13,2ec9eb5067b22907b1db3c86d7fece15e3099700260f6dd718681dde1dff2a76,102c9f0c883992475cd3f1762257f2aa2fff6d9eb7567705e8dcf26c1911d220
303,14,a82c4d0747c49a3856d75219319eacd42bffb0df0278582157afa7b2e3dff4d9,8d8485445b92b85252b0555553714c632c5cf2b78a96980cda12ba83136ea197
303,15,ac0004b6b5551bef0be27fa25cc1c49b7be19fa226178ad40faaf88d2922a9cb,12aa9ba0ba4bff832ae4b009b310ecbcc79aa7eaad9fee6886e4bf86888cdf91
303,16,9ab0c1c0fd71c5bff8271403e555d22b317d9489a2616c08a1f926118f640e5e,51e2497481c8814fbf7651ec23b43d5abab6d1a25ceaee0947e396cdae14392e
303,17,64bd62cc8d0ca423d97be7b2c10bc761fd9e597dfd9416287902f989103d5071,1c026bf34dec7745229abc5d85c789cc154afcb8fbc5d5fa62c80ab368b27402
303,18,9adae38abee11fa9b8a942200e69ef199f59b0d75791d7fb5545d62c596960ec,f442c3b045e582f7d74e22e74020a408a13256cc127fd69b523c25fd39d29607
303,19,e6b8565565728d507ba22ddcceb3e813fb446e2a4ce6da324271f5607776cc44,a3dd3c0cae4ec7f5b3c245d923dc0145eb9419051c628e3f5acdacb51adfeac6
303,20,e684f8b42c2b7dd3e71201c1d55f82ea0fd6bf615447d7016e7359f9de524796,3b4559f97a4f8ff94e72e4843aa55b94310ced6e3dc4a06a108c0060a9f04822
303,21,bc67681225722557078a6d1369e6a05252369cec5147d0260649663a9794da99,6aac31de81e499fbce8251d9a8e6a064ca7b0cbc5f8664ea50243774ea4b8fb3
303,22,be6f7dbd7b3bda4fa0ed77c53600727dfefed61211124dd95af820966d3e75cd,7231f575b85dd4a38a19a8ac6d3b7f3fc9cea272bf06de4783112fa196706281
303,23,fed8e566025ce33a1243e913d7651d0dc00bb6906b6bdeb8642770b7e754745c,9df86e3c344bd9a225e0a2bd23136b933959e54e1ce2f7a4de13e1ba91c96a92
303,24,6a109c9ddd7a127200531cce334f94629f1c46528b876915e0c332ecec814287,80fa154f2a0ccb3017720f69e0206de607af8957ec0cc1b5d341409232607e55
303,25,e90e3c7fc3536fb45ecee19afc227c43af4cb93e72f75c1568912b391ffed620,75baf7adefbfb173b6f9c187f86087a44993b72e66e490c01d18efe302646cde
303,26,fbeef28ff6f1a52d49fdb075acbec500d9408cc12534005241973fc39114b8c8,9a91f3d069220eab584bfc1b8c67efd83824e97a0fc3325f0d47dfee3baaa1df
303,27,43ebb74245b265b5e10bfd5ea048d115e99744358e3f33e9eaadecd28766edfc,e3fbb12080093de5c65f274f468e0dfe120e11e5059f844d78bf70f264cb742d
303,28,23e4271c9e6e8dd719df5cb2270f38550f4ad89f3135a3cc3230a94314479da8,0f925b3d2dedf36c4eaf1b7945bd448b3bb75825216ac1cf4f5b1361992bac64
303,29,8b1dd9b37e3f013fffa06b118c7068cfa7b9e415b836a1fb5ec583fe23b63a5b,45b79d5712a2d0ab68d0056d5c1e500f829d558cf0d8769a13177ea2114e7908
303,30,d29f47a8e3bea74d5388b55711ac2f049cc01c917783d66132ae1826b1b72d56,cf394c3fc8f8c7a7f93bd7cbf748b6ee0e64a0de05a76e78f5d74f7f2bd3ba39
303,31,42f96f55936d98dec996244fe82310809265fd865549eae21720a353ec6d9de5,416b629228b8ea2b477e8d32ea32e404c032cf0a68256e9480ff2958e4efbcb3
304,0,132ba75ad0b1c4900b5d41e7d904035775d125c23136b82efd55d542923e4780,ea95d6d709069b6d5cac90f4eb21dcc6ad92a98f25f2146ba3aac0d0be586518
304,1,b06b54a24583dd41f2ed43eba546032b964924d7b7cc99281b78d7672dde15cc,4e0979979aa5de951c75de18cb3f0cf0106f5e20f11c3f664587952f0a485079
304,2,9f129c23b533db358885870ba1ae235ffe919f004354308afa2221d86d3293f7,0086705f3c976c0976ceccf8bbc7ffe9fa0106ec8700667caaa1a3d4acee98a2
304,3,94fdc812a649a5aed2846d83574a34df563de5481b8d6141252fed486195ec61,dfe6e43501869ab25f142374fcafd4425251eec5fb27f12f9713b2c8d6588f57
304,4,b6ab1dd332a0c3f83b75b1e95a64ae5dcf53ff67e3eb2dc28a1bfcc883698795,e7d2f966026da448b535614d905a866dd05e1eb503e1eb06d77178e014603bd9
304,5,30deace10b3db82b8342099d405f0353951679f89482345b788db953beb1118b,59732b24fa5c5a7a4aa592aa96eae3253aa409c46130d4cd5346d075ea2d963e
304,6,33b53285e0aaf5d6ee0c3142e180c2b41144d1e9d9c0acec2fd2b06cc753b1a7,03b5f1c7a2e0d072a8a9e74f6b6c39bc66048b8841adfd4b321f5f8a9e3e3c44
304,7,3ceb87bd34ca95c8d7c3a96b358e6696626a7aa1765b4e55421277813a9cbf6c,8ce22dd4c5abe189bd84fa1652e087347c3a381553b81017cc7365269d6207d2
304,8,22ad0dffd906b37a0ff5d667560d2e0cff68ea409160cfb9825e49be65dcad46,7f75c3220d3e023aab324ffb291db6e662b3bcbb9c0b37a0fae3b40d13a799c2
304,9,b72727531327cc215d7566008846f01d700560b9c38a91295fb7f67ce2642cd1,5dee5d758aec14c58c885f95544d8fa111c800c9fd30b5da4471ee3aa0564064
304,10,9bc9885ec02ee799f2c2c77796d91dfd43019a2be681d5b290434b41412d65dc,49ea3191a2eadb70af9ec9a8252de76ee6d0caf6c5a46d19471b7f6c4e016f34
304,11,fac3c82a3bc02f9e2af225d485f24e74225c984ef85b1be401e7cfccfbcf2b08,32bf53a07a8d304cfb139b510b113177b1a46208b59735d44c1d2b11e5721cc2
304,12,304a95b36ce21e5aae6dab0303442d4f3ad49658e44db6b7b0d9c054d08493c8,949d9f49e5bb275d96868e195ad0f570f9834e756df3f8bd50afef1786801738
304,13,de91685197e2cb50f7ce7d95ad0d732e813622088a2049c37b5b7a10c52ad4b8,5794f3960b5d0f21e0d8b16159acb16ec4379755d082371c14dc46dbd1300b40
304,14,b307f62ef5e9f2d5fc6ab3e04a733eb11a0a8a391a45bc8191fb9aea91c849ed,690280eb453c99aa63311baf24704ba46279f694b9e11a1f221422d8b5639768
304,15,09fc3db9c7136f901f18f80a3e367e0fab6ec8988c2331534f8b22d266d0314f,99916acdab3cf45afd40b556aa002385bf1c2312891ac6f78ec14bc812e23955
304,16,1107d692fb80d2fd71e470debb975ef5174e79eafdaacee9e0d23bd4f879bbc1,8fafd005136844092da866adfbb690375f25a097fd7972d578f102cd978f2ae1
304,17,de54a5258aadb52b714787e4630be92cd17905c2e7638b34c730a5c3308f0abe,181c9f4d358fb65f9870f16766132a137c19699b2ba6228f14eb76c6061e9f6e
304,18,a22db55d5b234080e60cc937eb6a7ccdd77d1dc68188d76f0e8be38274a69e73,86ce940f1d8aac21027501b78c65d7738dd755bb6314d41bf6465dd9d5c7b7c9
304,19,dfbc87c12695223a719f4d8947643e83bf914a500b42c14f6312fe84deebbca2,3ad4779a6cbc6378a9b068ddb73a56ef6a6aa283636298a2605a0058c16f8b92
304,20,f4157df64c6059e58024d0258d46ebfbaec6c62f7486c3e8c9b0faab5af77381,aad5e9322a7f345ad6306c0a814b632d1835700f0dce3cd0bb16278c6aa4e1c1
304,21,a82a191756ec51dcc06a2e52505f484abed9648722d2f18cb3b5c5b9b42bd03b,8cd3ef490eebd622be2f930dcade352a322d8a927afd0719397d0294347948b2
304,22,38241db7ef78771af5d4f64f92b52055378a15066495ed5181c6fc51ec7c488c,425fda90226206d2618034976065c308b8cefceccde742d74b7c0417a8815622
304,23,5146798f86205d16ef0b4212f1a79d474f63c7b31620ea4df2b6cc02cb19cd9d,642a0f0d0667a3316d3c165e53cdd41d856d1bbd3558d5b2375cf2dbaf233787
304,24,7b7e6fefe3f588c36cb85e8940e7676068e2626c0f4997c2fd457182faca4635,d7cf653cca20efbe9f11d3a16170b63eb203968d44d46d021e59da82143ef0e4
304,25,7634ee94b9896e47f6a17d0fd4e73d4041390fb6623258aa5dc2f4aa2add5425,89604cdbef0adafb41e47692051abcd4bbe205847aa3a28118ce93621ddffba3
304,26,978b66610f92ed53339cf6d708da42abd3977ca626b1e1825f7dfb16f8704aab,9c85eb2ea78e67a23f8103bc8d96adb2dfcb1b125db83011b7382401433348cd
304,27,96630f3979cfb1f47b3612979a47d1bc3cbcd7c9fcbb8fdf8cbd185ff44ef0d5,402136dad45836052bdbaa1981e9014ae2442a5ca5bb10809fb25430f3925013
304,28,997643bdef9536993cfee06fd91fe2641c701553ae301baadfcd5163b468cdfb,96259c575ebb9edeb1207975f192ec7f50120f5ec4e8c0a376dd1479e5bfc20f
304,29,68532b28b8698a247e4047f534f86f7a0e3982b896de84913f207b077c9cd82f,7d915ae12b241277fe6fd3200b38e2f9f4735d225ba1c9d2634aa613832970c6
304,30,60286eb2eff547cde2f88434393127b00e42693e898cb45df86d68b14f73e680,30c9c5e79c61aa1cfe4e67981fcadec5f5e75c7998b6ea62ea4ee2a3ff6a2328
304,31,60ec492c571c1a7e0168bc05882b2f2d1bdb93864195da950443495202153ed6,2ae7c1cc04e857e62d3b43a0b64e57a663ed815323768b889b34634a11e77d21
305,0,d0ed28c1c2ec68f7645b65bd54e5553fd81e673bd9dd2a820eee83fd79e9a329,3f7f99cbb1edf4ff347765ca34d3ad87f2bfece0d3960eec42247088daf79d91
305,1,b26ef9e7de7896f0724a08bc32d2427fd984487ce2a121b783be03060d9a3ac5,049fb3fa7408cb569ecc514f91fd54ba53d46954188e6a707f0ca1867d5f4904
305,2,96ed7137a22d2f945f485546fe48323636b0c3c1b7edfe2b9643b46d8683c500,8277703d89ff03d8ab0120947a14c840c8a9f6610f2dcada906f5e3740894bdc
305,3,ae2e9b1bdd5bbe0c017512590565da63ea9572ff8e93acd5fb7512e6ad8de66f,cbd257195aa302ee245397b76d887af137c4400cb2cbbcbb5f6d1ee62479fffc
305,4,d3e926b4876b15d91a2151c10145a9ea90aaae7116a19a009df3258fa83fd131,70dd7086790205906f8cefeeeb0a0a21785ccf3eddc249b021f22e9a9e61dbd7
305,5,13edc94d026edd1936858dec4f19567be8146f0f4056cfd05b27a0143eecb2c3,3b3518b125488692e204eacb08330047d4f695e241c2b3e353a2cbf5c14d7e5c
305,6,c25373a2ffa36b5f92d336b1a89a21f48e3a4ae712bc803f22cc4429fcd7a9f1,85869b775f3985902736dff49d9bfe211bc6152a158f6b1194724437e3257588
305,7,19c60086719a6396f433d2967840f80429e0fbf8f8b3da35cf07ba27bc76fb70,ebacc9ff47f3b72c6932bfeb788add0acbb458d6c5546f0fa21e065b4515b007
305,8,eb69712a901647d7182af33d14a64dcdfb0791bce5420833c96a008f889a90e4,c6f33146e535ad388b7524012b5fae45a07e7e396c6213c06778a62a4150d965
305,9,1a007e9cdb4cf0c264c60b89fc44eb5602af72c1d62fadd2f3bb960451cb2eb2,3b42a6a0f1c119cb0b15950979cd91a1db0d1381da96308e73edf32a4f90a40b
305,10,192573a3cc99648c6c6a609a5ae0c9f46119a3860957ac6e4f4a7e0d153ed053,c6fa1a2db63b32fea8cdb9be9e8488ec3bd9c13571a2956b61d9ef71e736f2c7
305,11,d59745837f8dea348761e14e3a712c73ca047377fbd0b95a8dfcba8639d3d287,29d8a37ba9f7f23e10a9a16f7857b24c08597c5d3fe52e18fc9bcb42c316a3b5
305,12,efcae5ca65a451abc796cf44dbe17ada6862e00118d61ac7f315394d6cc5320b,81764e35ee9e059e0287953d3fc25195ddf4a35323552c2b02a4ea0d87306cc7
305,13,7212c698060b841bf41b15290adc14eb34134025b55dd2d6833df78777a258d1,6876ebc45f896bf15c83ebcb6157eac05985a817f4e6a3c72c5e01bbebc71e3a
305,14,9305704934323439b763de94c07849f999d91f77e5304e543822d6d10cecb155,9bd9735d3bfd7d973d36dafc7e449df608846c89e6709fe29c4653859d4b691f
305,15,3fe4a485dd06b3fef94810b27c8aaa7a4abef5925b0194a1caa2f68e892f5868,3c3e3537d83104a4b648408edd81d5f389b67277e0b512390e7c970f31bfdd4f
305,16,54bdf4619a8996a973912f7cd7f0613a14a2ffbd588e2d6876fdc492596652b8,7baed4871ce42fc441883cec0275def4f42d998a3466b3c6bf0d95f345b47ca4
305,17,ae9dfad312b0f1f9fed21b9611e220a638baf0ce7bec788da99d3c6bf4ac1199,02bda09bc33008bf601d3d26a5513180cb592a24e034cb5c843e2cb53a34326c
305,18,611dcb4db3b4f66d6a632c662a554e0f5fbe5d51b9e7831a3d018a3218179d93,75d756055780f6177510e655ce14583cd2049a8652a6aca4961708df84277155
305,19,e6bd433db39858bf66bef1dd6489ee61a7b0f208eeebae7da2681c93a270cb2e,bcceaa98eee04bc84f962d57feb0e56997dcff5e37a561bc741d4ec245a87ce5
305,20,7a4ae014d0ba9810fae07610479deaaf6cfbce4b98f1d8302e71dd8b961718d6,fa3371c937187d16ad3315a3317c09e8d2bbd57f879892d4787093df41b8e632
305,21,d3177096aa3d763bf2ed95cb728d3e036ca6dcc92b16114d1d526292bc0e39eb,877883501bf0c721fe51e9be63ffecd2e53fbcdc4d6ec2da2310f8186908b207
305,22,fb76835b4e82d04f692ce2c105e6fe3fcdf47018a7b9bcfd58466f4cc3054db7,a35d01f6004d10bc234ce514fe778b461c70f7722c8f4e7693395831207f9ca8
305,23,17d55914808c0fceea8b19ae555833c65d8e17afb8f99c56141fdce5029fe508,4dff44b3c2c66704a49e99138e31e6491d10a3fe389dd532b49f4d9443ace549
305,24,20a1421426d5d1952477bf6be83b3099a06af1f2d5b6bc3a5fcf932106521fdb,34e10b1e2bcc9a81772450978c005340c4e35adbe799ebe710161d2813543568
305,25,89cf8d5718ad62ef986c30750586866053871ea2c0cc9eed64ded64bff6d78a7,05ab81bb2f2481df8e3aae36ad20f269aeebbbc0286103a8e2b2fa2f243c5b1c
305,26,e1dcaa9a53993ffecdd6e3f4bc6adfb801c46938f8c9169b0b2f671169f21d30,e0c0407ba1fe87ada48d2b008d250fe10906592dfd2660dbb0ec7792a7073acb
305,27,eb63b2192f7c0064b06cecb7ae1fd5ebc851ec83e662f41bece51ea68b74b73c,a7ecd23e661a06f857bb8fa7f186d7aa92eb082107c2d2fc88b5c76c8f86e2e9
305,28,cd7c772b0fe819faf77b5d3ab023afdc567d705fbb8fa88708fe87a740d2fc41,218d5d6827aee18d6c6fe4d8b4d3d5056cea161b23ada464f065054c49f6a92e
305,29,a6c0d3171474c2d7fa10968c5765583d5ae7936b033310dc630fe908ba383e48,cc0fc5afabe89f20582967a232fd07118b3b1fe8f2bac80689be88d4cac23101
305,30,09c16b919859a022621afb6edc6c07367e860592017b4c0ebb6257040318dfb7,7169c37c28fcfb141f76c1872ac5f1ee629dbc30895b59f70f132e4b3908475a
305,31,9e39e9a8ada1d45e610c9cc0175c2f37af2fc7f990607b8ab1e06159514f3357,e3915afd151174917165b00b38442acd5342ad6bff78e4cfad82a3183c472f31
306,0,c19a9b3a7ebc9d7577df6ae4904ca017cd861c085b40da1d164b7a64ec43a528,f8cf05503133cb76314b2200f988af326790499c6299ef5c6dfd140d917f8850
306,1,360ac7af6890da86bd42b83e373f15f317be055b0d13b91ca06ab8f6c33e5d94,2e8f5221e662b8af262e80533b2cd6152c61c9d7960171affebc2c244390b0db
306,2,263ad18bace94a197ef0c37131fe9c8dca8ab259dafee5c286549cd01e3b67dd,85d0518eca47ae399716f21a336b5b1e88a278c1e3de022ad8be18240015e092
306,3,73dbe20b4848397224db21e7f703c9d505b15a4d7c0b7ef3cacc8bd97a570e27,2384f2d3e0707a1f866e6f55f811b9e5b412bf8f7b62623cd496235236f83b7d
306,4,d8e5de58c191c34e07ba73b1fbc25000d801f4542109b1a225028785e3a5f5bc,c83af4b17e0836e1fc64021def5accd3758002b221587fe5452405bc6796f4d8
306,5,2f3d5661c42f6d5854e7657582ecd63ce67f16a9a0087f1ec16d030bb1e5eb5b,17dd7cd71bec55e660b20d46ce8a05f8c55698a77a811a3ffb1e2f2497f93eec
306,6,ded7f40d8efc0efbda4acb50b33973ceeda4c2e85c3e5925dda748eb7d1678f9,83d61e3f633c0d386b44b2fd4933acafda1538c280f2d618a7576a5e982ab0e8
306,7,9e872cd565c4786af9185f909e7f2cae90b6143da507f9f28b88dbb1a0b13cbd,e683fd622f316c723d0bfc1e84b971b05e6d3a21ac1ac708c94f8eb41720ba55
306,8,90235a37c612326a6b57b4ce7b40d0ce99538ea3221dcddb6ed21987fee0d09b,89e7ba05cc3a2bbe9737727c2225b1effc226a58a891dff732648972095b44de
306,9,e3896fe276a11dfc545fcdde4222e71b445b358473780138cb5187fecabf42e1,681d2f11858f3e3d399ecbcccdfee7ad6c9e002ae835eacd9783f2e5abbe9e1d
306,10,c200e62596dd0fa025ec5f841fd217c6a85ef1575888578333e0e93336e5d044,e9f2049744ebc35fb2ac6e8009bb1b2ddf8ac6d37a72ae46b65fb3a3b932b5dd
306,11,3c3a084b7324c53028f967f288011920c2171a943da8e6f5066316cc3ae014ba,79ca53ea27cb9a60f86d515b4ac61cfb223de6d7f63ead75d1b48295e06a3aa0
306,12,08c69bebc0bf2ecc94a2e69deff319720733e8ce5c4adc404cf248fd45c6bfd0,ac255911fa3535e3cd379ddb1e80f8cacb8482c44fee19adea76ff87a4e11c66
306,13,65d21ed1aec52d35e94fbf7d72f99ec6ab2389431e3cccfbfb8570828ce65911,9022f005570a61f4dccec58145057951a49cf6078ef42dd7c59ffac8e4255091
306,14,a731100114f3b158b9a7d5caeb14c4635bfae482d05ff8f56c4a3c88ee7faea8,9f4a1bddd055790981e411792db3c0315860e7ecdea20e3c98d2613c9f8359b9
306,15,3c338c0aa0f9f1f56db7cff1f5f5ead4e47f9eca911ae4594f1bde2e7a1e89bd,7f2df7849e33e5d70692ce401f37a0b4a1b8d069cf4658e9c0ba11ce01711a3f
306,16,a693ae49a36052b22545d964548c30f199237d3b2a55c64fd870c32a00a9bc7f,f28f173f81b0f703b2583e84ce876260a39827ac1af29f2383187227d2a4061d
306,17,cf6da372704eab5d25c1704a9bae78f19f256a3ea5bc94279c2b79a189a832c2,f304e9c10c31c1495347b7fa21982cc225e4dc03ae4ee99555fe547449f611e4
306,18,1b3f17e65511d1ee7c1267b764ca7eae50b714f14edea3b2bf3d7c3dd36917b4,715144cf3bb425a4079272c6f49270b25f14924908b79907163708c55134c59d
306,19,c7fef416998e2c59448f1970c5fb91c97ed37d29270def65a555b623347231ad,e4f278debd706aa594f4b5a7c85cf57eb71601edc7f56dd3632b5848de8887ae
306,20,9e31404edafe359ae8a1bdbeac0fde552155fc66d36668bdf2f6cd80171af4da,60edddef1209cba75465c5e074b8f650152cce0c4c7e1aa5693d7586267dec04
306,21,4a934104f26c9d68da2fbb9bd04fae9190291c5b2c0adea4e6301fc297485d62,fdfbcabf9f3a5c4d8cc5c3a5348af06454864996536b0f3b2abc6c1e6ae97726
306,22,c856166e066cf578ace7009e8bd5f9dc53d6f4ffe0a24db0cc69f0007b5289de,a3a2a12f2e57f90f772296da13f40718da962fbc048ab84585199f7a40d7c484
306,23,ebc5fc815c12224781e272ef75140f71810792aedd85fbb0b16e499186fecf95,b5df2f614583c65069223899b1100418494cc6202997ad6572f2c5c28c989897
306,24,c9d16502be0379e1e6981d77631f5e95ee39f557316c3c72fcddf87c808d7ed4,7fcbf04bbc672b5ad8cbe4264fb3c610cfaa8a33d2831fbbea5a527ed0f2d779
306,25,15f37092667cbfe457835ba14d5f7c151b549b909f2ab817036f5ac035cb61ae,e26b20b0e3284825fbdb90c7f8e149748570b3cf54273fe120ae507493a7d6d0
306,26,ccff16b20110112a767e1970c7351390a18bb4a7240d178d604724b0b2a30598,3a5b1f6454639aeb7a9c402ae051cb8196a9a077507b1fab318a39a12027cf86
306,27,9d45a172d2f16b2f3fcfd7cb15ce1aa423fa6326f97d61266251c95ed6e6508a,d54c9e2cd8cde944e2da798a185527e893c065794aca82acba3b96f3e9baef20
306,28,ad41da6e804d764afb9eee725a0ec904bd6c85c0bae9e8a0ce81eb70c2e462ce,c4dc10562c3f36a4957acee670d281240995abe59b72d83c0b96c3704db98ca3
306,29,9a03298bc8c6c481c6ca92eb9c9786a8e8b1d5c9397024aafb223dd47a84d42f,6915002db9c4ce69a488adc6f9b46fa42b805593b2058eed4600f3133293592f
306,30,4d40b3a16fa71af37737ac1ad8b2bbd04eb17a24757c24e70f0bdc1c80b78f4d,8ffad7586467375986e60eb4c3b65e627011eddfff8270234c28bd3951fe133f
306,31,48d8604e2c2581d2f320bd56bd44f95c351957cbd1bc76ee802b73e0150ef92a,f4fc29763ba2e17dd095a80934d3187752024b210a17744a3f0a3e3ad69f34d2
307,0,f3bd76e3bb6d94892616e98c9dd27f37303809046aa4f1ece2107ea1d4f7e01c,ea5df91afd9c14f58c91c8f02df1131d2ad53ae24631d462bb747a4572dbb9fc
307,1,c797062c545c38494992c2692329149da10abfea6b03482cee07318d43a584e6,10997e3e7f2ea8bcf7f422c65a65c64fa86ab2c2349d270a8976376688eef8cd
307,2,fb7698608669b0ce6af7b5c1f968c7b7831885d99fcbf70540b39925e3451354,1127fb3e0918865c3b27941900be37684c9261459a565097793b644b827a9e53
307,3,080a5d045baa303fcb07fa560346c37df2dd8a1844adb2a73050ad30a52e9096,e5f80f3996e670825a16ae8992a6f16383843f26ecd3ec2a5005f76b1fff7fc3
307,4,e6e9c5d2a8ab84acbf1ae2038840e08859f718e12058b37610ebc38a4e81e337,a2da735e9c7ec2525e4df16ad584bf7037e2720404352cc0abb0ec11889b8db3
307,5,83c0c28c234996807677d784e4f9c7ffe75e38a3500720104c7b189327c12a86,0f411a3bf1afb7695806960111cf5eb3d6e0951d0533c100ac7cbdf13e5ffa30
307,6,b800fc3e3ff6459bbff387c16cace941b80f85d9f81e1971c7ab0e56f677de7b,7cb4fd57853d6a06e9976b35fd42efb6e326fee27f43bf0560ba429358fdc2b3
307,7,f012566c5736a9fb7bea87f164bdb95e000df82dc81161b334d229c7cc8521ae,43ec231c7143e9e755af609126d6e74281fc454fab87538d8f2038c6b62ad4be
307,8,34ce969fa6b4f577a4102276f37d7eb6be252233a5b5be7a2b5c48b94e662588,27408a7bf320766f3006d735f8ace8ef3432a64ee8daaf6e4e056319a285863c
307,9,33c1a8760343e653a0f2d4594eb9e418687b2152c2e79f8017235a682a13d8fe,90485d7511ad8e33c9173a8245cbc98e1ffc8e2ef599dabd0d51b5fcf8bdcb14
307,10,789a8b337560bb351699a72ffd8681b73fd2b2513e87f0a3f1a0520449bb1a7e,8cdae4f74c4c8ae16e6589e25b221f851291bda62e24234bda848f252d659ba3
307,11,2b1ba92be8bc54cf6d249a49c44085569afd2c684c03225e65486b5385817431,607501985c578f242ece2e3109851aae5ae58dd4c72e6951dd1a2c86fed66e97
307,12,efca33693e97a598c3956105f40b02213d6317ad3954303a3a036be4eb0d6c40,363cc8989ca25777ca488d67b41633d6b63591cf4a10fa623c3b3ee0be1cee52
307,13,33eda8f13a9afb130f72aabdcf3305656dfb60aba058aeea30f127a6e0f72648,bb0b7ce3494617af37e02fabbc4f2911d0837e630dfe3d334ef28c085166c4c1
307,14,0d2e6ab63fbea3b9f77118deaf763fcaa22dffa20b97e9e46aad95f4aff9b6da,5fce99a1fa5d67aa460e376bb51511d1c47cafb037f529bbf3c3ca4a1c851a1a
307,15,9d205b27f186d87e1bb8afb39118a17b07b95addb1354d52ee02ba17452ea78e,9614e4f9e0572b51cb0b53ada0ef345068d9f05e57fc7131790658c40165f291
307,16,053f028e1bcb04933699391a1e2c873c49ecfbc5a7c5641d280e376f06b09047,efebdcbe8c4039ad33391177bdb3892ce3a19f1b6031b7b0b2faea4395d663a4
307,17,ebf2d558000321cf05537b299b9a51c35251ae295ae53eff4e9e3dd60e057552,74e8fefb51fa12ab807c11120bebd941d1e9058d2fef31466881370a5ffe7249
307,18,e2b4448f877f1da6c1d8a82a0e04c1f8e3b861930966b34ffbd371aba8a35366,f393402bc1b41e47f13ae7090a2f87b05fb05ba6ee78f9e37b5bbf6213ee71b2
307,19,c129c867bf435fff1ee04067b845f5963e0684d7b9cd450dfc0de56550a4d03f,e28a89919eb061451ee2c4f1af1091465e47e8222a2f7fc961c650021a9b839b
307,20,85ded2e619bd5f41dfb1171d485e537d2a3b95c32a068522e38a37e474cc2ece,c699c75b2319c8fc8bfcde8456172520c8f65ae63ad790ad61157fe22639b5fd
307,21,ede35fea13d9dbd9df92131b2189ac3f127900977fac2c26a1f3eb04032098a3,e5816cf19f7dd56edad9d376763ad46a5c5772461f9f4c59b3d91a2b8b71c8bc
307,22,ec575c02904271c1894858a86729aa4c53ff251fb8df12fc1ca4079e06cb01c6,07cd0a1bddb45bac1c92c4c67aabfcb94ba37d905f5fe29d4ea8cff16abf1fd7
307,23,207d1577a87985c0c233a865ca7f63213dd38e6a79e7e9b498de6df1493ead51,e7268f76bb051f9e9b08787231c31da2f80980f6f30cbba00d93ce6289e919d7
307,24,294743d63553ae6357c682c81310d5fa83766cb1a3293c8d2b4f88f2d0b81cf1,3aeb78bd784eedbeafeda0e943cc02e064786db65aaf7be785abd1354421a867
307,25,78bcc78dff218625bee47c0d887135096ce7fd4c03d3b06a74527efc9f13586f,03ce8316569c32a3e1131fcb197629b939eaade124b1b23971f7bffd81af9f87
307,26,5650dbb2978ba137ee72e129582c03e2207080f1fdba9c96d01de2efa499b285,fa147b100c9217e1feb7bcd759330a1701b317c21fe06537fe149f18bd6bf930
307,27,3b2f3372bf4593a8c73c1d2d51a2c94b31bf5e3ae229299246715212d0225c1e,ff5a42eacdd985fffb794b5ece47d04af6f4b1c96c881e0fbb61c9fd7709d5b2
307,28,486b010d79f1108bcfdccfd3935c6342606439946283ef122ac5b8a9ae00810c,17b59f8d676d069c201c580ed5081841af17d42488f023e7168197ae86c594b4
307,29,9ee26d5016a4a92409371a2d3f4a357599b5da0e5c03b1096f501db2cd268d2d,352f0616c0403ddefa8d67933c7ec08ef63034927611902f7e2ccda5f7947a89
307,30,369e8c3a759f694dd24d9b7eb6059b95625d97671dbe2f25b313400c67f66e0f,b2b61b830a4f88f8bf5fc064e67d6469e0be977338909559845707f9ec60c0ea
307,31,e8301df24964d10568cd6f0d8ed5fcf947cc0589f617c8d2ed1ba9c51e51397b,fa1a78a74fee3085f6d8c568a6fd74764230229999231f3ba3c3f25279402487
308,0,c24aa30699b7e2926d428b9505546bdb9314636dc820c86dd18b839e21100b3c,ca98d9340aefdb4aebeb11b954f3e10bdf8056d140ac07eb4185ceb2a28a11cf
308,1,5f3ff56ec2b8f5d6cb7e6eb11943e4710a0d9e2c4781c6425da0b0f80710ca19,a5f0225dcad4434c29898af0acc469359be7ebb180966188fbaac182e6bd1e1c
308,2,98fed8d3967ff5d7e4bdce6de4b645b4fa85311348762330b531311738a2520c,e9bdd5c588169c208570a30039d6e3c84417d24674261c4767135b72863c71a7
308,3,5d9fb8834a834473e826ae76156522a522c90ead17555ae7c2c2fb09ac892ebe,63c738e2e0daa8418d795663672c810765e6bf51ef287d6eef524e2b54e3c69b
308,4,c9734086301dbcb271601fc5599e7aede2895dac73de51bb7ab6af529110b84c,12f10a38255dc07d96821a1999ceb4b4a9fa28ddc7c5c26b87b2547df087d8bb
308,5,e792162b4d7b6dd944afad4f504e1899e342190de91325c6c734fdb222e9c5b7,a89bd2205695851ac87f65b58495e4c2ad6ea11d74ac10c6d5cc40e579e5b475
308,6,9e13edc010b17f12bb1504f7864f2c8fb8d257200a147b13ae2dbda353c34e2e,6b8da3ad71f82712bbfba8a05ef5eb9bd5a4f6f15e7ea6645d2a99d3a47d5381
308,7,700e0cbd15c461eff65078261ab8ba241e0adaf7da27e0f4660014f7a85404ce,106b0e619e4f4509f7f75386b6f3ea98eb10163c7973e047f2e4d445e0e891ec
308,8,22615a8cf52f640752d5cc26d0f649a1a5479414793132b08b2a13c159b68c78,96c7673384aa1c813d0980bf69991d5049a1e1d9654e9b3305b8e6f8a76798dd
308,9,73b9afc61b62c9191212c44352909e1551f5c27972a596431f5efd9979a0e57b,17bfd61fcfade3c66ee4475f05ce2db8508e8562566695f0d09ee1aa06cca16b
308,10,5a5ebec7303f531e5c798291273508ef04fb3b64dbaffb7a9ff7d6daac80b4de,dfe925312d8c45180d5f1e569d6275226aa4f561e92ad41cd72ee744797159c4
308,11,fdecb0dd4ba0c1e94c149f92f7225e6dce45c1397deda805a924407381ea7b7d,ee97a3af16bcaa93869429bfa5816fb0c32b41ede846248b46beb53b2d9b6a7a
308,12,97e670f0f2aacf802f3e4885b4cade06945a51bcb5102bed5bec0b12ec3b55a8,ed41e1ec94c59d0fb23e5688df23c87efbcc98f2e4e75f5163fefa8b57ed96c1
308,13,6de7aabf719e98a9a33828bd14a4797739cdb0ee8008a6b6f2954c063928ef57,66122c6a7f64f2f3c31631b072b06fd71b73a950cc4b51f63bcfc1363a94b54b
308,14,d43b1da2f3db6c04d2a22e3be94f4a593f3d995e360654f3017dc88ce15a91dc,00fdec5a40f88ccedfc0f4aa80e3baa01da4308fe8c289cbab592b3b70914abd
308,15,7de6cca922a9bb2122c40058269b0eb105b9d811b1394abdd6e89daa7203d6a9,d19c138cffc81017fb72bdaa40d6cbfeea7028b33bd1fdcf4365dab2ebab0e34
308,16,183441b682a03e4d5b27f3f2eb7df34aaf6301d99e100e635ff6b12b98059d63,906360b9a71ed598bfb4a0c8e1fea170594e97ff5a6855b9b3284244f5018961
308,17,dac02bcd224f8722fe8f73df47844b09df9f7db888ca14537f9d63b134481598,a8a1a95866425c892502956e75d295e1f72c66e0ecf227ac6bb42c2d380e0d1c
308,18,0c90eff6ade208017aa555473a5dec0b4f48d155791b1f22f070b8c6bcb35c88,e9a12a7f668460409c20fc6a0516c8a3eb18d5d9ab23b855e9d8934b3bbe1d02
308,19,2d1bf0419ea38dd3a45993589af551d4f4d476e098365c514ae4151c8e1c3062,85b0da14b47ed62ef323d3927c15c8de558ee0bca7d33c13807138c475adba03
308,20,a4cffaf3fe132447e2abc5e9c537ce52b2c4943190c99d7232d24bb342f54676,e99ff28fd570d0db75f5975d58872ae80244c72bc247f4e14cc3b6862279cd10
308,21,2ea0e5909a96ef8af9e68726379b22a5c5900433dc2b5e12f9803a63b5913346,a26b8d09e0c1a6894255eeb7b0e31f4bd0fdc8eacd1d8f24495dab5d1c14ad5e
308,22,dd6b112c4e29ff9a2261a51ea548ac256978ed03558042c25020ec0b48c67079,1493a7520f0e3c68b1fa35df8e3bc36cd9726c9d4447e7334f4fa38f28a6f2a0
308,23,11dabcc98955b3dc121ff134efe3ad6247c4ac19a3a4904e9228593ff7f5e1ce,64ac747e0d3f9e726e2e4d93526ba1a09f80b0c42dd16af841ca4dc4f0e275ad
308,24,ab9fd49c6c6f5ddf826ea33b6d831e8e9f4ea560060327b15d73319711c1f33f,8b4f716ddc25b6af5bcefceb482f3645bf96cc68d60ff2d7b48e9ed81bdd0f70
308,25,c2c52fd805af4aad28595a6f5095f37290805ab25604bf8d07a6c395155fbb63,b49135b10afada090888e1cd3e95c619cda5d36f813c679ba69dfccb018f1dff
308,26,1fed0fb60dac19301394c029940e0cffdc63aec2d69d8aa348823ef0a973b023,766933057e9ddb34f918df234b85682f18994e67c3e57a60a208470021cdd87c
308,27,bb186fbde07d2de423b0c1f6a25689428bba08667de0d8141643a5fbeb2e20bd,59c7a1af2e5bbcfabb186e2ffbb03baa8ec29da3d858a4c9131bf109504e9931
308,28,855e7ccd1a84080fbcfef28d4c113158286bc29828dba74481d341c4d5414146,276467bec8af482a758fbe007bc68d5761e996cc80e74d1a52edbb11f65015ab
308,29,6983a90810ab9e85f851fb220ee8fd1fc2d9dce49289e3ee022d9a107e1053a8,bbdb0a2e706fef9a2cf5f05eb199e19b4ae4b69abdabc4704ef2c34ff208474f
308,30,cbfe757c046f2d67c3bd39c91ad93f1997e7e587977849e83f51d78aab2e2309,5e9af5d726d0fa0c512a1a6bbfa5ea7d3e74da4f6c43da67c9de5ffa9d4c8978
308,31,7a4866492045dba5a1bc365fc34218005e72fdfa32b6e3d6ecefdeb2fafa7f38,320f47f5ff387d5a63306feba36508366d6dd2919f39168d6e78ec017ccf39e8
309,0,4d3e906d77e9291470fe9220300827d1bd5b41336d816c7d3bea49c540ad2edf,c9edaf0635a863cbdd438e2e13d3aee1e13b02e9fb0d75a902bae87e465d645a
309,1,3cdf02295d3a221c135cba7cd9531afa5c1c725dee31390382de0b8eda8275c0,51e8a930eed8fd583d6df7d3b7c2eddefb9bf88e46d0d208e5e23f3df20cc838
309,2,ec636773e397a0b8673032c4b748a62c52640ec5d9e6b5bfc37800d7a3d3d20e,87527008f7a1a253f647e21a2b81b26144a0a8459349315a19f5da29078e328d
309,3,3613ba087bb48695ecd5fa95b5c22bdf277c7c4ce75320170fcf2c951dcc452f,21b97f31839c493d7bf9521798bda9963fc913846794d78fd6c2749802ece66e
309,4,2fd7935a5c5b31260a5aa422182eeee76ede053e16eb6d4f98bd1ec4798830f8,503718ae90f69e1fada420ab6a5dc22af68aa1cca6a83a6e2e3b68cb67c081aa
309,5,c4f764e5fc053cd045efe87e23f2bc67a2afc698bc6608163a25939d4074bb7c,449d4c1c9b99254673a5c6d6452ccbea3e4e208236fb0c123961d0476315eeaf
309,6,a229977251017e61334c2b13b75bf0880371b09d7ce5289a174d0fa41726521e,7e0c224a9bff50857efa8ab6deb06793f7e0007b10f51e133be4bbeb5aee51ce
309,7,c4e13133d4f7a71afa7b3c46de87fdf358dc33182d06770f457a7ee60089879d,4b0ef96091ede91b1c731f562e3085c8e7202b3f66d08f955ae0632f2eb229e0
309,8,7233cade8ba883159d3faaa16f0c30a7ba8057f20517d731802bd2d1b3294e3c,81a1a83aaa334f456bbf213aefb75364b5370a01c899e8a2845df49e740028b7
309,9,033d2a90b5c8e8a1f68e11580edfb2b8c5ab09129e4c05cb3579ec4e6a2d9fd3,3df86e3b2ac03c31a84b5fd1247934dc7deb257f6bdf5797e7a84c19b5b9b594
309,10,e0d239c670217c6e1029284a454cce05e3c5611a89d2a41af80b646c233acfa4,053fc7c232eb8bef44b2c81f2f03f5d811d6d88aba07bc9b9dedfeb766cb1dcc
309,11,f82adb44fa1280b61732aa0c57283073e56fa3fe284b5c876a8f75a9ff1a435d,82f34d99ef305a91317c67b3fd7705dea3da56990c050a4115174707eaaa6eda
309,12,190a374fba8a212304926e46e9b7853ec084ca5ca534f09675451dfaf600e791,4f0511eacc95eca516e37cecb050ba80e141b141459e67a7353ab7ea1367d0a0
309,13,b69236fd51e7d80bf266246fea9fddcb7d6e09435f1ce9d6006262c20ec9d5cc,94f2361f7ef8f1bce9748eb265f6d8a1f64a49844a14d4072e30bd3f11917808
309,14,81e5f915102ba92ab686dcd4e65a0b11073ba48983b831da8b36181045bcf370,2145d0a9b7abba341140816b63f57ea449df08dc42328a0994b4602377733d75
309,15,593bbb27d4963e855e094220544c38a66a7084dcc8bbfc67b8599602a807727f,8373a50e70136ec569364a20edcfe36f70321dcd9f29c423bbf0098fda9d7e81
309,16,a526dd286d01aee289225487546ff10798a8777992f391a9a8efc8ac9debc4db,1854e7430f831ecc28cfcd1a4083010ee7fef087aae19f895d2ea858feb5a3d0
309,17,7c02a7edd45a6da0e20a3cc6e910ab58a55f7f3bb2d5777b4961c62bb7fe18b8,4afcb2b26e3525acbca9d59ad45e68b293033be115c9c1b1109b4fc102277fbc
309,18,3492fda140907763673943d19b644c952449b3de5f071bddf42323dce03946bd,ba531d428511c265338cbb183604d2ab3f1147b1c3377e0c0552ce8817094343
309,19,ee5a88b95c2c916e5f660e9aff7a7dccddd9d3dd1634c31384e0d76c3c2b03ee,a815d79b00a754f5b34499ed73f259d238c172c90dd2d7a66c19dcf3ac3482f9
309,20,74d3e7d67dd01542145c8ab47c7a3c422345c0074e153c4318ad8de957d2d804,abe52fdf9a43b24f9dde918a14e58e879f4d33428e7ec80ea043626358f8f5b7
309,21,713ac2e04f26b0c78b1ef5ba2f6fa77df58b5738f49f66add27f060f0bbb7826,5b50ded1564e0f9f18b10aa1cd6a76fda99749aca5c79aa4def4e1f0cdc5e1af
309,22,75384562144cad0cea4dde73fcd9e7b1200e689e8da61c4d74cdb56e4278f93f,dea0d794eab0ba07f48365da320e345bb485cf30a43653c694432933e57555c3
309,23,87bc7f2cdc2d084756f5100f5bc31d7a0b390117a6bd9cd6f1cf168af9780c63,eaeaa9699a6bdfa3f716ca0957bfa5fc8e9d9d93279a3788267e2c4310dd2a8f
309,24,8de84405df1cdeefb5c03ec11c5e20e6d6c33c17312e8c4c8ac0c7eb3f6fe772,482171f107000397c59f0fd703d465a13cef443269eca48362d1452d2cb120b9
309,25,ae27a89b57f7a2c34b2d486db494092f396b3f76a2eecde7d46d2c68b38ff159,373a2dcc92a93de2475bca11c9dfdeaca50dde1d22ed4e3d9145f186b9cc8995
309,26,31532859aea8390537cfd99202b87524c4a6336a793bb6819114b2958398a13d,67d73645070ec380967b4f88a31345d7c9c2cdd243b13c34bb594dee0df9a9f8
309,27,56ed57c5afa49936f39cad9553c0cd77cb639c42d03f890a21f311914b57a014,e8efe66c8b5b68ee831428741b0f32e9aa8b3b5def9ed01a9a20c97985857ed0
309,28,284150b5b2fa930d7b0ae7210374655a79a3ef362fc3db9fc792f5b6ceb508e5,21209571e46801aecc83347146561e43b0575e9f278f03769fe708754edb3860
309,29,4b747ef541454a46229a8bd38c6cf512b1aae1813208252f571c7c2b77e1f69c,4d5046f9cbbe0ecbbc2144f2eb9c48b235a800fc30258074085139a7c299a049
309,30,c0535c3047a8f0943442395e4d524fe08c60a595795eb1799d8be2d9fd305841,a502ff240fefaf8dca3b311f5fcba53fbd19fa32cc128e3c77a3d0aa7110d7f6
309,31,f90a9aa3418472cdc7c1532f0e5f1f70f842fc1556f38a7cca846b58ab954f3c,cd51f9d6f51d82ffa2ee2ad1390357c174e996697f0a331bd336bf4130fffd37
