run_id,phase,family,seed,sequence,policy,influence_spearman,joint_additivity_abs_gap,loss,active_loss,recovery_cost_mac,recovered,critical_event_recall,switch_event_recall,event_missed,wall_seconds,mac_proxy,updates,budget_left,critical_recall
20261009T092726.879189Z,pilot,sparse_key,1300,0,cbcc,0.2941680189502927,7.190090171445216e-05,0.005156738567113995,0.030656919140889728,,False,1.0,1.0,False,0.003698874730616808,45152,16,20992,1.0
20261009T092726.879189Z,pilot,sparse_key,1300,0,random,0.2941680189502927,7.190090171445216e-05,0.005261954729986242,0.030899001352943822,15744,True,0.0,1.0,True,0.0004637092351913452,65600,25,544,0.0
20261009T092726.879189Z,pilot,sparse_key,1300,0,fixed_frequency,0.2941680189502927,7.190090171445216e-05,0.00492393377912636,0.0291327024260834,15744,True,0.0,1.0,True,0.00033554108813405037,65600,25,544,0.0
20261009T092726.879189Z,pilot,sparse_key,1300,0,activity,0.2941680189502927,7.190090171445216e-05,0.0051799269716786825,0.030444627028401595,,False,1.0,1.0,False,0.0007505416870117188,55872,21,10272,1.0
20261009T092726.879189Z,pilot,sparse_key,1300,0,no_influence,0.2941680189502927,7.190090171445216e-05,0.005472164521837662,0.032019820610259785,15960,True,0.0,1.0,True,0.00045070797204971313,63840,24,2304,0.0
20261009T092726.879189Z,pilot,sparse_key,1300,1,cbcc,0.21463745555716615,0.00013304031379073074,0.004549356515077075,0.026585680010786414,8664,True,0.0,1.0,True,0.0030179168097674847,60896,22,26240,0.0
20261009T092726.879189Z,pilot,sparse_key,1300,1,random,0.21463745555716615,0.00013304031379073074,0.004542666185265071,0.027152003075353048,,False,1.0,1.0,False,0.0004314580000936985,65600,25,1088,1.0
20261009T092726.879189Z,pilot,sparse_key,1300,1,fixed_frequency,0.21463745555716615,0.00013304031379073074,0.003673264887531618,0.021610094894747276,,False,1.0,1.0,False,0.0003289170563220978,65600,25,1088,1.0
20261009T092726.879189Z,pilot,sparse_key,1300,1,activity,0.21463745555716615,0.00013304031379073074,0.004421650906028119,0.02477654935440277,15936,True,0.0,1.0,True,0.0007485831156373024,58496,22,17920,0.0
20261009T092726.879189Z,pilot,sparse_key,1300,1,no_influence,0.21463745555716615,0.00013304031379073074,0.0050205500459035695,0.02774106690516523,15960,True,0.0,1.0,True,0.0004524998366832733,66464,25,1984,0.0
20261009T092726.879189Z,pilot,sparse_key,1300,2,cbcc,-0.025498712928647773,0.0006115017859387974,0.017864119274063447,0.10653817864391385,,False,1.0,1.0,False,0.0030865827575325966,68768,25,23616,1.0
20261009T092726.879189Z,pilot,sparse_key,1300,2,random,-0.025498712928647773,0.0006115017859387974,0.018229313007720294,0.10922614423140033,18368,True,0.0,1.0,True,0.00042454199865460396,65600,25,1632,0.0
20261009T092726.879189Z,pilot,sparse_key,1300,2,fixed_frequency,-0.025498712928647773,0.0006115017859387974,0.01822891356735035,0.10922614423140033,18368,True,0.0,1.0,True,0.00041229091584682465,65600,25,1632,0.0
20261009T092726.879189Z,pilot,sparse_key,1300,2,activity,-0.025498712928647773,0.0006115017859387974,0.016735439663663414,0.09229662701560522,,False,1.0,1.0,False,0.0008355421014130116,53248,20,30816,1.0
20261009T092726.879189Z,pilot,sparse_key,1300,2,no_influence,-0.025498712928647773,0.0006115017859387974,0.018236663039625612,0.10922614423140033,15960,True,0.0,1.0,True,0.0004571247845888138,66464,25,1664,0.0
20261009T092726.879189Z,pilot,sparse_key,1300,3,cbcc,0.408717032125112,9.078880936675421e-05,0.007797845147781624,0.046061338798782096,,False,1.0,1.0,False,0.0036270832642912865,68768,25,20992,1.0
20261009T092726.879189Z,pilot,sparse_key,1300,3,random,0.408717032125112,9.078880936675421e-05,0.00666535628551466,0.03986353854281765,15744,True,0.0,1.0,True,0.000435458030551672,65600,25,2176,0.0
20261009T092726.879189Z,pilot,sparse_key,1300,3,fixed_frequency,0.408717032125112,9.078880936675421e-05,0.006648116034928962,0.03986353854281765,15744,True,0.0,1.0,True,0.0003292919136583805,65600,25,2176,0.0
20261009T092726.879189Z,pilot,sparse_key,1300,3,activity,0.408717032125112,9.078880936675421e-05,0.007614427534855632,0.04444565500085311,,False,1.0,1.0,False,0.0007318342104554176,45376,17,51584,1.0
20261009T092726.879189Z,pilot,sparse_key,1300,3,no_influence,0.408717032125112,9.078880936675421e-05,0.007910553003545524,0.04655829672655359,15960,True,0.0,1.0,True,0.0004527079872786999,66464,25,1344,0.0
20261009T092726.879189Z,pilot,sparse_key,1300,4,cbcc,0.20028757852600348,0.0005136088113419442,0.01677541722200958,0.0973874731108484,,False,1.0,1.0,False,0.003407333977520466,63520,23,23616,1.0
20261009T092726.879189Z,pilot,sparse_key,1300,4,random,0.20028757852600348,0.0005136088113419442,0.019184372705915487,0.11474666386252155,15744,True,0.0,1.0,True,0.0004946249537169933,68224,26,96,0.0
20261009T092726.879189Z,pilot,sparse_key,1300,4,fixed_frequency,0.20028757852600348,0.0005136088113419442,0.017767269824065058,0.10516748798651819,15744,True,0.0,1.0,True,0.00037783384323120117,68224,26,96,0.0
20261009T092726.879189Z,pilot,sparse_key,1300,4,activity,0.20028757852600348,0.0005136088113419442,0.015265191250741071,0.08084722647073415,,False,1.0,1.0,False,0.0008267080411314964,48000,18,69728,1.0
20261009T092726.879189Z,pilot,sparse_key,1300,4,no_influence,0.20028757852600348,0.0005136088113419442,0.01758397684060103,0.10437477260713707,18584,True,0.0,1.0,True,0.0005014999769628048,66464,25,1024,0.0
20261009T092726.879189Z,pilot,sparse_key,1300,5,cbcc,0.07542153312594511,0.00042210950672797663,0.012716475411819687,0.07560810443968971,,False,1.0,1.0,False,0.003428082913160324,60896,22,28864,1.0
20261009T092726.879189Z,pilot,sparse_key,1300,5,random,0.07542153312594511,0.00042210950672797663,0.012834001142451567,0.07669002217698527,15744,True,0.0,1.0,True,0.00047616660594940186,65600,25,640,0.0
20261009T092726.879189Z,pilot,sparse_key,1300,5,fixed_frequency,0.07542153312594511,0.00042210950672797663,0.012184396192489774,0.07248068850050816,,False,1.0,1.0,False,0.00034058280289173126,65600,25,640,1.0
20261009T092726.879189Z,pilot,sparse_key,1300,5,activity,0.07542153312594511,0.00042210950672797663,0.01122893056879884,0.06257721694119246,,False,1.0,1.0,False,0.0007796669378876686,63744,24,72128,1.0
20261009T092726.879189Z,pilot,sparse_key,1300,5,no_influence,0.07542153312594511,0.00042210950672797663,0.011627564125005959,0.06885397608674823,,False,1.0,1.0,False,0.000548957847058773,66464,25,704,1.0
20261009T092726.879189Z,pilot,sparse_key,1300,6,cbcc,0.1966382237427753,0.00030986563619896855,0.019140139767387595,0.1140590728862031,,False,1.0,1.0,False,0.0030578752048313618,68768,25,26240,1.0
20261009T092726.879189Z,pilot,sparse_key,1300,6,random,0.1966382237427753,0.00030986563619896855,0.016232986061288524,0.09616761282989789,,False,1.0,1.0,False,0.00041458290070295334,65600,25,1184,1.0
20261009T092726.879189Z,pilot,sparse_key,1300,6,fixed_frequency,0.1966382237427753,0.00030986563619896855,0.01982612267589214,0.11799284207390434,18368,True,0.0,1.0,True,0.0003232918679714203,65600,25,1184,0.0
20261009T092726.879189Z,pilot,sparse_key,1300,6,activity,0.1966382237427753,0.00030986563619896855,0.018741022827859943,0.11078566831576253,15936,True,0.0,1.0,True,0.0007357909344136715,55872,21,82400,0.0
20261009T092726.879189Z,pilot,sparse_key,1300,6,no_influence,0.1966382237427753,0.00030986563619896855,0.015517944816317882,0.09154525916999753,,False,1.0,1.0,False,0.0004504169337451458,66464,25,384,1.0
20261009T092726.879189Z,pilot,sparse_key,1300,7,cbcc,0.29304247674956957,0.00021032199877478656,0.011718297153829027,0.06956829985562751,,False,1.0,1.0,False,0.0036520836874842644,71392,26,20992,1.0
20261009T092726.879189Z,pilot,sparse_key,1300,7,random,0.29304247674956957,0.00021032199877478656,0.011565717516858497,0.06828516929936944,18368,True,0.0,1.0,True,0.0004655001685023308,65600,25,1728,0.0
20261009T092726.879189Z,pilot,sparse_key,1300,7,fixed_frequency,0.29304247674956957,0.00021032199877478656,0.012852981641013643,0.07228258036078128,18368,True,0.0,1.0,True,0.00034170830622315407,65600,25,1728,0.0
20261009T092726.879189Z,pilot,sparse_key,1300,7,activity,0.29304247674956957,0.00021032199877478656,0.011668642809468081,0.06927268976235242,15936,True,0.0,1.0,True,0.0007687918841838837,58496,22,90048,0.0
20261009T092726.879189Z,pilot,sparse_key,1300,7,no_influence,0.29304247674956957,0.00021032199877478656,0.010862373235081532,0.0645040235219953,15960,True,0.0,1.0,True,0.000508749857544899,66464,25,64,0.0
20261009T092726.879189Z,pilot,sparse_key,1301,0,cbcc,-0.23227797820049725,0.0006036575923730515,0.016123733525350487,0.0879115867492095,,False,1.0,1.0,False,0.0030085421167314053,32032,11,34112,1.0
20261009T092726.879189Z,pilot,sparse_key,1301,0,random,-0.23227797820049725,0.0006036575923730515,0.015869445776604697,0.08663354879289661,,False,1.0,1.0,False,0.00042883260175585747,65600,25,544,1.0
20261009T092726.879189Z,pilot,sparse_key,1301,0,fixed_frequency,-0.23227797820049725,0.0006036575923730515,0.016189978340229987,0.09359892063036594,,False,1.0,1.0,False,0.00033808406442403793,65600,25,544,1.0
20261009T092726.879189Z,pilot,sparse_key,1301,0,activity,-0.23227797820049725,0.0006036575923730515,0.01499499275014054,0.08702199965281006,,False,1.0,1.0,False,0.0007629580795764923,55872,21,10272,1.0
20261009T092726.879189Z,pilot,sparse_key,1301,0,no_influence,-0.23227797820049725,0.0006036575923730515,0.015363528441691048,0.09119441392599298,,False,1.0,1.0,False,0.000752083957195282,63840,24,2304,1.0
20261009T092726.879189Z,pilot,sparse_key,1301,1,cbcc,0.24533536240680007,0.00031067043190194274,0.004771138488289693,0.02672571047787855,6040,True,0.0,1.0,True,0.003547667060047388,71392,26,28864,0.0
20261009T092726.879189Z,pilot,sparse_key,1301,1,random,0.24533536240680007,0.00031067043190194274,0.005517743226913255,0.03246995237417048,18368,True,0.0,1.0,True,0.00046175019815564156,65600,25,1088,0.0
20261009T092726.879189Z,pilot,sparse_key,1301,1,fixed_frequency,0.24533536240680007,0.00031067043190194274,0.0068042860783596075,0.03949081477573535,18368,True,0.0,1.0,True,0.0003526252694427967,65600,25,1088,0.0
20261009T092726.879189Z,pilot,sparse_key,1301,1,activity,0.24533536240680007,0.00031067043190194274,0.004660860950715956,0.02654317871816772,15936,True,0.0,1.0,True,0.0007639997638761997,58496,22,17920,0.0
20261009T092726.879189Z,pilot,sparse_key,1301,1,no_influence,0.24533536240680007,0.00031067043190194274,0.005020708480638802,0.02954862237701938,,False,1.0,1.0,False,0.0004607909359037876,66464,25,1984,1.0
20261009T092726.879189Z,pilot,sparse_key,1301,2,cbcc,0.1377958460562686,0.00024096100729075715,0.0168705642997285,0.10097758290564558,,False,1.0,1.0,False,0.0033097080886363983,71392,26,23616,1.0
20261009T092726.879189Z,pilot,sparse_key,1301,2,random,0.1377958460562686,0.00024096100729075715,0.01761985970244563,0.10569400054791765,18368,True,0.0,1.0,True,0.0004759998992085457,65600,25,1632,0.0
20261009T092726.879189Z,pilot,sparse_key,1301,2,fixed_frequency,0.1377958460562686,0.00024096100729075715,0.01699930089632961,0.10180805035184906,18368,True,0.0,1.0,True,0.0003635827451944351,65600,25,1632,0.0
20261009T092726.879189Z,pilot,sparse_key,1301,2,activity,0.1377958460562686,0.00024096100729075715,0.015456503919748453,0.09176948703785412,,False,1.0,1.0,False,0.0008240421302616596,58496,22,25568,1.0
20261009T092726.879189Z,pilot,sparse_key,1301,2,no_influence,0.1377958460562686,0.00024096100729075715,0.017752805131410223,0.10569400054791765,15960,True,0.0,1.0,True,0.0010319165885448456,66464,25,1664,0.0
20261009T092726.879189Z,pilot,sparse_key,1301,3,cbcc,0.4276605856680358,0.00038048214863797033,0.008306677845921857,0.04888272371557208,,False,1.0,1.0,False,0.0037443749606609344,58272,21,31488,1.0
20261009T092726.879189Z,pilot,sparse_key,1301,3,random,0.4276605856680358,0.00038048214863797033,0.007193169632731149,0.04269387892937722,15744,True,0.0,1.0,True,0.0005341670475900173,65600,25,2176,0.0
20261009T092726.879189Z,pilot,sparse_key,1301,3,fixed_frequency,0.4276605856680358,0.00038048214863797033,0.007698759277487359,0.045717677637559115,,False,1.0,1.0,False,0.000435458030551672,65600,25,2176,1.0
20261009T092726.879189Z,pilot,sparse_key,1301,3,activity,0.4276605856680358,0.00038048214863797033,0.008303865314103273,0.049366219202760714,15936,True,0.0,1.0,True,0.0008753328584134579,63744,24,27968,0.0
20261009T092726.879189Z,pilot,sparse_key,1301,3,no_influence,0.4276605856680358,0.00038048214863797033,0.008096835278643003,0.04832102021764907,18584,True,0.0,1.0,True,0.0004617092199623585,66464,25,1344,0.0
20261009T092726.879189Z,pilot,sparse_key,1301,4,cbcc,0.28698365391934333,0.000325911765177702,0.0065486781082326655,0.0379379730828898,,False,1.0,1.0,False,0.003361125010997057,63520,23,34112,1.0
20261009T092726.879189Z,pilot,sparse_key,1301,4,random,0.28698365391934333,0.000325911765177702,0.007517062247992332,0.045077215821197864,15744,True,0.0,1.0,True,0.00048466678708791733,68224,26,96,0.0
20261009T092726.879189Z,pilot,sparse_key,1301,4,fixed_frequency,0.28698365391934333,0.000325911765177702,0.006584285495314761,0.038487126592437124,15744,True,0.0,1.0,True,0.00038058310747146606,68224,26,96,0.0
20261009T092726.879189Z,pilot,sparse_key,1301,4,activity,0.28698365391934333,0.000325911765177702,0.006005329986367902,0.03340226834358269,,False,1.0,1.0,False,0.0008263750933110714,61120,23,32992,1.0
20261009T092726.879189Z,pilot,sparse_key,1301,4,no_influence,0.28698365391934333,0.000325911765177702,0.006982773826337134,0.0378978161728983,18584,True,0.0,1.0,True,0.0006732912734150887,66464,25,1024,0.0
20261009T092726.879189Z,pilot,sparse_key,1301,5,cbcc,-0.03444742520988362,0.00015096129755164925,0.006849742236919965,0.040056042466832344,,False,1.0,1.0,False,0.0039449590258300304,76640,28,23616,1.0
20261009T092726.879189Z,pilot,sparse_key,1301,5,random,-0.03444742520988362,0.00015096129755164925,0.007160057035483173,0.04224499135822557,,False,1.0,1.0,False,0.00042845821008086205,65600,25,640,1.0
20261009T092726.879189Z,pilot,sparse_key,1301,5,fixed_frequency,-0.03444742520988362,0.00015096129755164925,0.008005629135815673,0.047649955734957485,,False,1.0,1.0,False,0.00032899994403123856,65600,25,640,1.0
20261009T092726.879189Z,pilot,sparse_key,1301,5,activity,-0.03444742520988362,0.00015096129755164925,0.0064677079954623675,0.03825377424479744,,False,1.0,1.0,False,0.0007602497935295105,58496,22,40640,1.0
20261009T092726.879189Z,pilot,sparse_key,1301,5,no_influence,-0.03444742520988362,0.00015096129755164925,0.006810304129101424,0.0403118358746686,15960,True,0.0,1.0,True,0.00046504195779561996,66464,25,704,0.0
20261009T092726.879189Z,pilot,sparse_key,1301,6,cbcc,0.31905405132650216,0.0005554776421946306,0.012538227905791484,0.0746388049676146,,False,1.0,1.0,False,0.003092041239142418,68768,25,20992,1.0
20261009T092726.879189Z,pilot,sparse_key,1301,6,random,0.31905405132650216,0.0005554776421946306,0.014049087157770179,0.08406611376792664,18368,True,0.0,1.0,True,0.0004125828854739666,65600,25,1184,0.0
20261009T092726.879189Z,pilot,sparse_key,1301,6,fixed_frequency,0.31905405132650216,0.0005554776421946306,0.012987921052012477,0.07758437904370447,18368,True,0.0,1.0,True,0.0003282078541815281,65600,25,1184,0.0
20261009T092726.879189Z,pilot,sparse_key,1301,6,activity,0.31905405132650216,0.0005554776421946306,0.013462645164868477,0.08053011218653447,,False,1.0,1.0,False,0.0007602921687066555,58496,22,48288,1.0
20261009T092726.879189Z,pilot,sparse_key,1301,6,no_influence,0.31905405132650216,0.0005554776421946306,0.014481778824478111,0.0864846840523125,15960,True,0.0,1.0,True,0.0004487079568207264,66464,25,384,0.0
20261009T092726.879189Z,pilot,sparse_key,1301,7,cbcc,-0.09490832874461612,0.00015774442505041885,0.011144110548748157,0.05745102334875602,,False,1.0,1.0,False,0.003003000281751156,58272,21,28864,1.0
20261009T092726.879189Z,pilot,sparse_key,1301,7,random,-0.09490832874461612,0.00015774442505041885,0.013190156434977715,0.07911578094311016,15744,True,0.0,1.0,True,0.0004304591566324234,65600,25,1728,0.0
20261009T092726.879189Z,pilot,sparse_key,1301,7,fixed_frequency,-0.09490832874461612,0.00015774442505041885,0.013860003361578131,0.08198128633985927,15744,True,0.0,1.0,True,0.00033512525260448456,65600,25,1728,0.0
20261009T092726.879189Z,pilot,sparse_key,1301,7,activity,-0.09490832874461612,0.00015774442505041885,0.01437806123311753,0.08481769113044235,15936,True,0.0,1.0,True,0.0010308329947292805,58496,22,55936,0.0
20261009T092726.879189Z,pilot,sparse_key,1301,7,no_influence,-0.09490832874461612,0.00015774442505041885,0.011610082053035584,0.06819911976185507,,False,1.0,1.0,False,0.0004792087711393833,66464,25,64,1.0
20261009T092726.879189Z,pilot,sparse_key,1302,0,cbcc,-0.020725545172336036,0.00018901769216824767,0.013205643523129374,0.07908919626726948,,False,1.0,1.0,False,0.0036214999854564667,32032,11,34112,1.0
20261009T092726.879189Z,pilot,sparse_key,1302,0,random,-0.020725545172336036,0.00018901769216824767,0.013129349006285226,0.07819067100161566,,False,1.0,1.0,False,0.0004343329928815365,65600,25,544,1.0
20261009T092726.879189Z,pilot,sparse_key,1302,0,fixed_frequency,-0.020725545172336036,0.00018901769216824767,0.013430924674945643,0.08056039038291772,15744,True,0.0,1.0,True,0.0003327089361846447,65600,25,544,0.0
20261009T092726.879189Z,pilot,sparse_key,1302,0,activity,-0.020725545172336036,0.00018901769216824767,0.012927167732602947,0.07519537510020458,,False,1.0,1.0,False,0.0007656672969460487,58496,22,7648,1.0
20261009T092726.879189Z,pilot,sparse_key,1302,0,no_influence,-0.020725545172336036,0.00018901769216824767,0.011969419459881147,0.07052211078671163,15960,True,0.0,1.0,True,0.0004547080025076866,63840,24,2304,0.0
20261009T092726.879189Z,pilot,sparse_key,1302,1,cbcc,0.36994353225765025,0.00012745471671690917,0.004220236417543298,0.021229462631810813,,False,1.0,1.0,False,0.003082999959588051,79264,29,20992,1.0
20261009T092726.879189Z,pilot,sparse_key,1302,1,random,0.36994353225765025,0.00012745471671690917,0.00480581866322691,0.028192045714533785,15744,True,0.0,1.0,True,0.0004204581491649151,65600,25,1088,0.0
20261009T092726.879189Z,pilot,sparse_key,1302,1,fixed_frequency,0.36994353225765025,0.00012745471671690917,0.004796639845340713,0.028192045714533785,15744,True,0.0,1.0,True,0.000331041868776083,65600,25,1088,0.0
20261009T092726.879189Z,pilot,sparse_key,1302,1,activity,0.36994353225765025,0.00012745471671690917,0.005054756800973346,0.02990988683780089,,False,1.0,1.0,False,0.0007272916845977306,37504,14,36288,1.0
20261009T092726.879189Z,pilot,sparse_key,1302,1,no_influence,0.36994353225765025,0.00012745471671690917,0.004821315382708616,0.028192045714533785,15960,True,0.0,1.0,True,0.00046795792877674103,66464,25,1984,0.0
20261009T092726.879189Z,pilot,sparse_key,1302,2,cbcc,0.30016095105143725,0.0004383165726946578,0.008571065811446465,0.051408976012399826,,False,1.0,1.0,False,0.003078875131905079,60896,22,26240,1.0
20261009T092726.879189Z,pilot,sparse_key,1302,2,random,0.30016095105143725,0.0004383165726946578,0.008715527965395868,0.052173573241830425,18368,True,0.0,1.0,True,0.00042612524703145027,65600,25,1632,0.0
20261009T092726.879189Z,pilot,sparse_key,1302,2,fixed_frequency,0.30016095105143725,0.0004383165726946578,0.00855271086450204,0.051252549265318734,18368,True,0.0,1.0,True,0.0005411668680608273,65600,25,1632,0.0
20261009T092726.879189Z,pilot,sparse_key,1302,2,activity,0.30016095105143725,0.0004383165726946578,0.008612758389915568,0.051168931231447466,,False,1.0,1.0,False,0.00077104102820158,53248,20,49184,1.0
20261009T092726.879189Z,pilot,sparse_key,1302,2,no_influence,0.30016095105143725,0.0004383165726946578,0.008546284488679144,0.051252549265318734,15960,True,0.0,1.0,True,0.00046025030314922333,66464,25,1664,0.0
20261009T092726.879189Z,pilot,sparse_key,1302,3,cbcc,0.19541114960721678,0.00010063786426038424,0.007376539581108756,0.04379158637467071,,False,1.0,1.0,False,0.0030627078376710415,66144,24,26240,1.0
20261009T092726.879189Z,pilot,sparse_key,1302,3,random,0.19541114960721678,0.00010063786426038424,0.007736584033817946,0.04569466800016921,15744,True,0.0,1.0,True,0.00045745912939310074,65600,25,2176,0.0
20261009T092726.879189Z,pilot,sparse_key,1302,3,fixed_frequency,0.19541114960721678,0.00010063786426038424,0.007594481355749537,0.045169611286839224,15744,True,0.0,1.0,True,0.00043237488716840744,65600,25,2176,0.0
20261009T092726.879189Z,pilot,sparse_key,1302,3,activity,0.19541114960721678,0.00010063786426038424,0.008030564534737078,0.04683917273432077,,False,1.0,1.0,False,0.0008658748120069504,61120,23,54208,1.0
20261009T092726.879189Z,pilot,sparse_key,1302,3,no_influence,0.19541114960721678,0.00010063786426038424,0.008031244681007693,0.04762049007319961,15960,True,0.0,1.0,True,0.000508500263094902,66464,25,1344,0.0
20261009T092726.879189Z,pilot,sparse_key,1302,4,cbcc,0.4352562148533413,0.00016712713830120994,0.0033270548637565262,0.019100201190176073,,False,1.0,1.0,False,0.0030452911742031574,63520,23,28864,1.0
20261009T092726.879189Z,pilot,sparse_key,1302,4,random,0.4352562148533413,0.00016712713830120994,0.0035634170419536794,0.02028130078513738,15744,True,0.0,1.0,True,0.0004457910545170307,68224,26,96,0.0
20261009T092726.879189Z,pilot,sparse_key,1302,4,fixed_frequency,0.4352562148533413,0.00016712713830120994,0.0032222041513613048,0.017819266299272073,,False,1.0,1.0,False,0.0004050424322485924,68224,26,96,1.0
20261009T092726.879189Z,pilot,sparse_key,1302,4,activity,0.4352562148533413,0.00016712713830120994,0.0035801314784124263,0.021200311108528793,15936,True,0.0,1.0,True,0.0007911669090390205,63744,24,56608,0.0
20261009T092726.879189Z,pilot,sparse_key,1302,4,no_influence,0.4352562148533413,0.00016712713830120994,0.003578911572690764,0.021200311108528793,18584,True,0.0,1.0,True,0.00046399980783462524,66464,25,1024,0.0
20261009T092726.879189Z,pilot,sparse_key,1302,5,cbcc,-0.22859740460674394,7.725600944687226e-05,0.01481522321920823,0.08652372638903887,,False,1.0,1.0,False,0.003095999825745821,66144,24,28864,1.0
20261009T092726.879189Z,pilot,sparse_key,1302,5,random,-0.22859740460674394,7.725600944687226e-05,0.012035814291730347,0.07191391199672643,15744,True,0.0,1.0,True,0.0004359590820968151,65600,25,640,0.0
20261009T092726.879189Z,pilot,sparse_key,1302,5,fixed_frequency,-0.22859740460674394,7.725600944687226e-05,0.014446324355872732,0.08579958918468486,15744,True,0.0,1.0,True,0.0003380407579243183,65600,25,640,0.0
20261009T092726.879189Z,pilot,sparse_key,1302,5,activity,-0.22859740460674394,7.725600944687226e-05,0.016638451830248684,0.09719492986805693,15936,True,0.0,1.0,True,0.0007720841094851494,61120,23,61632,0.0
20261009T092726.879189Z,pilot,sparse_key,1302,5,no_influence,-0.22859740460674394,7.725600944687226e-05,0.010925985719115081,0.06460686540329014,,False,1.0,1.0,False,0.00046408409252762794,66464,25,704,1.0
20261009T092726.879189Z,pilot,sparse_key,1302,6,cbcc,0.3314257278287715,0.00011023964154613112,0.006671353445603624,0.032146783352990344,,False,1.0,1.0,False,0.0030485419556498528,74016,27,20992,1.0
20261009T092726.879189Z,pilot,sparse_key,1302,6,random,0.3314257278287715,0.00011023964154613112,0.004281060068295931,0.025661202743019456,15744,True,0.0,1.0,True,0.0007941247895359993,65600,25,1184,0.0
20261009T092726.879189Z,pilot,sparse_key,1302,6,fixed_frequency,0.3314257278287715,0.00011023964154613112,0.004286767839160049,0.025661202743019456,15744,True,0.0,1.0,True,0.00038516707718372345,65600,25,1184,0.0
20261009T092726.879189Z,pilot,sparse_key,1302,6,activity,0.3314257278287715,0.00011023964154613112,0.004178326389523794,0.024824215048881333,,False,1.0,1.0,False,0.000758875161409378,55872,21,71904,1.0
20261009T092726.879189Z,pilot,sparse_key,1302,6,no_influence,0.3314257278287715,0.00011023964154613112,0.0037047616803188217,0.021197090400328224,,False,1.0,1.0,False,0.00044358428567647934,66464,25,384,1.0
20261009T092726.879189Z,pilot,sparse_key,1302,7,cbcc,0.20805633566647386,0.0006556108625185333,0.0035824176066110436,0.02003441523837159,,False,1.0,1.0,False,0.0030332086607813835,66144,24,20992,1.0
20261009T092726.879189Z,pilot,sparse_key,1302,7,random,0.20805633566647386,0.0006556108625185333,0.0031143169371362703,0.017484729849507906,18368,True,0.0,1.0,True,0.0003993748687207699,65600,25,1728,0.0
20261009T092726.879189Z,pilot,sparse_key,1302,7,fixed_frequency,0.20805633566647386,0.0006556108625185333,0.0038541823118301856,0.022960104651683452,18368,True,0.0,1.0,True,0.0003175418823957443,65600,25,1728,0.0
20261009T092726.879189Z,pilot,sparse_key,1302,7,activity,0.20805633566647386,0.0006556108625185333,0.0031394802042888797,0.01856278303379025,,False,1.0,1.0,False,0.0007334169931709766,50624,19,87424,1.0
20261009T092726.879189Z,pilot,sparse_key,1302,7,no_influence,0.20805633566647386,0.0006556108625185333,0.0031275398602344157,0.01773517257441799,15960,True,0.0,1.0,True,0.0004582088440656662,66464,25,64,0.0
20261009T092726.879189Z,pilot,sparse_key,1303,0,cbcc,-0.11326780492741392,0.0002153420747987434,0.005723770943846944,0.027076863646476285,,False,1.0,1.0,False,0.003014666959643364,39904,14,26240,1.0
20261009T092726.879189Z,pilot,sparse_key,1303,0,random,-0.11326780492741392,0.0002153420747987434,0.0049210775916931964,0.02911494499797847,,False,1.0,1.0,False,0.0006196661852300167,65600,25,544,1.0
20261009T092726.879189Z,pilot,sparse_key,1303,0,fixed_frequency,-0.11326780492741392,0.0002153420747987434,0.005449090486101801,0.028106840893446977,15744,True,0.0,1.0,True,0.0004191668704152107,65600,25,544,0.0
20261009T092726.879189Z,pilot,sparse_key,1303,0,activity,-0.11326780492741392,0.0002153420747987434,0.004519779118902478,0.026928314530292576,,False,1.0,1.0,False,0.0007520001381635666,40128,15,26016,1.0
20261009T092726.879189Z,pilot,sparse_key,1303,0,no_influence,-0.11326780492741392,0.0002153420747987434,0.0048742542174434736,0.029058977973310588,15960,True,0.0,1.0,True,0.00046220794320106506,63840,24,2304,0.0
20261009T092726.879189Z,pilot,sparse_key,1303,1,cbcc,0.22779692701924334,6.573703266480444e-05,0.0061836125140028566,0.036613245815631995,,False,1.0,1.0,False,0.003099250141531229,63520,23,28864,1.0
20261009T092726.879189Z,pilot,sparse_key,1303,1,random,0.22779692701924334,6.573703266480444e-05,0.0063498555047208265,0.03765695472266469,15744,True,0.0,1.0,True,0.0004864162765443325,65600,25,1088,0.0
20261009T092726.879189Z,pilot,sparse_key,1303,1,fixed_frequency,0.22779692701924334,6.573703266480444e-05,0.006285543843692552,0.03765695472266469,15744,True,0.0,1.0,True,0.0003688330762088299,65600,25,1088,0.0
20261009T092726.879189Z,pilot,sparse_key,1303,1,activity,0.22779692701924334,6.573703266480444e-05,0.005809306861621052,0.03313920400857384,15936,True,0.0,1.0,True,0.0008408329449594021,61120,23,31040,0.0
20261009T092726.879189Z,pilot,sparse_key,1303,1,no_influence,0.22779692701924334,6.573703266480444e-05,0.005379869950125199,0.031608619348992284,,False,1.0,1.0,False,0.0005035828799009323,66464,25,1984,1.0
20261009T092726.879189Z,pilot,sparse_key,1303,2,cbcc,0.3011164014981528,0.00021453518730428386,0.009210096330189599,0.05456534730598404,,False,1.0,1.0,False,0.0030098329298198223,60896,22,34112,1.0
20261009T092726.879189Z,pilot,sparse_key,1303,2,random,0.3011164014981528,0.00021453518730428386,0.007719395198176,0.04612942386573523,,False,1.0,1.0,False,0.0004338342696428299,65600,25,1632,1.0
20261009T092726.879189Z,pilot,sparse_key,1303,2,fixed_frequency,0.3011164014981528,0.00021453518730428386,0.009008815741144885,0.05368227742996209,18368,True,0.0,1.0,True,0.00046804221346974373,65600,25,1632,0.0
20261009T092726.879189Z,pilot,sparse_key,1303,2,activity,0.3011164014981528,0.00021453518730428386,0.009792491487601208,0.05735479185850362,15936,True,0.0,1.0,True,0.000803124625235796,58496,22,38688,0.0
20261009T092726.879189Z,pilot,sparse_key,1303,2,no_influence,0.3011164014981528,0.00021453518730428386,0.009265490663039134,0.05504433720271997,15960,True,0.0,1.0,True,0.00046387501060962677,66464,25,1664,0.0
20261009T092726.879189Z,pilot,sparse_key,1303,3,cbcc,0.1375349643298648,0.0004216727411997708,0.008992800399387732,0.05384309917619519,,False,1.0,1.0,False,0.003083250019699335,76640,28,23616,1.0
20261009T092726.879189Z,pilot,sparse_key,1303,3,random,0.1375349643298648,0.0004216727411997708,0.009280083491309552,0.055608434684425334,15744,True,0.0,1.0,True,0.00041399989277124405,65600,25,2176,0.0
20261009T092726.879189Z,pilot,sparse_key,1303,3,fixed_frequency,0.1375349643298648,0.0004216727411997708,0.009783863466776404,0.058681305644942824,15744,True,0.0,1.0,True,0.000379292294383049,65600,25,2176,0.0
20261009T092726.879189Z,pilot,sparse_key,1303,3,activity,0.1375349643298648,0.0004216727411997708,0.008414348552301118,0.048435482413735256,,False,1.0,1.0,False,0.0007371669635176659,53248,20,51584,1.0
20261009T092726.879189Z,pilot,sparse_key,1303,3,no_influence,0.1375349643298648,0.0004216727411997708,0.00963411586325564,0.05672891160951356,15960,True,0.0,1.0,True,0.0004465417005121708,66464,25,1344,0.0
20261009T092726.879189Z,pilot,sparse_key,1303,4,cbcc,0.2989663556488728,9.567198876162423e-05,0.013947100275684255,0.08321414209186495,,False,1.0,1.0,False,0.003057041671127081,68768,25,20992,1.0
20261009T092726.879189Z,pilot,sparse_key,1303,4,random,0.2989663556488728,9.567198876162423e-05,0.013520859248022486,0.08109999782137878,15744,True,0.0,1.0,True,0.00040191691368818283,68224,26,96,0.0
20261009T092726.879189Z,pilot,sparse_key,1303,4,fixed_frequency,0.2989663556488728,9.567198876162423e-05,0.014206773419126061,0.085084367020019,15744,True,0.0,1.0,True,0.00033949967473745346,68224,26,96,0.0
20261009T092726.879189Z,pilot,sparse_key,1303,4,activity,0.2989663556488728,9.567198876162423e-05,0.012983585648454013,0.0737901310019069,,False,1.0,1.0,False,0.0007364577613770962,53248,20,64480,1.0
20261009T092726.879189Z,pilot,sparse_key,1303,4,no_influence,0.2989663556488728,9.567198876162423e-05,0.013614373908513833,0.08109999782137878,18584,True,0.0,1.0,True,0.00044733332470059395,66464,25,1024,0.0
20261009T092726.879189Z,pilot,sparse_key,1303,5,cbcc,0.21562732719451558,0.00027943449077327923,0.017349405393835008,0.1038736649207313,6040,True,0.0,1.0,True,0.003167250193655491,58272,21,28864,0.0
20261009T092726.879189Z,pilot,sparse_key,1303,5,random,0.21562732719451558,0.00027943449077327923,0.01652193273385594,0.09895898685642258,15744,True,0.0,1.0,True,0.0005104998126626015,65600,25,640,0.0
20261009T092726.879189Z,pilot,sparse_key,1303,5,fixed_frequency,0.21562732719451558,0.00027943449077327923,0.01624669093883312,0.09745498796624259,15744,True,0.0,1.0,True,0.00032962532714009285,65600,25,640,0.0
20261009T092726.879189Z,pilot,sparse_key,1303,5,activity,0.21562732719451558,0.00027943449077327923,0.016646418987690922,0.0994330359347518,15936,True,0.0,1.0,True,0.0007445001974701881,55872,21,74752,0.0
20261009T092726.879189Z,pilot,sparse_key,1303,5,no_influence,0.21562732719451558,0.00027943449077327923,0.01624669093883312,0.09745498796624259,15960,True,0.0,1.0,True,0.0004452075809240341,66464,25,704,0.0
20261009T092726.879189Z,pilot,sparse_key,1303,6,cbcc,0.015861816950799374,0.0003617736908573935,0.0069674161585719235,0.03824055826950593,3416,True,0.0,1.0,True,0.0030612917616963387,60896,22,34112,0.0
20261009T092726.879189Z,pilot,sparse_key,1303,6,random,0.015861816950799374,0.0003617736908573935,0.00815963273794066,0.04773806131171067,18368,True,0.0,1.0,True,0.000423249788582325,65600,25,1184,0.0
20261009T092726.879189Z,pilot,sparse_key,1303,6,fixed_frequency,0.015861816950799374,0.0003617736908573935,0.008277356248192579,0.04942986568654853,,False,1.0,1.0,False,0.00033020833507180214,65600,25,1184,1.0
20261009T092726.879189Z,pilot,sparse_key,1303,6,activity,0.015861816950799374,0.0003617736908573935,0.008061184496513663,0.046235888589762006,15936,True,0.0,1.0,True,0.0007417080923914909,53248,20,87648,0.0
20261009T092726.879189Z,pilot,sparse_key,1303,6,no_influence,0.015861816950799374,0.0003617736908573935,0.008840472892413806,0.05301767968772671,15960,True,0.0,1.0,True,0.000455459114164114,66464,25,384,0.0
20261009T092726.879189Z,pilot,sparse_key,1303,7,cbcc,0.18827955130975607,0.00011996043614135709,0.012674583527165002,0.07514888387674735,,False,1.0,1.0,False,0.0031146248802542686,71392,26,28864,1.0
20261009T092726.879189Z,pilot,sparse_key,1303,7,random,0.18827955130975607,0.00011996043614135709,0.013965769021224754,0.0836318490476619,,False,1.0,1.0,False,0.00043841684237122536,65600,25,1728,1.0
20261009T092726.879189Z,pilot,sparse_key,1303,7,fixed_frequency,0.18827955130975607,0.00011996043614135709,0.014509240332799581,0.08703028433004135,18368,True,0.0,1.0,True,0.0003521251492202282,65600,25,1728,0.0
20261009T092726.879189Z,pilot,sparse_key,1303,7,activity,0.18827955130975607,0.00011996043614135709,0.012967680345619534,0.0774908312901116,,False,1.0,1.0,False,0.0009247907437384129,58496,22,95296,1.0
20261009T092726.879189Z,pilot,sparse_key,1303,7,no_influence,0.18827955130975607,0.00011996043614135709,0.013320574659764897,0.07833647184304732,15960,True,0.0,1.0,True,0.00047349976375699043,66464,25,64,0.0
20261009T092726.879189Z,pilot,sparse_key,1304,0,cbcc,0.12025185078599854,0.0008555067484466675,0.01847278624143515,0.11049749681687016,,False,1.0,1.0,False,0.0039134579710662365,37280,13,28864,1.0
20261009T092726.879189Z,pilot,sparse_key,1304,0,random,0.12025185078599854,0.0008555067484466675,0.01812157164775917,0.10823673815517709,,False,1.0,1.0,False,0.00043504172936081886,65600,25,544,1.0
20261009T092726.879189Z,pilot,sparse_key,1304,0,fixed_frequency,0.12025185078599854,0.0008555067484466675,0.018337323778022475,0.10905029301710052,,False,1.0,1.0,False,0.0003382498398423195,65600,25,544,1.0
20261009T092726.879189Z,pilot,sparse_key,1304,0,activity,0.12025185078599854,0.0008555067484466675,0.0169500094629373,0.10154457214050086,,False,1.0,1.0,False,0.0007515000179409981,55872,21,10272,1.0
20261009T092726.879189Z,pilot,sparse_key,1304,0,no_influence,0.12025185078599854,0.0008555067484466675,0.01897883428688623,0.11367240526788895,15960,True,0.0,1.0,True,0.00045499997213482857,63840,24,2304,0.0
20261009T092726.879189Z,pilot,sparse_key,1304,1,cbcc,0.3418233125588736,8.475788175309993e-05,0.007376663029158394,0.04264566196670908,,False,1.0,1.0,False,0.003117916639894247,74016,27,20992,1.0
20261009T092726.879189Z,pilot,sparse_key,1304,1,random,0.3418233125588736,8.475788175309993e-05,0.00839336767737126,0.050285395815673165,18368,True,0.0,1.0,True,0.0004221671260893345,65600,25,1088,0.0
20261009T092726.879189Z,pilot,sparse_key,1304,1,fixed_frequency,0.3418233125588736,8.475788175309993e-05,0.008393467337496494,0.050285395815673165,18368,True,0.0,1.0,True,0.00033795880153775215,65600,25,1088,0.0
20261009T092726.879189Z,pilot,sparse_key,1304,1,activity,0.3418233125588736,8.475788175309993e-05,0.0074354460809489984,0.042730607932681235,,False,1.0,1.0,False,0.0007438748143613338,45376,17,31040,1.0
20261009T092726.879189Z,pilot,sparse_key,1304,1,no_influence,0.3418233125588736,8.475788175309993e-05,0.00819269705731287,0.048612801913190014,15960,True,0.0,1.0,True,0.0006059170700609684,66464,25,1984,0.0
20261009T092726.879189Z,pilot,sparse_key,1304,2,cbcc,0.08219575757774153,0.00014752430258346288,0.010784384263608329,0.06315465722922489,,False,1.0,1.0,False,0.003086125012487173,68768,25,18368,1.0
20261009T092726.879189Z,pilot,sparse_key,1304,2,random,0.08219575757774153,0.00014752430258346288,0.010976901114726432,0.06475850253826834,18368,True,0.0,1.0,True,0.0004915422759950161,65600,25,1632,0.0
20261009T092726.879189Z,pilot,sparse_key,1304,2,fixed_frequency,0.08219575757774153,0.00014752430258346288,0.010917178040675669,0.06488500884861462,18368,True,0.0,1.0,True,0.0003404589369893074,65600,25,1632,0.0
20261009T092726.879189Z,pilot,sparse_key,1304,2,activity,0.08219575757774153,0.00014752430258346288,0.009085474325368879,0.053738197046456056,,False,1.0,1.0,False,0.0007523749954998493,55872,21,41312,1.0
20261009T092726.879189Z,pilot,sparse_key,1304,2,no_influence,0.08219575757774153,0.00014752430258346288,0.011045364872085335,0.06488500884861462,15960,True,0.0,1.0,True,0.00044724997133016586,66464,25,1664,0.0
20261009T092726.879189Z,pilot,sparse_key,1304,3,cbcc,0.39863584567001753,0.00010700977558480275,0.014530903928747105,0.08588836131768496,,False,1.0,1.0,False,0.003078499808907509,63520,23,20992,1.0
20261009T092726.879189Z,pilot,sparse_key,1304,3,random,0.39863584567001753,0.00010700977558480275,0.016119555774652815,0.09657910583007467,15744,True,0.0,1.0,True,0.0004410841502249241,65600,25,2176,0.0
20261009T092726.879189Z,pilot,sparse_key,1304,3,fixed_frequency,0.39863584567001753,0.00010700977558480275,0.015369337759615798,0.0910882324256723,,False,1.0,1.0,False,0.00038020918145775795,65600,25,2176,1.0
20261009T092726.879189Z,pilot,sparse_key,1304,3,activity,0.39863584567001753,0.00010700977558480275,0.01404392477124651,0.08348306647578672,,False,1.0,1.0,False,0.0007092081941664219,37504,14,69952,1.0
20261009T092726.879189Z,pilot,sparse_key,1304,3,no_influence,0.39863584567001753,0.00010700977558480275,0.01455838443655784,0.08573824803222367,15960,True,0.0,1.0,True,0.0004465840756893158,66464,25,1344,0.0
20261009T092726.879189Z,pilot,sparse_key,1304,4,cbcc,0.20252410417623168,0.0004857553201535363,0.01844855592512964,0.10424171397594145,792,True,0.0,1.0,True,0.0030592498369514942,55648,20,31488,0.0
20261009T092726.879189Z,pilot,sparse_key,1304,4,random,0.20252410417623168,0.0004857553201535363,0.01076525698437174,0.060781112587462986,,False,1.0,1.0,False,0.00042179087176918983,68224,26,96,1.0
20261009T092726.879189Z,pilot,sparse_key,1304,4,fixed_frequency,0.20252410417623168,0.0004857553201535363,0.012270277754611264,0.07342180187531379,,False,1.0,1.0,False,0.000336542259901762,68224,26,96,1.0
20261009T092726.879189Z,pilot,sparse_key,1304,4,activity,0.20252410417623168,0.0004857553201535363,0.017427520574286686,0.09925989043656999,15936,True,0.0,1.0,True,0.000774832908064127,61120,23,74976,0.0
20261009T092726.879189Z,pilot,sparse_key,1304,4,no_influence,0.20252410417623168,0.0004857553201535363,0.011153603388995466,0.06491959893041704,18584,True,0.0,1.0,True,0.0006580417975783348,66464,25,1024,0.0
20261009T092726.879189Z,pilot,sparse_key,1304,5,cbcc,-0.3405182624907005,0.0009126060712002184,0.022344156538433385,0.13341930611745653,,False,1.0,1.0,False,0.003048249986022711,68768,25,28864,1.0
20261009T092726.879189Z,pilot,sparse_key,1304,5,random,-0.3405182624907005,0.0009126060712002184,0.01988068795391651,0.11890509889129725,,False,1.0,1.0,False,0.0004447498358786106,65600,25,640,1.0
20261009T092726.879189Z,pilot,sparse_key,1304,5,fixed_frequency,-0.3405182624907005,0.0009126060712002184,0.018723381729767275,0.11114037770245797,,False,1.0,1.0,False,0.00035674963146448135,65600,25,640,1.0
20261009T092726.879189Z,pilot,sparse_key,1304,5,activity,-0.3405182624907005,0.0009126060712002184,0.01925766502220887,0.11258682801546219,,False,1.0,1.0,False,0.0007650423794984818,58496,22,82624,1.0
20261009T092726.879189Z,pilot,sparse_key,1304,5,no_influence,-0.3405182624907005,0.0009126060712002184,0.01724325734482522,0.10179961373231575,,False,1.0,1.0,False,0.0004548751749098301,66464,25,704,1.0
20261009T092726.879189Z,pilot,sparse_key,1304,6,cbcc,0.040943569417482555,0.00029196278553185516,0.007739705349652151,0.04589915868095588,,False,1.0,1.0,False,0.003537875134497881,60896,22,34112,1.0
20261009T092726.879189Z,pilot,sparse_key,1304,6,random,0.040943569417482555,0.00029196278553185516,0.007812404142353249,0.04575447676879282,18368,True,0.0,1.0,True,0.0004180409014225006,65600,25,1184,0.0
20261009T092726.879189Z,pilot,sparse_key,1304,6,fixed_frequency,0.040943569417482555,0.00029196278553185516,0.008388301928155283,0.04982261934585883,18368,True,0.0,1.0,True,0.0003244169056415558,65600,25,1184,0.0
20261009T092726.879189Z,pilot,sparse_key,1304,6,activity,0.040943569417482555,0.00029196278553185516,0.007100501775028409,0.040434602955677135,15936,True,0.0,1.0,True,0.0007575000636279583,61120,23,87648,0.0
20261009T092726.879189Z,pilot,sparse_key,1304,6,no_influence,0.040943569417482555,0.00029196278553185516,0.007581087479023539,0.044744605161765635,15960,True,0.0,1.0,True,0.0004527079872786999,66464,25,384,0.0
20261009T092726.879189Z,pilot,sparse_key,1304,7,cbcc,0.1766940246891726,0.0007397236782747472,0.007572324317778126,0.029683821631039713,,False,1.0,1.0,False,0.0030962498858571053,76640,28,23616,1.0
20261009T092726.879189Z,pilot,sparse_key,1304,7,random,0.1766940246891726,0.0007397236782747472,0.00838163222985547,0.04906072275188318,18368,True,0.0,1.0,True,0.0004282076843082905,65600,25,1728,0.0
20261009T092726.879189Z,pilot,sparse_key,1304,7,fixed_frequency,0.1766940246891726,0.0007397236782747472,0.008256739877889515,0.04577792572420279,,False,1.0,1.0,False,0.00033170823007822037,65600,25,1728,1.0
20261009T092726.879189Z,pilot,sparse_key,1304,7,activity,0.1766940246891726,0.0007397236782747472,0.0060520808621415375,0.032337422011363914,,False,1.0,1.0,False,0.0007621250115334988,61120,23,92672,1.0
20261009T092726.879189Z,pilot,sparse_key,1304,7,no_influence,0.1766940246891726,0.0007397236782747472,0.008175342269144079,0.04771882994390942,15960,True,0.0,1.0,True,0.0005603339523077011,66464,25,64,0.0
20261009T092726.879189Z,pilot,sparse_key,1305,0,cbcc,0.10133272934227884,0.00026247562929011836,0.018985755724342867,0.11331979314077155,,False,1.0,1.0,False,0.003228417132049799,42528,15,23616,1.0
20261009T092726.879189Z,pilot,sparse_key,1305,0,random,0.10133272934227884,0.00026247562929011836,0.017698830758240178,0.10585774458566749,15744,True,0.0,1.0,True,0.0004225419834256172,65600,25,544,0.0
20261009T092726.879189Z,pilot,sparse_key,1305,0,fixed_frequency,0.10133272934227884,0.00026247562929011836,0.016452355835212276,0.0984709758954834,,False,1.0,1.0,False,0.0003315000794827938,65600,25,544,1.0
20261009T092726.879189Z,pilot,sparse_key,1305,0,activity,0.10133272934227884,0.00026247562929011836,0.0160502132643484,0.0948752580099086,,False,1.0,1.0,False,0.0007569161243736744,58496,22,7648,1.0
20261009T092726.879189Z,pilot,sparse_key,1305,0,no_influence,0.10133272934227884,0.00026247562929011836,0.019208745323174268,0.1147788998770665,15960,True,0.0,1.0,True,0.00045075034722685814,63840,24,2304,0.0
20261009T092726.879189Z,pilot,sparse_key,1305,1,cbcc,-0.037570368764583355,0.0004555838780332909,0.016269949774013207,0.09646112853436282,,False,1.0,1.0,False,0.00305237527936697,60896,22,28864,1.0
20261009T092726.879189Z,pilot,sparse_key,1305,1,random,-0.037570368764583355,0.0004555838780332909,0.018011733860256805,0.10633203653696956,15744,True,0.0,1.0,True,0.00040454138070344925,65600,25,1088,0.0
20261009T092726.879189Z,pilot,sparse_key,1305,1,fixed_frequency,-0.037570368764583355,0.0004555838780332909,0.01692758250767429,0.10118421528941127,,False,1.0,1.0,False,0.0004686247557401657,65600,25,1088,1.0
20261009T092726.879189Z,pilot,sparse_key,1305,1,activity,-0.037570368764583355,0.0004555838780332909,0.017381992712941323,0.10309314821862643,15936,True,0.0,1.0,True,0.0008309166878461838,58496,22,15296,0.0
20261009T092726.879189Z,pilot,sparse_key,1305,1,no_influence,-0.037570368764583355,0.0004555838780332909,0.015862068759112117,0.09412575946432081,15960,True,0.0,1.0,True,0.0004652501083910465,66464,25,1984,0.0
20261009T092726.879189Z,pilot,sparse_key,1305,2,cbcc,0.19814885714416292,0.0008790250275473439,0.01856753227621513,0.11135048331765543,,False,1.0,1.0,False,0.0035387082025408745,63520,23,31488,1.0
20261009T092726.879189Z,pilot,sparse_key,1305,2,random,0.19814885714416292,0.0008790250275473439,0.0188090647407113,0.11282923077751167,18368,True,0.0,1.0,True,0.0005047093145549297,65600,25,1632,0.0
20261009T092726.879189Z,pilot,sparse_key,1305,2,fixed_frequency,0.19814885714416292,0.0008790250275473439,0.01881335018480854,0.11282923077751167,18368,True,0.0,1.0,True,0.000376999843865633,65600,25,1632,0.0
20261009T092726.879189Z,pilot,sparse_key,1305,2,activity,0.19814885714416292,0.0008790250275473439,0.0192988846557826,0.1153788354495923,,False,1.0,1.0,False,0.0008399584330618382,53248,20,28192,1.0
20261009T092726.879189Z,pilot,sparse_key,1305,2,no_influence,0.19814885714416292,0.0008790250275473439,0.0188090647407113,0.11282923077751167,15960,True,0.0,1.0,True,0.0005063749849796295,66464,25,1664,0.0
20261009T092726.879189Z,pilot,sparse_key,1305,3,cbcc,-0.09918578647976933,0.00023088388150996244,0.010857529252336512,0.06347184711192712,,False,1.0,1.0,False,0.003090917132794857,71392,26,26240,1.0
20261009T092726.879189Z,pilot,sparse_key,1305,3,random,-0.09918578647976933,0.00023088388150996244,0.011376336036385428,0.06668043697599264,15744,True,0.0,1.0,True,0.00042966706678271294,65600,25,2176,0.0
20261009T092726.879189Z,pilot,sparse_key,1305,3,fixed_frequency,-0.09918578647976933,0.00023088388150996244,0.009248741673187679,0.05546729237236994,15744,True,0.0,1.0,True,0.0003915829584002495,65600,25,2176,0.0
20261009T092726.879189Z,pilot,sparse_key,1305,3,activity,-0.09918578647976933,0.00023088388150996244,0.00928367959079712,0.05481999651336435,15936,True,0.0,1.0,True,0.0007749591022729874,61120,23,33216,0.0
20261009T092726.879189Z,pilot,sparse_key,1305,3,no_influence,-0.09918578647976933,0.00023088388150996244,0.009260200765090034,0.05546729237236994,18584,True,0.0,1.0,True,0.0008230828680098057,66464,25,1344,0.0
20261009T092726.879189Z,pilot,sparse_key,1305,4,cbcc,0.0656052505528052,0.001094355940928434,0.012872156021826196,0.07696579195841878,6040,True,0.0,1.0,True,0.003424542024731636,71392,26,20992,0.0
20261009T092726.879189Z,pilot,sparse_key,1305,4,random,0.0656052505528052,0.001094355940928434,0.012357460513635045,0.07411960541505414,15744,True,0.0,1.0,True,0.0004932498559355736,68224,26,96,0.0
20261009T092726.879189Z,pilot,sparse_key,1305,4,fixed_frequency,0.0656052505528052,0.001094355940928434,0.012357842719271888,0.07411960541505414,15744,True,0.0,1.0,True,0.00035520922392606735,68224,26,96,0.0
20261009T092726.879189Z,pilot,sparse_key,1305,4,activity,0.0656052505528052,0.001094355940928434,0.015118954465908552,0.08849900753373431,15936,True,0.0,1.0,True,0.0007537920027971268,53248,20,46112,0.0
20261009T092726.879189Z,pilot,sparse_key,1305,4,no_influence,0.0656052505528052,0.001094355940928434,0.012437424183780757,0.07411960541505414,18584,True,0.0,1.0,True,0.00045170821249485016,66464,25,1024,0.0
20261009T092726.879189Z,pilot,sparse_key,1305,5,cbcc,-0.0704952352478933,0.00010882336051544855,0.016590747585793823,0.08875089013327528,,False,1.0,1.0,False,0.003140874672681093,55648,20,31488,1.0
20261009T092726.879189Z,pilot,sparse_key,1305,5,random,-0.0704952352478933,0.00010882336051544855,0.01758692611683158,0.10483596919984989,15744,True,0.0,1.0,True,0.0004748329520225525,65600,25,640,0.0
20261009T092726.879189Z,pilot,sparse_key,1305,5,fixed_frequency,-0.0704952352478933,0.00010882336051544855,0.016490128719578823,0.09814827813273419,,False,1.0,1.0,False,0.0003688754513859749,65600,25,640,1.0
20261009T092726.879189Z,pilot,sparse_key,1305,5,activity,-0.0704952352478933,0.00010882336051544855,0.015427569323638991,0.08901053397348757,15936,True,0.0,1.0,True,0.0008380408398807049,58496,22,53760,0.0
20261009T092726.879189Z,pilot,sparse_key,1305,5,no_influence,-0.0704952352478933,0.00010882336051544855,0.015655938893742883,0.09310414591431222,15960,True,0.0,1.0,True,0.0005081659182906151,66464,25,704,0.0
20261009T092726.879189Z,pilot,sparse_key,1305,6,cbcc,-0.1078939789521102,0.0006833658883831548,0.015305015621158893,0.09157248113380867,,False,1.0,1.0,False,0.003151416778564453,71392,26,26240,1.0
20261009T092726.879189Z,pilot,sparse_key,1305,6,random,-0.1078939789521102,0.0006833658883831548,0.015094717629174526,0.09045790391514638,,False,1.0,1.0,False,0.00044074980542063713,65600,25,1184,1.0
20261009T092726.879189Z,pilot,sparse_key,1305,6,fixed_frequency,-0.1078939789521102,0.0006833658883831548,0.014514492897913999,0.08694117998518996,,False,1.0,1.0,False,0.00040337489917874336,65600,25,1184,1.0
20261009T092726.879189Z,pilot,sparse_key,1305,6,activity,-0.1078939789521102,0.0006833658883831548,0.014755701277244383,0.08797148762676184,,False,1.0,1.0,False,0.0007674586959183216,55872,21,64032,1.0
20261009T092726.879189Z,pilot,sparse_key,1305,6,no_influence,-0.1078939789521102,0.0006833658883831548,0.013033646025606615,0.07725646658230378,,False,1.0,1.0,False,0.0004552919417619705,66464,25,384,1.0
20261009T092726.879189Z,pilot,sparse_key,1305,7,cbcc,-0.27844340945025997,0.0006765862672669784,0.01158810917040901,0.06819176421407042,,False,1.0,1.0,False,0.0031851669773459435,68768,25,23616,1.0
20261009T092726.879189Z,pilot,sparse_key,1305,7,random,-0.27844340945025997,0.0006765862672669784,0.00992200910282822,0.058147754159930454,,False,1.0,1.0,False,0.0004347497597336769,65600,25,1728,1.0
20261009T092726.879189Z,pilot,sparse_key,1305,7,fixed_frequency,-0.27844340945025997,0.0006765862672669784,0.010110790850116342,0.06016222443507637,,False,1.0,1.0,False,0.0003364579752087593,65600,25,1728,1.0
20261009T092726.879189Z,pilot,sparse_key,1305,7,activity,-0.27844340945025997,0.0006765862672669784,0.009432447524990662,0.05584822471160264,15936,True,0.0,1.0,True,0.0007595829665660858,61120,23,69056,0.0
20261009T092726.879189Z,pilot,sparse_key,1305,7,no_influence,-0.27844340945025997,0.0006765862672669784,0.009600933016720712,0.05675693725592891,,False,1.0,1.0,False,0.00045454083010554314,66464,25,64,1.0
20261009T092726.879189Z,pilot,sparse_key,1306,0,cbcc,0.3080839791708937,0.00012369274480885864,0.005420276241890745,0.031914535894918314,,False,1.0,1.0,False,0.0033802082762122154,42528,15,23616,1.0
20261009T092726.879189Z,pilot,sparse_key,1306,0,random,0.3080839791708937,0.00012369274480885864,0.00851098182750244,0.04883200565272254,15744,True,0.0,1.0,True,0.00046549970284104347,65600,25,544,0.0
20261009T092726.879189Z,pilot,sparse_key,1306,0,fixed_frequency,0.3080839791708937,0.00012369274480885864,0.006467801703255375,0.03877302378057865,15744,True,0.0,1.0,True,0.0006566657684743404,65600,25,544,0.0
20261009T092726.879189Z,pilot,sparse_key,1306,0,activity,0.3080839791708937,0.00012369274480885864,0.006856171291538467,0.03799970108547,15936,True,0.0,1.0,True,0.0008930000476539135,61120,23,5024,0.0
20261009T092726.879189Z,pilot,sparse_key,1306,0,no_influence,0.3080839791708937,0.00012369274480885864,0.005585579230957634,0.032109496053085426,15960,True,0.0,1.0,True,0.0004664156585931778,63840,24,2304,0.0
20261009T092726.879189Z,pilot,sparse_key,1306,1,cbcc,0.0638502920758569,0.00027868008684362117,0.008162363588768422,0.04852928502234201,,False,1.0,1.0,False,0.003482042346149683,63520,23,26240,1.0
20261009T092726.879189Z,pilot,sparse_key,1306,1,random,0.0638502920758569,0.00027868008684362117,0.008251215093014692,0.049375257784400474,,False,1.0,1.0,False,0.00044791586697101593,65600,25,1088,1.0
20261009T092726.879189Z,pilot,sparse_key,1306,1,fixed_frequency,0.0638502920758569,0.00027868008684362117,0.008388703243269874,0.05020855495912379,15744,True,0.0,1.0,True,0.00033179204910993576,65600,25,1088,0.0
20261009T092726.879189Z,pilot,sparse_key,1306,1,activity,0.0638502920758569,0.00027868008684362117,0.008291805840887036,0.04923748141759125,,False,1.0,1.0,False,0.0007512089796364307,55872,21,15296,1.0
20261009T092726.879189Z,pilot,sparse_key,1306,1,no_influence,0.0638502920758569,0.00027868008684362117,0.007187544210544429,0.04126326685429553,,False,1.0,1.0,False,0.00046016694977879524,66464,25,1984,1.0
20261009T092726.879189Z,pilot,sparse_key,1306,2,cbcc,-0.24715099056922363,0.0006864099618436274,0.011853852707887691,0.06861692228247257,3416,True,0.0,1.0,True,0.0030671251006424427,63520,23,28864,0.0
20261009T092726.879189Z,pilot,sparse_key,1306,2,random,-0.24715099056922363,0.0006864099618436274,0.01039467709827477,0.061866502214157015,18368,True,0.0,1.0,True,0.000421042088419199,65600,25,1632,0.0
20261009T092726.879189Z,pilot,sparse_key,1306,2,fixed_frequency,-0.24715099056922363,0.0006864099618436274,0.011166854337624576,0.06667451416236578,,False,1.0,1.0,False,0.0003333752974867821,65600,25,1632,1.0
20261009T092726.879189Z,pilot,sparse_key,1306,2,activity,-0.24715099056922363,0.0006864099618436274,0.009842518950331065,0.056067811573068185,15936,True,0.0,1.0,True,0.000769082922488451,53248,20,28192,0.0
20261009T092726.879189Z,pilot,sparse_key,1306,2,no_influence,-0.24715099056922363,0.0006864099618436274,0.012253646646043101,0.07246196497111598,15960,True,0.0,1.0,True,0.0005385419353842735,66464,25,1664,0.0
20261009T092726.879189Z,pilot,sparse_key,1306,3,cbcc,0.08664643469821928,0.0003829606415446714,0.009153909389744886,0.04884271737706608,,False,1.0,1.0,False,0.0030958326533436775,68768,25,26240,1.0
20261009T092726.879189Z,pilot,sparse_key,1306,3,random,0.08664643469821928,0.0003829606415446714,0.0060078697675775465,0.035700843472577494,15744,True,0.0,1.0,True,0.00048779183998703957,65600,25,2176,0.0
20261009T092726.879189Z,pilot,sparse_key,1306,3,fixed_frequency,0.08664643469821928,0.0003829606415446714,0.0051769375319624346,0.03103733067695753,15744,True,0.0,1.0,True,0.0004100422374904156,65600,25,2176,0.0
20261009T092726.879189Z,pilot,sparse_key,1306,3,activity,0.08664643469821928,0.0003829606415446714,0.008164949521182959,0.04676480410485323,15936,True,0.0,1.0,True,0.0007715839892625809,58496,22,35840,0.0
20261009T092726.879189Z,pilot,sparse_key,1306,3,no_influence,0.08664643469821928,0.0003829606415446714,0.004317343671068212,0.025181447085756044,15960,True,0.0,1.0,True,0.00045966682955622673,66464,25,1344,0.0
20261009T092726.879189Z,pilot,sparse_key,1306,4,cbcc,0.30659158897878286,0.00041636727757410097,0.008880427641144958,0.05238299186958158,,False,1.0,1.0,False,0.003088749945163727,63520,23,28864,1.0
20261009T092726.879189Z,pilot,sparse_key,1306,4,random,0.30659158897878286,0.00041636727757410097,0.009194805001157208,0.05433193461020976,15744,True,0.0,1.0,True,0.0004181251861155033,68224,26,96,0.0
20261009T092726.879189Z,pilot,sparse_key,1306,4,fixed_frequency,0.30659158897878286,0.00041636727757410097,0.01012344436594112,0.06024482769759447,15744,True,0.0,1.0,True,0.0003377082757651806,68224,26,96,0.0
20261009T092726.879189Z,pilot,sparse_key,1306,4,activity,0.30659158897878286,0.00041636727757410097,0.010649859423314374,0.06275983013722398,15936,True,0.0,1.0,True,0.0007614996284246445,58496,22,43488,0.0
20261009T092726.879189Z,pilot,sparse_key,1306,4,no_influence,0.30659158897878286,0.00041636727757410097,0.010483635406692506,0.062087878076955004,18584,True,0.0,1.0,True,0.0004613748751580715,66464,25,1024,0.0
20261009T092726.879189Z,pilot,sparse_key,1306,5,cbcc,0.23092704721725332,0.000385661323828314,0.010124126597926138,0.06024259477230263,3416,True,0.0,1.0,True,0.0030888752080500126,66144,24,28864,0.0
20261009T092726.879189Z,pilot,sparse_key,1306,5,random,0.23092704721725332,0.000385661323828314,0.01011790001757107,0.06036768238588901,,False,1.0,1.0,False,0.00043949997052550316,65600,25,640,1.0
20261009T092726.879189Z,pilot,sparse_key,1306,5,fixed_frequency,0.23092704721725332,0.000385661323828314,0.010220933537992168,0.06130044356119687,15744,True,0.0,1.0,True,0.0003287079744040966,65600,25,640,0.0
20261009T092726.879189Z,pilot,sparse_key,1306,5,activity,0.23092704721725332,0.000385661323828314,0.010244155997958979,0.0607448748571894,15936,True,0.0,1.0,True,0.0008973339572548866,53248,20,56384,0.0
20261009T092726.879189Z,pilot,sparse_key,1306,5,no_influence,0.23092704721725332,0.000385661323828314,0.011152197643733338,0.06627288506246956,18584,True,0.0,1.0,True,0.0004815002903342247,66464,25,704,0.0
20261009T092726.879189Z,pilot,sparse_key,1306,6,cbcc,0.16371576840311536,0.0010655460708727247,0.013494167692519437,0.08067568920704432,,False,1.0,1.0,False,0.0039182500913739204,66144,24,28864,1.0
20261009T092726.879189Z,pilot,sparse_key,1306,6,random,0.16371576840311536,0.0010655460708727247,0.013804840696990277,0.08280388651518553,18368,True,0.0,1.0,True,0.0004364578053355217,65600,25,1184,0.0
20261009T092726.879189Z,pilot,sparse_key,1306,6,fixed_frequency,0.16371576840311536,0.0010655460708727247,0.013804840696990277,0.08280388651518553,18368,True,0.0,1.0,True,0.00032799970358610153,65600,25,1184,0.0
20261009T092726.879189Z,pilot,sparse_key,1306,6,activity,0.16371576840311536,0.0010655460708727247,0.013806294391192409,0.08246388491308862,,False,1.0,1.0,False,0.0008196672424674034,53248,20,69280,1.0
20261009T092726.879189Z,pilot,sparse_key,1306,6,no_influence,0.16371576840311536,0.0010655460708727247,0.013804840696990277,0.08280388651518553,15960,True,0.0,1.0,True,0.0005036657676100731,66464,25,384,0.0
20261009T092726.879189Z,pilot,sparse_key,1306,7,cbcc,0.25556479007919675,0.0003258730623772245,0.005286724155829942,0.03154315953143089,,False,1.0,1.0,False,0.002992083318531513,68768,25,26240,1.0
20261009T092726.879189Z,pilot,sparse_key,1306,7,random,0.25556479007919675,0.0003258730623772245,0.0054946856856098346,0.0315665857478359,,False,1.0,1.0,False,0.00043408386409282684,65600,25,1728,1.0
20261009T092726.879189Z,pilot,sparse_key,1306,7,fixed_frequency,0.25556479007919675,0.0003258730623772245,0.00539070471163142,0.032155555564781245,18368,True,0.0,1.0,True,0.0003281249664723873,65600,25,1728,0.0
20261009T092726.879189Z,pilot,sparse_key,1306,7,activity,0.25556479007919675,0.0003258730623772245,0.006016090296037943,0.03571827871227075,15936,True,0.0,1.0,True,0.0007460000924766064,58496,22,76928,0.0
20261009T092726.879189Z,pilot,sparse_key,1306,7,no_influence,0.25556479007919675,0.0003258730623772245,0.005226215578103051,0.031194526866919,15960,True,0.0,1.0,True,0.0004492499865591526,66464,25,64,0.0
20261009T092726.879189Z,pilot,sparse_key,1307,0,cbcc,-0.20773266322916256,0.00031225161123195827,0.013070950890830017,0.0734449862024693,792,True,0.0,1.0,True,0.002957290969789028,37280,13,28864,0.0
20261009T092726.879189Z,pilot,sparse_key,1307,0,random,-0.20773266322916256,0.00031225161123195827,0.012583544483525116,0.07122519318265631,,False,1.0,1.0,False,0.00043612485751509666,65600,25,544,1.0
20261009T092726.879189Z,pilot,sparse_key,1307,0,fixed_frequency,-0.20773266322916256,0.00031225161123195827,0.013880372808910238,0.08211288794618929,15744,True,0.0,1.0,True,0.0003409171476960182,65600,25,544,0.0
20261009T092726.879189Z,pilot,sparse_key,1307,0,activity,-0.20773266322916256,0.00031225161123195827,0.01106970165410331,0.057642799208592256,15936,True,0.0,1.0,True,0.0007876669988036156,53248,20,12896,0.0
20261009T092726.879189Z,pilot,sparse_key,1307,0,no_influence,-0.20773266322916256,0.00031225161123195827,0.01242744157221957,0.0730778797617217,,False,1.0,1.0,False,0.0004582498222589493,63840,24,2304,1.0
20261009T092726.879189Z,pilot,sparse_key,1307,1,cbcc,0.23508331901462012,0.00021735960238275788,0.005423090849347165,0.02995623496451597,,False,1.0,1.0,False,0.0030818753875792027,74016,27,20992,1.0
20261009T092726.879189Z,pilot,sparse_key,1307,1,random,0.23508331901462012,0.00021735960238275788,0.005664515069850631,0.03357563020795525,,False,1.0,1.0,False,0.0004436247982084751,65600,25,1088,1.0
20261009T092726.879189Z,pilot,sparse_key,1307,1,fixed_frequency,0.23508331901462012,0.00021735960238275788,0.0049565820604803666,0.028792960311763188,,False,1.0,1.0,False,0.0003369580954313278,65600,25,1088,1.0
20261009T092726.879189Z,pilot,sparse_key,1307,1,activity,0.23508331901462012,0.00021735960238275788,0.005268001136586565,0.029980414846863923,15936,True,0.0,1.0,True,0.0007554581388831139,53248,20,25792,0.0
20261009T092726.879189Z,pilot,sparse_key,1307,1,no_influence,0.23508331901462012,0.00021735960238275788,0.005352564630673198,0.029980414846863923,15960,True,0.0,1.0,True,0.00045395828783512115,66464,25,1984,0.0
20261009T092726.879189Z,pilot,sparse_key,1307,2,cbcc,0.4449757522822019,0.0008609694050836583,0.013124634862882319,0.07797841357892811,,False,1.0,1.0,False,0.0033250004053115845,53024,19,34112,1.0
20261009T092726.879189Z,pilot,sparse_key,1307,2,random,0.4449757522822019,0.0008609694050836583,0.012330715109095928,0.07367212671824568,18368,True,0.0,1.0,True,0.00042074965313076973,65600,25,1632,0.0
20261009T092726.879189Z,pilot,sparse_key,1307,2,fixed_frequency,0.4449757522822019,0.0008609694050836583,0.012086948741356823,0.07212244539277095,18368,True,0.0,1.0,True,0.0003269999288022518,65600,25,1632,0.0
20261009T092726.879189Z,pilot,sparse_key,1307,2,activity,0.4449757522822019,0.0008609694050836583,0.012137341383951698,0.07134222546260119,15936,True,0.0,1.0,True,0.0007573748007416725,61120,23,30816,0.0
20261009T092726.879189Z,pilot,sparse_key,1307,2,no_influence,0.4449757522822019,0.0008609694050836583,0.010413975986174029,0.06156327304270083,,False,1.0,1.0,False,0.0004509161226451397,66464,25,1664,1.0
20261009T092726.879189Z,pilot,sparse_key,1307,3,cbcc,0.5063226238693888,0.0006161227702142086,0.013188412482002148,0.07775482370522369,,False,1.0,1.0,False,0.003085291013121605,74016,27,26240,1.0
20261009T092726.879189Z,pilot,sparse_key,1307,3,random,0.5063226238693888,0.0006161227702142086,0.01616898509682144,0.09599383735843256,15744,True,0.0,1.0,True,0.0004225419834256172,65600,25,2176,0.0
20261009T092726.879189Z,pilot,sparse_key,1307,3,fixed_frequency,0.5063226238693888,0.0006161227702142086,0.014234259225494332,0.08538039768620986,15744,True,0.0,1.0,True,0.00038295891135931015,65600,25,2176,0.0
20261009T092726.879189Z,pilot,sparse_key,1307,3,activity,0.5063226238693888,0.0006161227702142086,0.01473500342854426,0.08769714710733818,15936,True,0.0,1.0,True,0.0007524578832089901,58496,22,38464,0.0
20261009T092726.879189Z,pilot,sparse_key,1307,3,no_influence,0.5063226238693888,0.0006161227702142086,0.01461539765293294,0.08746005556329871,15960,True,0.0,1.0,True,0.0005802498199045658,66464,25,1344,0.0
20261009T092726.879189Z,pilot,sparse_key,1307,4,cbcc,0.11451743307741621,0.0001939774043733348,0.00595323226616238,0.03482884495694866,,False,1.0,1.0,False,0.003937500063329935,68768,25,23616,1.0
20261009T092726.879189Z,pilot,sparse_key,1307,4,random,0.11451743307741621,0.0001939774043733348,0.0058267550534757545,0.034569610106368456,15744,True,0.0,1.0,True,0.00045350007712841034,68224,26,96,0.0
20261009T092726.879189Z,pilot,sparse_key,1307,4,fixed_frequency,0.11451743307741621,0.0001939774043733348,0.006940442672657848,0.03963694534117279,15744,True,0.0,1.0,True,0.0003598327748477459,68224,26,96,0.0
20261009T092726.879189Z,pilot,sparse_key,1307,4,activity,0.11451743307741621,0.0001939774043733348,0.00584922388937073,0.03452129478249727,15936,True,0.0,1.0,True,0.0007603331468999386,58496,22,46112,0.0
20261009T092726.879189Z,pilot,sparse_key,1307,4,no_influence,0.11451743307741621,0.0001939774043733348,0.005765794628854098,0.034569610106368456,18584,True,0.0,1.0,True,0.0004572086036205292,66464,25,1024,0.0
20261009T092726.879189Z,pilot,sparse_key,1307,5,cbcc,0.08761648965116536,0.0011254801882713598,0.01130288207502949,0.06710746174505446,6040,True,0.0,1.0,True,0.0030970838852226734,60896,22,28864,0.0
20261009T092726.879189Z,pilot,sparse_key,1307,5,random,0.08761648965116536,0.0011254801882713598,0.011263822858601941,0.06646377375040732,15744,True,0.0,1.0,True,0.00044341664761304855,65600,25,640,0.0
20261009T092726.879189Z,pilot,sparse_key,1307,5,fixed_frequency,0.08761648965116536,0.0011254801882713598,0.010956528325564941,0.0653902614244575,15744,True,0.0,1.0,True,0.0005222917534410954,65600,25,640,0.0
20261009T092726.879189Z,pilot,sparse_key,1307,5,activity,0.08761648965116536,0.0011254801882713598,0.012065575903216252,0.07105340910201982,2816,True,0.0,1.0,True,0.0007336251437664032,40128,15,72128,0.0
20261009T092726.879189Z,pilot,sparse_key,1307,5,no_influence,0.08761648965116536,0.0011254801882713598,0.010548538139217486,0.06313264316683807,15960,True,0.0,1.0,True,0.0011204159818589687,66464,25,704,0.0
20261009T092726.879189Z,pilot,sparse_key,1307,6,cbcc,0.22278523881510892,0.0001845644752974894,0.004542364956481171,0.027106181021365503,,False,1.0,1.0,False,0.004138207994401455,71392,26,23616,1.0
20261009T092726.879189Z,pilot,sparse_key,1307,6,random,0.22278523881510892,0.0001845644752974894,0.0048037641765952006,0.028717248139972045,,False,1.0,1.0,False,0.0004386249929666519,65600,25,1184,1.0
20261009T092726.879189Z,pilot,sparse_key,1307,6,fixed_frequency,0.22278523881510892,0.0001845644752974894,0.005446919293123273,0.03209589466881872,18368,True,0.0,1.0,True,0.0003247079439461231,65600,25,1184,0.0
20261009T092726.879189Z,pilot,sparse_key,1307,6,activity,0.22278523881510892,0.0001845644752974894,0.0052036949130686815,0.030481419758335914,,False,1.0,1.0,False,0.0007191249169409275,48000,18,90272,1.0
20261009T092726.879189Z,pilot,sparse_key,1307,6,no_influence,0.22278523881510892,0.0001845644752974894,0.005473262886278197,0.03209589466881872,15960,True,0.0,1.0,True,0.0004441658966243267,66464,25,384,0.0
20261009T092726.879189Z,pilot,sparse_key,1307,7,cbcc,-0.13969610917939404,0.000155747056799015,0.004765534311641125,0.02120935921401667,13912,True,0.0,1.0,True,0.0030120001174509525,66144,24,23616,0.0
20261009T092726.879189Z,pilot,sparse_key,1307,7,random,-0.13969610917939404,0.000155747056799015,0.0038050069786362954,0.020810704980790566,,False,1.0,1.0,False,0.0004219161346554756,65600,25,1728,1.0
20261009T092726.879189Z,pilot,sparse_key,1307,7,fixed_frequency,-0.13969610917939404,0.000155747056799015,0.0037281606819574904,0.02126439575884498,,False,1.0,1.0,False,0.0003359997645020485,65600,25,1728,1.0
20261009T092726.879189Z,pilot,sparse_key,1307,7,activity,-0.13969610917939404,0.000155747056799015,0.0038790452637425,0.022782189739821934,15936,True,0.0,1.0,True,0.0007499158382415771,53248,20,103168,0.0
20261009T092726.879189Z,pilot,sparse_key,1307,7,no_influence,-0.13969610917939404,0.000155747056799015,0.0037919414282756997,0.0217613161422748,,False,1.0,1.0,False,0.0004521249793469906,66464,25,64,1.0
20261009T092726.879189Z,pilot,feedback_switch,1300,0,cbcc,-0.27322982569907023,0.0010561922625553946,0.00999068831098756,0.029935502378689288,,False,0.0,0.0,True,0.004171082749962807,3168,0,62976,0.0
20261009T092726.879189Z,pilot,feedback_switch,1300,0,random,-0.27322982569907023,0.0010561922625553946,0.012138865330498344,0.03619741938141113,,False,0.0,0.0,True,0.00047520920634269714,65600,25,544,0.0
20261009T092726.879189Z,pilot,feedback_switch,1300,0,fixed_frequency,-0.27322982569907023,0.0010561922625553946,0.009483709899643858,0.028406828294670165,,False,0.0,0.0,True,0.00033512478694319725,65600,25,544,0.0
20261009T092726.879189Z,pilot,feedback_switch,1300,0,activity,-0.27322982569907023,0.0010561922625553946,0.005123321826386283,0.014460966584117073,,False,1.0,0.0,True,0.0007582921534776688,53248,20,12896,1.0
20261009T092726.879189Z,pilot,feedback_switch,1300,0,no_influence,-0.27322982569907023,0.0010561922625553946,0.005553096483181952,0.016065310733337185,,False,0.0,0.0,True,0.0004464578814804554,63840,24,2304,0.0
20261009T092726.879189Z,pilot,feedback_switch,1300,1,cbcc,0.2566622580917735,0.0024693298162894598,0.011481955786326737,0.025029934751733148,,False,0.0,0.0,True,0.002973875030875206,3168,0,125952,0.0
20261009T092726.879189Z,pilot,feedback_switch,1300,1,random,0.2566622580917735,0.0024693298162894598,0.01262012273749778,0.027191878285330682,,False,1.0,0.0,True,0.0004349169321358204,65600,25,1088,1.0
20261009T092726.879189Z,pilot,feedback_switch,1300,1,fixed_frequency,0.2566622580917735,0.0024693298162894598,0.011254730939257704,0.024432456679330528,,False,1.0,0.0,True,0.00033916719257831573,65600,25,1088,1.0
20261009T092726.879189Z,pilot,feedback_switch,1300,1,activity,0.2566622580917735,0.0024693298162894598,0.009327344837122479,0.016459051590301494,5312,True,0.0,0.0,True,0.0007752911187708378,63744,24,15296,0.0
20261009T092726.879189Z,pilot,feedback_switch,1300,1,no_influence,0.2566622580917735,0.0024693298162894598,0.011481955786326737,0.025029934751733148,,False,0.0,0.0,True,0.00045679090544581413,66464,25,1984,0.0
20261009T092726.879189Z,pilot,feedback_switch,1300,2,cbcc,-0.0216434361029267,0.004424297408802764,0.0378713421502244,0.11357746389639979,,False,0.0,0.0,True,0.0029280828312039375,3168,0,188928,0.0
20261009T092726.879189Z,pilot,feedback_switch,1300,2,random,-0.0216434361029267,0.004424297408802764,0.038147604023011025,0.11441854356438894,,False,0.0,0.0,True,0.0004974170587956905,65600,25,1632,0.0
20261009T092726.879189Z,pilot,feedback_switch,1300,2,fixed_frequency,-0.0216434361029267,0.004424297408802764,0.037525889367500474,0.1125408565269378,,False,0.0,0.0,True,0.0003347080200910568,65600,25,1632,0.0
20261009T092726.879189Z,pilot,feedback_switch,1300,2,activity,-0.0216434361029267,0.004424297408802764,0.014810422983562147,0.043225421137045646,,False,0.0,1.0,True,0.0007609170861542225,61120,23,20320,0.0
20261009T092726.879189Z,pilot,feedback_switch,1300,2,no_influence,-0.0216434361029267,0.004424297408802764,0.02421382635081913,0.06748322030925188,,False,0.0,0.0,True,0.00044674985110759735,66464,25,1664,0.0
20261009T092726.879189Z,pilot,feedback_switch,1300,3,cbcc,0.07696848302259147,0.0018383860974047121,0.015553571120678894,0.037302976901637974,,False,0.0,0.0,True,0.0030360003001987934,3168,0,251904,0.0
20261009T092726.879189Z,pilot,feedback_switch,1300,3,random,0.07696848302259147,0.0018383860974047121,0.013934998700774996,0.03328717898300606,,False,0.0,0.0,True,0.0004198751412332058,65600,25,2176,0.0
20261009T092726.879189Z,pilot,feedback_switch,1300,3,fixed_frequency,0.07696848302259147,0.0018383860974047121,0.011347058260175652,0.026946520846595372,,False,0.0,0.0,True,0.0003777085803449154,65600,25,2176,0.0
20261009T092726.879189Z,pilot,feedback_switch,1300,3,activity,0.07696848302259147,0.0018383860974047121,0.018203846693245453,0.04368769953435619,,False,1.0,1.0,False,0.0007262919098138809,40128,15,46336,1.0
20261009T092726.879189Z,pilot,feedback_switch,1300,3,no_influence,0.07696848302259147,0.0018383860974047121,0.008235699010571522,0.01136624906041553,5320,True,0.0,0.0,True,0.0004760413430631161,66464,25,1344,0.0
20261009T092726.879189Z,pilot,feedback_switch,1300,4,cbcc,0.3888180536623821,0.003439580586077669,0.03974736416146595,0.11920552993012445,,False,0.0,0.0,True,0.0029530837200582027,3168,0,314880,0.0
20261009T092726.879189Z,pilot,feedback_switch,1300,4,random,0.3888180536623821,0.003439580586077669,0.03634234231994279,0.10896646429494755,,False,0.0,0.0,True,0.0009918329305946827,68224,26,96,0.0
20261009T092726.879189Z,pilot,feedback_switch,1300,4,fixed_frequency,0.3888180536623821,0.003439580586077669,0.03351668512771366,0.10048949271826016,,False,0.0,0.0,True,0.00042962469160556793,68224,26,96,0.0
20261009T092726.879189Z,pilot,feedback_switch,1300,4,activity,0.3888180536623821,0.003439580586077669,0.040250545131594005,0.12004450213650343,,False,0.0,0.0,True,0.0008220840245485306,61120,23,51360,0.0
20261009T092726.879189Z,pilot,feedback_switch,1300,4,no_influence,0.3888180536623821,0.003439580586077669,0.04360469926419928,0.13039548477539395,,False,0.0,0.0,True,0.0004681670106947422,66464,25,1024,0.0
20261009T092726.879189Z,pilot,feedback_switch,1300,5,cbcc,0.4544798228520084,0.010983075881290567,0.03490212532530563,0.07612848647314163,,False,0.0,0.0,True,0.0029542907141149044,3168,0,377856,0.0
20261009T092726.879189Z,pilot,feedback_switch,1300,5,random,0.4544798228520084,0.010983075881290567,0.037484062658903645,0.0816927710981556,,False,0.0,0.0,True,0.00041291583329439163,65600,25,640,0.0
20261009T092726.879189Z,pilot,feedback_switch,1300,5,fixed_frequency,0.4544798228520084,0.010983075881290567,0.03264969121243111,0.07120016240832121,,False,1.0,1.0,False,0.00032624974846839905,65600,25,640,1.0
20261009T092726.879189Z,pilot,feedback_switch,1300,5,activity,0.4544798228520084,0.010983075881290567,0.033987975906347126,0.07406233114429252,,False,1.0,0.0,True,0.000752083957195282,61120,23,56384,1.0
20261009T092726.879189Z,pilot,feedback_switch,1300,5,no_influence,0.4544798228520084,0.010983075881290567,0.015575561815716052,0.032974326338192146,,False,1.0,1.0,False,0.0004593753255903721,66464,25,704,1.0
20261009T092726.879189Z,pilot,feedback_switch,1300,6,cbcc,0.11718448229318555,0.0022017802625342612,0.040889724182600055,0.10900879569170566,,False,0.0,0.0,True,0.002937708981335163,3168,0,440832,0.0
20261009T092726.879189Z,pilot,feedback_switch,1300,6,random,0.11718448229318555,0.0022017802625342612,0.03182150624101443,0.08465288545926328,,False,1.0,0.0,True,0.0004027923569083214,65600,25,1184,1.0
20261009T092726.879189Z,pilot,feedback_switch,1300,6,fixed_frequency,0.11718448229318555,0.0022017802625342612,0.036745928146686264,0.09776237961129869,,False,0.0,0.0,True,0.0007312088273465633,65600,25,1184,0.0
20261009T092726.879189Z,pilot,feedback_switch,1300,6,activity,0.11718448229318555,0.0022017802625342612,0.044019223496659717,0.1161520629221754,,False,0.0,0.0,True,0.00077420799061656,42752,16,79776,0.0
20261009T092726.879189Z,pilot,feedback_switch,1300,6,no_influence,0.11718448229318555,0.0022017802625342612,0.01219739224551316,0.03073829508770487,,False,1.0,1.0,False,0.00046349968761205673,66464,25,384,1.0
20261009T092726.879189Z,pilot,feedback_switch,1300,7,cbcc,0.31353477821807885,0.0018253330332937317,0.028511678643241445,0.07600067425341603,,False,0.0,0.0,True,0.0030675833113491535,3168,0,503808,0.0
20261009T092726.879189Z,pilot,feedback_switch,1300,7,random,0.31353477821807885,0.0018253330332937317,0.02855517761313373,0.0747832037813854,,False,0.0,1.0,True,0.0004087924025952816,65600,25,1728,0.0
20261009T092726.879189Z,pilot,feedback_switch,1300,7,fixed_frequency,0.31353477821807885,0.0018253330332937317,0.027497656157033545,0.07329234338429692,,False,0.0,0.0,True,0.0003249580040574074,65600,25,1728,0.0
20261009T092726.879189Z,pilot,feedback_switch,1300,7,activity,0.31353477821807885,0.0018253330332937317,0.03545706518978701,0.08861919367379123,,False,1.0,0.0,True,0.0007482911460101604,61120,23,84800,1.0
20261009T092726.879189Z,pilot,feedback_switch,1300,7,no_influence,0.31353477821807885,0.0018253330332937317,0.030663005315530307,0.08173754537951966,,False,0.0,0.0,True,0.0004503750242292881,66464,25,64,0.0
20261009T092726.879189Z,pilot,feedback_switch,1301,0,cbcc,0.5564299696818671,0.003492838245862417,0.04590830258255372,0.10014196412531931,,False,0.0,0.0,True,0.0029485421255230904,3168,0,62976,0.0
20261009T092726.879189Z,pilot,feedback_switch,1301,0,random,0.5564299696818671,0.003492838245862417,0.04940085907036291,0.10776706329006239,,False,1.0,1.0,False,0.0004352908581495285,65600,25,544,1.0
20261009T092726.879189Z,pilot,feedback_switch,1301,0,fixed_frequency,0.5564299696818671,0.003492838245862417,0.045932564388231296,0.09995172844569898,,False,1.0,1.0,False,0.00033962493762373924,65600,25,544,1.0
20261009T092726.879189Z,pilot,feedback_switch,1301,0,activity,0.5564299696818671,0.003492838245862417,0.03436180643337049,0.06860926847605815,,False,0.0,0.0,True,0.0009631249122321606,53248,20,12896,0.0
20261009T092726.879189Z,pilot,feedback_switch,1301,0,no_influence,0.5564299696818671,0.003492838245862417,0.019411128664772837,0.04116677306522153,,False,1.0,1.0,False,0.0005449997261166573,63840,24,2304,1.0
20261009T092726.879189Z,pilot,feedback_switch,1301,1,cbcc,0.4341928400812576,0.003535592289248444,0.015093644091987485,0.03290998196408388,,False,0.0,0.0,True,0.0034727081656455994,3168,0,125952,0.0
20261009T092726.879189Z,pilot,feedback_switch,1301,1,random,0.4341928400812576,0.003535592289248444,0.01491800380839016,0.032526766799871536,,False,0.0,0.0,True,0.00046612462028861046,65600,25,1088,0.0
20261009T092726.879189Z,pilot,feedback_switch,1301,1,fixed_frequency,0.4341928400812576,0.003535592289248444,0.01711226381034932,0.037302508821986054,,False,0.0,1.0,True,0.0003322502598166466,65600,25,1088,0.0
20261009T092726.879189Z,pilot,feedback_switch,1301,1,activity,0.4341928400812576,0.003535592289248444,0.0044971547034474086,0.009544797270342003,15936,True,0.0,1.0,True,0.0007356670685112476,53248,20,25792,0.0
20261009T092726.879189Z,pilot,feedback_switch,1301,1,no_influence,0.4341928400812576,0.003535592289248444,0.01311885238756702,0.02836071602062882,,False,1.0,1.0,False,0.00044445786625146866,66464,25,1984,1.0
20261009T092726.879189Z,pilot,feedback_switch,1301,2,cbcc,-0.27974656570635964,0.0019340382100638588,0.04230146044802807,0.10149791128727599,,False,0.0,0.0,True,0.003283375408500433,3168,0,188928,0.0
20261009T092726.879189Z,pilot,feedback_switch,1301,2,random,-0.27974656570635964,0.0019340382100638588,0.046616297455601835,0.11183348473518957,,False,0.0,1.0,True,0.0004681670106947422,65600,25,1632,0.0
20261009T092726.879189Z,pilot,feedback_switch,1301,2,fixed_frequency,-0.27974656570635964,0.0019340382100638588,0.04542276609406413,0.10896951751663966,,False,0.0,1.0,True,0.00037233391776680946,65600,25,1632,0.0
20261009T092726.879189Z,pilot,feedback_switch,1301,2,activity,-0.27974656570635964,0.0019340382100638588,0.04787800042404894,0.11382170492521852,,False,0.0,0.0,True,0.0008638747967779636,61120,23,30816,0.0
20261009T092726.879189Z,pilot,feedback_switch,1301,2,no_influence,-0.27974656570635964,0.0019340382100638588,0.02185888611349601,0.05231524445514228,,False,0.0,0.0,True,0.0009672082960605621,66464,25,1664,0.0
20261009T092726.879189Z,pilot,feedback_switch,1301,3,cbcc,-0.03959758352632436,0.0017056801203232017,0.01755844495203653,0.046792051076869595,,False,0.0,0.0,True,0.003249374683946371,3168,0,251904,0.0
20261009T092726.879189Z,pilot,feedback_switch,1301,3,random,-0.03959758352632436,0.0017056801203232017,0.016082330505936594,0.04283462021180196,,False,0.0,0.0,True,0.00046183308586478233,65600,25,2176,0.0
20261009T092726.879189Z,pilot,feedback_switch,1301,3,fixed_frequency,-0.03959758352632436,0.0017056801203232017,0.016329113521605165,0.04331570062768714,,False,1.0,1.0,False,0.00041899969801306725,65600,25,2176,1.0
20261009T092726.879189Z,pilot,feedback_switch,1301,3,activity,-0.03959758352632436,0.0017056801203232017,0.015716107031278008,0.04181146211908634,,False,0.0,0.0,True,0.0008115419186651707,50624,19,46336,0.0
20261009T092726.879189Z,pilot,feedback_switch,1301,3,no_influence,-0.03959758352632436,0.0017056801203232017,0.017940815378955335,0.04773231366213017,,False,0.0,0.0,True,0.0004994170740246773,66464,25,1344,0.0
20261009T092726.879189Z,pilot,feedback_switch,1301,4,cbcc,0.30894661944500706,0.0015374483213325377,0.021958459680595867,0.047887761430138516,,False,0.0,0.0,True,0.0029554166831076145,3168,0,314880,0.0
20261009T092726.879189Z,pilot,feedback_switch,1301,4,random,0.30894661944500706,0.0015374483213325377,0.02872444877445521,0.06233909203567253,,False,0.0,0.0,True,0.00042404187843203545,68224,26,96,0.0
20261009T092726.879189Z,pilot,feedback_switch,1301,4,fixed_frequency,0.30894661944500706,0.0015374483213325377,0.019011920812024272,0.04143950360478637,,False,0.0,0.0,True,0.0004081670194864273,68224,26,96,0.0
20261009T092726.879189Z,pilot,feedback_switch,1301,4,activity,0.30894661944500706,0.0015374483213325377,0.03346008444107419,0.07297142048695117,,False,0.0,0.0,True,0.0008295844309031963,58496,22,53984,0.0
20261009T092726.879189Z,pilot,feedback_switch,1301,4,no_influence,0.30894661944500706,0.0015374483213325377,0.04252684970652157,0.09246536819062157,,False,0.0,0.0,True,0.00046841613948345184,66464,25,1024,0.0
20261009T092726.879189Z,pilot,feedback_switch,1301,5,cbcc,0.22848809657118882,0.002094374218152876,0.01847313332316683,0.044309926187609025,,False,0.0,0.0,True,0.002966832835227251,3168,0,377856,0.0
20261009T092726.879189Z,pilot,feedback_switch,1301,5,random,0.22848809657118882,0.002094374218152876,0.019665739870345127,0.04690635095682894,,False,1.0,1.0,False,0.0004137079231441021,65600,25,640,1.0
20261009T092726.879189Z,pilot,feedback_switch,1301,5,fixed_frequency,0.22848809657118882,0.002094374218152876,0.01898036521638938,0.04541078548381868,,False,1.0,0.0,True,0.0003335829824209213,65600,25,640,1.0
20261009T092726.879189Z,pilot,feedback_switch,1301,5,activity,0.22848809657118882,0.002094374218152876,0.053166838946666954,0.1255890614134072,,False,1.0,0.0,True,0.0007629166357219219,61120,23,59008,1.0
20261009T092726.879189Z,pilot,feedback_switch,1301,5,no_influence,0.22848809657118882,0.002094374218152876,0.004316096913674676,0.00952162967003654,18584,True,0.0,0.0,True,0.00046116625890135765,66464,25,704,0.0
20261009T092726.879189Z,pilot,feedback_switch,1301,6,cbcc,0.02720857872375667,0.005633397766769823,0.030483305416319707,0.08125834564829139,,False,0.0,0.0,True,0.0029906253330409527,3168,0,440832,0.0
20261009T092726.879189Z,pilot,feedback_switch,1301,6,random,0.02720857872375667,0.005633397766769823,0.0322332015798261,0.08592473541764177,,False,0.0,0.0,True,0.0004126252606511116,65600,25,1184,0.0
20261009T092726.879189Z,pilot,feedback_switch,1301,6,fixed_frequency,0.02720857872375667,0.005633397766769823,0.028975639900689132,0.07723814005269088,,False,0.0,1.0,True,0.0003254581242799759,65600,25,1184,0.0
20261009T092726.879189Z,pilot,feedback_switch,1301,6,activity,0.02720857872375667,0.005633397766769823,0.04317542855167154,0.11309419928048264,,False,0.0,0.0,True,0.0007500420324504375,61120,23,64032,0.0
20261009T092726.879189Z,pilot,feedback_switch,1301,6,no_influence,0.02720857872375667,0.005633397766769823,0.09463014580581135,0.24625976685214074,,False,0.0,0.0,True,0.00044679176062345505,66464,25,384,0.0
20261009T092726.879189Z,pilot,feedback_switch,1301,7,cbcc,0.027176812509727657,0.002853274543151017,0.03452125257165863,0.08282541238398934,,False,0.0,0.0,True,0.0030374587513506413,3168,0,503808,0.0
20261009T092726.879189Z,pilot,feedback_switch,1301,7,random,0.027176812509727657,0.002853274543151017,0.04086964128028652,0.09787765010840048,,False,0.0,1.0,True,0.0004293331876397133,65600,25,1728,0.0
20261009T092726.879189Z,pilot,feedback_switch,1301,7,fixed_frequency,0.027176812509727657,0.002853274543151017,0.033924036378247646,0.08133792970375067,,False,0.0,0.0,True,0.00045241694897413254,65600,25,1728,0.0
20261009T092726.879189Z,pilot,feedback_switch,1301,7,activity,0.027176812509727657,0.002853274543151017,0.05192885027989874,0.1238874988528041,,False,0.0,1.0,True,0.0007796669378876686,58496,22,71680,0.0
20261009T092726.879189Z,pilot,feedback_switch,1301,7,no_influence,0.027176812509727657,0.002853274543151017,0.008812661758928154,0.020240265102919645,,False,1.0,1.0,False,0.00046191737055778503,66464,25,64,1.0
20261009T092726.879189Z,pilot,feedback_switch,1302,0,cbcc,-0.27480160139182874,0.002896861959192693,0.038648937911458375,0.08430335029747492,,False,0.0,0.0,True,0.0029587079770863056,3168,0,62976,0.0
20261009T092726.879189Z,pilot,feedback_switch,1302,0,random,-0.27480160139182874,0.002896861959192693,0.036317385133987,0.07922747111415485,,False,1.0,0.0,True,0.00042741699144244194,65600,25,544,1.0
20261009T092726.879189Z,pilot,feedback_switch,1302,0,fixed_frequency,-0.27480160139182874,0.002896861959192693,0.03304366996798572,0.07206618937578728,,False,0.0,0.0,True,0.0003387080505490303,65600,25,544,0.0
20261009T092726.879189Z,pilot,feedback_switch,1302,0,activity,-0.27480160139182874,0.002896861959192693,0.03462923365427192,0.07389945796798306,,False,1.0,1.0,False,0.0007432918064296246,48000,18,18144,1.0
20261009T092726.879189Z,pilot,feedback_switch,1302,0,no_influence,-0.27480160139182874,0.002896861959192693,0.029964696497069645,0.061653383095806306,,False,0.0,0.0,True,0.00045395875349640846,63840,24,2304,0.0
20261009T092726.879189Z,pilot,feedback_switch,1302,1,cbcc,0.06362803951161246,0.0011283637136831073,0.011420278121250635,0.03042360619477387,,False,0.0,0.0,True,0.003229208290576935,3168,0,125952,0.0
20261009T092726.879189Z,pilot,feedback_switch,1302,1,random,0.06362803951161246,0.0011283637136831073,0.010785105702490916,0.028150628587922426,,False,0.0,0.0,True,0.0004791249521076679,65600,25,1088,0.0
20261009T092726.879189Z,pilot,feedback_switch,1302,1,fixed_frequency,0.06362803951161246,0.0011283637136831073,0.007383659949443314,0.019109696899969105,,False,0.0,1.0,True,0.0004548747092485428,65600,25,1088,0.0
20261009T092726.879189Z,pilot,feedback_switch,1302,1,activity,0.06362803951161246,0.0011283637136831073,0.007057877336786391,0.01777866813571513,,False,0.0,1.0,True,0.000816915649920702,63744,24,20544,0.0
20261009T092726.879189Z,pilot,feedback_switch,1302,1,no_influence,0.06362803951161246,0.0011283637136831073,0.006635140038058848,0.013518342097354015,5320,True,0.0,0.0,True,0.00046458328142762184,66464,25,1984,0.0
20261009T092726.879189Z,pilot,feedback_switch,1302,2,cbcc,0.05531137388495844,0.0035172011328957783,0.020153777419961647,0.04834347201991658,,False,0.0,0.0,True,0.0029693343676626682,3168,0,188928,0.0
20261009T092726.879189Z,pilot,feedback_switch,1302,2,random,0.05531137388495844,0.0035172011328957783,0.019918231594520067,0.047778162038856785,,False,0.0,0.0,True,0.00042620906606316566,65600,25,1632,0.0
20261009T092726.879189Z,pilot,feedback_switch,1302,2,fixed_frequency,0.05531137388495844,0.0035172011328957783,0.019784846829791144,0.04745803860350738,,False,0.0,0.0,True,0.00033070798963308334,65600,25,1632,0.0
20261009T092726.879189Z,pilot,feedback_switch,1302,2,activity,0.05531137388495844,0.0035172011328957783,0.015229093884614566,0.03645492713174496,,False,1.0,1.0,False,0.0007193339988589287,34880,13,51808,1.0
20261009T092726.879189Z,pilot,feedback_switch,1302,2,no_influence,0.05531137388495844,0.0035172011328957783,0.017192495107279555,0.04123639446947956,,False,0.0,0.0,True,0.0004532919265329838,66464,25,1664,0.0
20261009T092726.879189Z,pilot,feedback_switch,1302,3,cbcc,0.25459419343525386,0.001214685448111059,0.02315942598161648,0.05050805154145622,,False,0.0,0.0,True,0.002964375074952841,3168,0,251904,0.0
20261009T092726.879189Z,pilot,feedback_switch,1302,3,random,0.25459419343525386,0.001214685448111059,0.017429897240604727,0.038003209435752375,,False,0.0,1.0,True,0.00042741699144244194,65600,25,2176,0.0
20261009T092726.879189Z,pilot,feedback_switch,1302,3,fixed_frequency,0.25459419343525386,0.001214685448111059,0.023424423565333006,0.051086228087746835,,False,0.0,0.0,True,0.0003870418295264244,65600,25,2176,0.0
20261009T092726.879189Z,pilot,feedback_switch,1302,3,activity,0.25459419343525386,0.001214685448111059,0.016320999968425922,0.035581411175606856,,False,1.0,1.0,False,0.0007495000027120113,50624,19,67328,1.0
20261009T092726.879189Z,pilot,feedback_switch,1302,3,no_influence,0.25459419343525386,0.001214685448111059,0.0399898275038175,0.08721993898740797,,False,0.0,0.0,True,0.0007220832630991936,66464,25,1344,0.0
20261009T092726.879189Z,pilot,feedback_switch,1302,4,cbcc,0.5427117966767785,0.0011306642588650737,0.01197110531714758,0.026097170091705903,,False,0.0,0.0,True,0.0029456252232193947,3168,0,314880,0.0
20261009T092726.879189Z,pilot,feedback_switch,1302,4,random,0.5427117966767785,0.0011306642588650737,0.01197110531714758,0.026097170091705903,,False,0.0,0.0,True,0.0004986668936908245,68224,26,96,0.0
20261009T092726.879189Z,pilot,feedback_switch,1302,4,fixed_frequency,0.5427117966767785,0.0011306642588650737,0.010291578874784303,0.02231464895024054,,False,1.0,0.0,True,0.00034724967554211617,68224,26,96,1.0
20261009T092726.879189Z,pilot,feedback_switch,1302,4,activity,0.5427117966767785,0.0011306642588650737,0.012660354904711242,0.02715701834851336,,False,1.0,0.0,True,0.0007352503016591072,37504,14,95968,1.0
20261009T092726.879189Z,pilot,feedback_switch,1302,4,no_influence,0.5427117966767785,0.0011306642588650737,0.0070580763483470655,0.015271434267656748,26564,True,0.0,0.0,True,0.000456416979432106,66464,25,1024,0.0
20261009T092726.879189Z,pilot,feedback_switch,1302,5,cbcc,0.19770387970188633,0.0031799804492752665,0.02385384762005739,0.07152498030589877,,False,0.0,0.0,True,0.003124833572655916,3168,0,377856,0.0
20261009T092726.879189Z,pilot,feedback_switch,1302,5,random,0.19770387970188633,0.0031799804492752665,0.019152321745856838,0.05438925242983499,,False,0.0,0.0,True,0.0004301657900214195,65600,25,640,0.0
20261009T092726.879189Z,pilot,feedback_switch,1302,5,fixed_frequency,0.19770387970188633,0.0031799804492752665,0.02385384762005739,0.07152498030589877,,False,0.0,0.0,True,0.0003303326666355133,65600,25,640,0.0
20261009T092726.879189Z,pilot,feedback_switch,1302,5,activity,0.19770387970188633,0.0031799804492752665,0.03495054030231981,0.10025115555216571,,False,0.0,1.0,True,0.0007353327237069607,48000,18,114112,0.0
20261009T092726.879189Z,pilot,feedback_switch,1302,5,no_influence,0.19770387970188633,0.0031799804492752665,0.005993453031424966,0.007092881308886988,,False,1.0,1.0,False,0.0004519158974289894,66464,25,704,1.0
20261009T092726.879189Z,pilot,feedback_switch,1302,6,cbcc,0.26038813394086935,0.002053697108753078,0.010433499005498068,0.02779219521943369,,False,0.0,0.0,True,0.0029884171672165394,3168,0,440832,0.0
20261009T092726.879189Z,pilot,feedback_switch,1302,6,random,0.26038813394086935,0.002053697108753078,0.011309980542770158,0.030132547252706168,,False,0.0,1.0,True,0.0004541249945759773,65600,25,1184,0.0
20261009T092726.879189Z,pilot,feedback_switch,1302,6,fixed_frequency,0.26038813394086935,0.002053697108753078,0.011312748669162064,0.029924264550444106,,False,0.0,0.0,True,0.0005301670171320438,65600,25,1184,0.0
20261009T092726.879189Z,pilot,feedback_switch,1302,6,activity,0.26038813394086935,0.002053697108753078,0.0083154867320908,0.021696981100753895,,False,0.0,1.0,True,0.0008048750460147858,61120,23,119136,0.0
20261009T092726.879189Z,pilot,feedback_switch,1302,6,no_influence,0.26038813394086935,0.002053697108753078,0.0016043367511620543,0.0021117561197138168,,False,1.0,1.0,False,0.00047174980863928795,66464,25,384,1.0
20261009T092726.879189Z,pilot,feedback_switch,1302,7,cbcc,0.3066999530821993,0.0035913091302530085,0.009170914508269042,0.02442530322682295,,False,0.0,0.0,True,0.002944542095065117,3168,0,503808,0.0
20261009T092726.879189Z,pilot,feedback_switch,1302,7,random,0.3066999530821993,0.0035913091302530085,0.006914396065794629,0.018368249744840515,,False,0.0,1.0,True,0.0004132497124373913,65600,25,1728,0.0
20261009T092726.879189Z,pilot,feedback_switch,1302,7,fixed_frequency,0.3066999530821993,0.0035913091302530085,0.009058174354401698,0.023985504047398756,,False,0.0,1.0,True,0.00032791681587696075,65600,25,1728,0.0
20261009T092726.879189Z,pilot,feedback_switch,1302,7,activity,0.3066999530821993,0.0035913091302530085,0.005739193614425424,0.01481380471116164,,False,0.0,0.0,True,0.0007361248135566711,53248,20,132032,0.0
20261009T092726.879189Z,pilot,feedback_switch,1302,7,no_influence,0.3066999530821993,0.0035913091302530085,0.00948864667529445,0.02493800907878576,,False,0.0,0.0,True,0.0004486250691115856,66464,25,64,0.0
20261009T092726.879189Z,pilot,feedback_switch,1303,0,cbcc,0.13812263956429616,0.0014766274650766726,0.015120802866091507,0.03296923747121993,,False,0.0,0.0,True,0.003001958131790161,3168,0,62976,0.0
20261009T092726.879189Z,pilot,feedback_switch,1303,0,random,0.13812263956429616,0.0014766274650766726,0.012525916949017078,0.027313520678021733,,False,1.0,0.0,True,0.00041737500578165054,65600,25,544,1.0
20261009T092726.879189Z,pilot,feedback_switch,1303,0,fixed_frequency,0.13812263956429616,0.0014766274650766726,0.016181226545239482,0.03520285959302025,,False,0.0,0.0,True,0.000517791137099266,65600,25,544,0.0
20261009T092726.879189Z,pilot,feedback_switch,1303,0,activity,0.13812263956429616,0.0014766274650766726,0.01439075307700982,0.030762301742855314,,False,0.0,1.0,True,0.0013184999115765095,61120,23,5024,0.0
20261009T092726.879189Z,pilot,feedback_switch,1303,0,no_influence,0.13812263956429616,0.0014766274650766726,0.008435884664633015,0.018387055348061912,29260,True,0.0,0.0,True,0.00048500020056962967,63840,24,2304,0.0
20261009T092726.879189Z,pilot,feedback_switch,1303,1,cbcc,0.013079095675596066,0.002564554049944838,0.014664606863839585,0.035169462685223626,,False,0.0,0.0,True,0.002945458050817251,3168,0,125952,0.0
20261009T092726.879189Z,pilot,feedback_switch,1303,1,random,0.013079095675596066,0.002564554049944838,0.01426445123318936,0.03373683638700552,,False,0.0,1.0,True,0.0004087910056114197,65600,25,1088,0.0
20261009T092726.879189Z,pilot,feedback_switch,1303,1,fixed_frequency,0.013079095675596066,0.002564554049944838,0.012697945440602503,0.03012279701817716,,False,0.0,0.0,True,0.00032566674053668976,65600,25,1088,0.0
20261009T092726.879189Z,pilot,feedback_switch,1303,1,activity,0.013079095675596066,0.002564554049944838,0.009142524398744994,0.02147376780809628,,False,1.0,1.0,False,0.0007326658815145493,50624,19,20544,1.0
20261009T092726.879189Z,pilot,feedback_switch,1303,1,no_influence,0.013079095675596066,0.002564554049944838,0.0047866126756805445,0.008693855025890788,,False,1.0,1.0,False,0.0004442082718014717,66464,25,1984,1.0
20261009T092726.879189Z,pilot,feedback_switch,1303,2,cbcc,-0.013918469814287224,0.004075223518357835,0.023545249302576204,0.05134984787809562,,False,0.0,0.0,True,0.002996583003550768,3168,0,188928,0.0
20261009T092726.879189Z,pilot,feedback_switch,1303,2,random,-0.013918469814287224,0.004075223518357835,0.011660859464590364,0.025143158540827992,,False,1.0,0.0,True,0.00042350031435489655,65600,25,1632,1.0
20261009T092726.879189Z,pilot,feedback_switch,1303,2,fixed_frequency,-0.013918469814287224,0.004075223518357835,0.023786086614184906,0.051875311103423694,,False,0.0,0.0,True,0.00032841693609952927,65600,25,1632,0.0
20261009T092726.879189Z,pilot,feedback_switch,1303,2,activity,-0.013918469814287224,0.004075223518357835,0.03712510254914295,0.08048429362016946,,False,1.0,0.0,True,0.0007564160041511059,61120,23,25568,1.0
20261009T092726.879189Z,pilot,feedback_switch,1303,2,no_influence,-0.013918469814287224,0.004075223518357835,0.062408732831537285,0.135627492171627,,False,0.0,0.0,True,0.0009377920068800449,66464,25,1664,0.0
20261009T092726.879189Z,pilot,feedback_switch,1303,3,cbcc,-0.10935380722119535,0.002547043126535364,0.023217191724892033,0.061882042471150936,,False,0.0,0.0,True,0.003549584187567234,3168,0,251904,0.0
20261009T092726.879189Z,pilot,feedback_switch,1303,3,random,-0.10935380722119535,0.002547043126535364,0.028097636245769258,0.07475042599806299,,False,0.0,0.0,True,0.000454166904091835,65600,25,2176,0.0
20261009T092726.879189Z,pilot,feedback_switch,1303,3,fixed_frequency,-0.10935380722119535,0.002547043126535364,0.022538460428369347,0.060072328126504794,,False,0.0,1.0,True,0.0003881254233419895,65600,25,2176,0.0
20261009T092726.879189Z,pilot,feedback_switch,1303,3,activity,-0.10935380722119535,0.002547043126535364,0.025386950323204954,0.06722410737605132,,False,1.0,0.0,True,0.0007489998824894428,53248,20,38464,1.0
20261009T092726.879189Z,pilot,feedback_switch,1303,3,no_influence,-0.10935380722119535,0.002547043126535364,0.015214609992514809,0.04053626445906786,,False,0.0,0.0,True,0.0004558749496936798,66464,25,1344,0.0
20261009T092726.879189Z,pilot,feedback_switch,1303,4,cbcc,0.4819785987689105,0.004030364100839389,0.03536705167485393,0.08485533023165806,,False,0.0,0.0,True,0.0029925419948995113,3168,0,314880,0.0
20261009T092726.879189Z,pilot,feedback_switch,1303,4,random,0.4819785987689105,0.004030364100839389,0.03137535618371474,0.07525632041562694,,False,0.0,1.0,True,0.00043016625568270683,68224,26,96,0.0
20261009T092726.879189Z,pilot,feedback_switch,1303,4,fixed_frequency,0.4819785987689105,0.004030364100839389,0.03639130589127548,0.08712136684481432,,False,0.0,0.0,True,0.00033470895141363144,68224,26,96,0.0
20261009T092726.879189Z,pilot,feedback_switch,1303,4,activity,0.4819785987689105,0.004030364100839389,0.028724729847266466,0.06861042831977193,,False,1.0,1.0,False,0.0007595419883728027,61120,23,43488,1.0
20261009T092726.879189Z,pilot,feedback_switch,1303,4,no_influence,0.4819785987689105,0.004030364100839389,0.05687746958100992,0.1353864096688187,,False,0.0,0.0,True,0.00045299995690584183,66464,25,1024,0.0
20261009T092726.879189Z,pilot,feedback_switch,1303,5,cbcc,0.3998719042955068,0.004474901532816894,0.04656167888748425,0.1015675124269859,,False,0.0,0.0,True,0.0029389169067144394,3168,0,377856,0.0
20261009T092726.879189Z,pilot,feedback_switch,1303,5,random,0.3998719042955068,0.004474901532816894,0.0464780374288715,0.10138502197183082,,False,0.0,0.0,True,0.0004302919842302799,65600,25,640,0.0
20261009T092726.879189Z,pilot,feedback_switch,1303,5,fixed_frequency,0.3998719042955068,0.004474901532816894,0.0515682002753507,0.11247631984508547,,False,0.0,0.0,True,0.00033287471160292625,65600,25,640,0.0
20261009T092726.879189Z,pilot,feedback_switch,1303,5,activity,0.3998719042955068,0.004474901532816894,0.055722100713362206,0.12152362035228476,,False,1.0,0.0,True,0.000817958265542984,55872,21,53760,1.0
20261009T092726.879189Z,pilot,feedback_switch,1303,5,no_influence,0.3998719042955068,0.004474901532816894,0.0683701836963393,0.14908541222702001,,False,0.0,0.0,True,0.00045891711488366127,66464,25,704,0.0
20261009T092726.879189Z,pilot,feedback_switch,1303,6,cbcc,0.032687012005539515,0.0035262989345503284,0.020868250254725735,0.050058206823350396,,False,0.0,0.0,True,0.0035957498475909233,3168,0,440832,0.0
20261009T092726.879189Z,pilot,feedback_switch,1303,6,random,0.032687012005539515,0.0035262989345503284,0.020868250254725735,0.050058206823350396,,False,0.0,0.0,True,0.00043679215013980865,65600,25,1184,0.0
20261009T092726.879189Z,pilot,feedback_switch,1303,6,fixed_frequency,0.032687012005539515,0.0035262989345503284,0.022709482348032342,0.05448562434524705,,False,1.0,1.0,False,0.00033570779487490654,65600,25,1184,1.0
20261009T092726.879189Z,pilot,feedback_switch,1303,6,activity,0.032687012005539515,0.0035262989345503284,0.009778513422019098,0.02342655819770144,26560,True,0.0,0.0,True,0.000751834362745285,53248,20,66656,0.0
20261009T092726.879189Z,pilot,feedback_switch,1303,6,no_influence,0.032687012005539515,0.0035262989345503284,0.07308285331737158,0.17165011181805917,,False,0.0,0.0,True,0.0004549170844256878,66464,25,384,0.0
20261009T092726.879189Z,pilot,feedback_switch,1303,7,cbcc,0.25911545314600165,0.002197409862091677,0.034688409165611,0.08322658820947502,,False,0.0,0.0,True,0.002938374876976013,3168,0,503808,0.0
20261009T092726.879189Z,pilot,feedback_switch,1303,7,random,0.25911545314600165,0.002197409862091677,0.03360293668098673,0.08050560397411785,,False,1.0,0.0,True,0.00039791688323020935,65600,25,1728,1.0
20261009T092726.879189Z,pilot,feedback_switch,1303,7,fixed_frequency,0.25911545314600165,0.002197409862091677,0.033066349776390634,0.07933722149085468,,False,0.0,0.0,True,0.0003237910568714142,65600,25,1728,0.0
20261009T092726.879189Z,pilot,feedback_switch,1303,7,activity,0.25911545314600165,0.002197409862091677,0.02276926349484441,0.05355784199704785,,False,1.0,1.0,False,0.0007428750395774841,55872,21,76928,1.0
20261009T092726.879189Z,pilot,feedback_switch,1303,7,no_influence,0.25911545314600165,0.002197409862091677,0.029959545739838642,0.07187827839916541,,False,0.0,0.0,True,0.0004703751765191555,66464,25,64,0.0
20261009T092726.879189Z,pilot,feedback_switch,1304,0,cbcc,0.017961066310054858,0.001566179451461465,0.03645193736937259,0.10931924955384438,,False,0.0,0.0,True,0.003211915958672762,3168,0,62976,0.0
20261009T092726.879189Z,pilot,feedback_switch,1304,0,random,0.017961066310054858,0.001566179451461465,0.02831510693905689,0.08394369187390083,,False,1.0,0.0,True,0.00048720836639404297,65600,25,544,1.0
20261009T092726.879189Z,pilot,feedback_switch,1304,0,fixed_frequency,0.017961066310054858,0.001566179451461465,0.02825307640213148,0.0835492658129634,,False,1.0,1.0,False,0.00038062501698732376,65600,25,544,1.0
20261009T092726.879189Z,pilot,feedback_switch,1304,0,activity,0.017961066310054858,0.001566179451461465,0.032368439994872183,0.0793820290959338,,False,1.0,1.0,False,0.0008602919988334179,58496,22,7648,1.0
20261009T092726.879189Z,pilot,feedback_switch,1304,0,no_influence,0.017961066310054858,0.001566179451461465,0.010953662213678694,0.02724333932571216,,False,0.0,0.0,True,0.0005458751693367958,63840,24,2304,0.0
20261009T092726.879189Z,pilot,feedback_switch,1304,1,cbcc,-0.27876280332727893,0.0015648801682310474,0.017788038221203506,0.04740429979464819,,False,0.0,0.0,True,0.0032272497192025185,3168,0,125952,0.0
20261009T092726.879189Z,pilot,feedback_switch,1304,1,random,-0.27876280332727893,0.0015648801682310474,0.0158416339649195,0.041652533890690874,,False,0.0,0.0,True,0.0004944158717989922,65600,25,1088,0.0
20261009T092726.879189Z,pilot,feedback_switch,1304,1,fixed_frequency,-0.27876280332727893,0.0015648801682310474,0.01940590046970266,0.05171883490339362,,False,0.0,1.0,True,0.00037787482142448425,65600,25,1088,0.0
20261009T092726.879189Z,pilot,feedback_switch,1304,1,activity,-0.27876280332727893,0.0015648801682310474,0.015153813633095405,0.03987014394250357,,False,0.0,0.0,True,0.0008393339812755585,61120,23,12672,0.0
20261009T092726.879189Z,pilot,feedback_switch,1304,1,no_influence,-0.27876280332727893,0.0015648801682310474,0.022727526420586387,0.06009199593563733,,False,0.0,0.0,True,0.0005623339675366879,66464,25,1984,0.0
20261009T092726.879189Z,pilot,feedback_switch,1304,2,cbcc,0.017638088313750758,0.0017049969850403844,0.023979289526563575,0.07190130602541733,,False,0.0,0.0,True,0.004006249830126762,3168,0,188928,0.0
20261009T092726.879189Z,pilot,feedback_switch,1304,2,random,0.017638088313750758,0.0017049969850403844,0.02740186965896278,0.08217554053900741,,False,0.0,1.0,True,0.00044854218140244484,65600,25,1632,0.0
20261009T092726.879189Z,pilot,feedback_switch,1304,2,fixed_frequency,0.017638088313750758,0.0017049969850403844,0.024561930129577903,0.0734915875268578,,False,0.0,0.0,True,0.0003626672551035881,65600,25,1632,0.0
20261009T092726.879189Z,pilot,feedback_switch,1304,2,activity,0.017638088313750758,0.0017049969850403844,0.00936105739543741,0.02674749958634278,,False,1.0,1.0,False,0.0007676249369978905,55872,21,22944,1.0
20261009T092726.879189Z,pilot,feedback_switch,1304,2,no_influence,0.017638088313750758,0.0017049969850403844,0.012608772776594813,0.036649642755755406,,False,0.0,0.0,True,0.000508749857544899,66464,25,1664,0.0
20261009T092726.879189Z,pilot,feedback_switch,1304,3,cbcc,-0.46839828369626774,0.0015966962114552245,0.03472513873306285,0.09256990115960644,,False,0.0,0.0,True,0.003242750186473131,3168,0,251904,0.0
20261009T092726.879189Z,pilot,feedback_switch,1304,3,random,-0.46839828369626774,0.0015966962114552245,0.04614724603573383,0.1224219609876614,,False,0.0,0.0,True,0.000470499973744154,65600,25,2176,0.0
20261009T092726.879189Z,pilot,feedback_switch,1304,3,fixed_frequency,-0.46839828369626774,0.0015966962114552245,0.023350149376534488,0.06024474773077474,,False,1.0,0.0,True,0.0005828752182424068,65600,25,2176,1.0
20261009T092726.879189Z,pilot,feedback_switch,1304,3,activity,-0.46839828369626774,0.0015966962114552245,0.02353788168304048,0.059102406100170334,,False,1.0,0.0,True,0.0008640419691801071,58496,22,30592,1.0
20261009T092726.879189Z,pilot,feedback_switch,1304,3,no_influence,-0.46839828369626774,0.0015966962114552245,0.019482593981520982,0.0517310788458304,,False,0.0,0.0,True,0.0004995837807655334,66464,25,1344,0.0
20261009T092726.879189Z,pilot,feedback_switch,1304,4,cbcc,-0.18231853967750308,0.006929623320030481,0.03695437769153617,0.08060612799946285,,False,0.0,0.0,True,0.003267125226557255,3168,0,314880,0.0
20261009T092726.879189Z,pilot,feedback_switch,1304,4,random,-0.18231853967750308,0.006929623320030481,0.031002747442710615,0.06755464182764183,,False,1.0,1.0,False,0.00047783320769667625,68224,26,96,1.0
20261009T092726.879189Z,pilot,feedback_switch,1304,4,fixed_frequency,-0.18231853967750308,0.006929623320030481,0.029763797880945724,0.0649244755616531,,False,1.0,0.0,True,0.0003721248358488083,68224,26,96,1.0
20261009T092726.879189Z,pilot,feedback_switch,1304,4,activity,-0.18231853967750308,0.006929623320030481,0.059263001893296446,0.12879871036811694,,False,0.0,0.0,True,0.0008977917023003101,61120,23,35616,0.0
20261009T092726.879189Z,pilot,feedback_switch,1304,4,no_influence,-0.18231853967750308,0.006929623320030481,0.036868829318790354,0.08041947700438107,,False,0.0,0.0,True,0.0005300841294229031,66464,25,1024,0.0
20261009T092726.879189Z,pilot,feedback_switch,1304,5,cbcc,-0.20915529642219505,0.0032141776422920216,0.0501611651304624,0.12036120252511837,,False,0.0,0.0,True,0.004096499644219875,3168,0,377856,0.0
20261009T092726.879189Z,pilot,feedback_switch,1304,5,random,-0.20915529642219505,0.0032141776422920216,0.05289953750751092,0.126858237890194,,False,1.0,0.0,True,0.0005072080530226231,65600,25,640,1.0
20261009T092726.879189Z,pilot,feedback_switch,1304,5,fixed_frequency,-0.20915529642219505,0.0032141776422920216,0.04195255452087906,0.10065248953641495,,False,1.0,0.0,True,0.00037166615948081017,65600,25,640,1.0
20261009T092726.879189Z,pilot,feedback_switch,1304,5,activity,-0.20915529642219505,0.0032141776422920216,0.022593361517610905,0.0489662593324348,,False,1.0,1.0,False,0.0009215842001140118,55872,21,45888,1.0
20261009T092726.879189Z,pilot,feedback_switch,1304,5,no_influence,-0.20915529642219505,0.0032141776422920216,0.01497563537402623,0.03430226899808468,,False,1.0,1.0,False,0.0005302908830344677,66464,25,704,1.0
20261009T092726.879189Z,pilot,feedback_switch,1304,6,cbcc,-0.1468608860282096,0.0016264737066982232,0.02340161714114522,0.05613828735075714,,False,0.0,0.0,True,0.004030000418424606,3168,0,440832,0.0
20261009T092726.879189Z,pilot,feedback_switch,1304,6,random,-0.1468608860282096,0.0016264737066982232,0.02340161714114522,0.05613828735075714,,False,0.0,0.0,True,0.00048633385449647903,65600,25,1184,0.0
20261009T092726.879189Z,pilot,feedback_switch,1304,6,fixed_frequency,-0.1468608860282096,0.0016264737066982232,0.02340161714114522,0.05613828735075714,,False,0.0,0.0,True,0.0003699157387018204,65600,25,1184,0.0
20261009T092726.879189Z,pilot,feedback_switch,1304,6,activity,-0.1468608860282096,0.0016264737066982232,0.022898915405871047,0.05045053975991552,,False,0.0,1.0,True,0.0007660826668143272,63744,24,48288,0.0
20261009T092726.879189Z,pilot,feedback_switch,1304,6,no_influence,-0.1468608860282096,0.0016264737066982232,0.019956667685740222,0.047870408657785156,,False,0.0,0.0,True,0.0004660841077566147,66464,25,384,0.0
20261009T092726.879189Z,pilot,feedback_switch,1304,7,cbcc,0.09655326790204273,0.0014411252618043342,0.027288046370005075,0.05951595057066771,,False,0.0,0.0,True,0.003379624802619219,3168,0,503808,0.0
20261009T092726.879189Z,pilot,feedback_switch,1304,7,random,0.09655326790204273,0.0014411252618043342,0.01793335507351106,0.03909932854513583,,False,0.0,1.0,True,0.000471457839012146,65600,25,1728,0.0
20261009T092726.879189Z,pilot,feedback_switch,1304,7,fixed_frequency,0.09655326790204273,0.0014411252618043342,0.018576990728522726,0.04031489898229072,,False,1.0,0.0,True,0.000334249809384346,65600,25,1728,1.0
20261009T092726.879189Z,pilot,feedback_switch,1304,7,activity,0.09655326790204273,0.0014411252618043342,0.016215385787624048,0.03440902463650776,,False,1.0,1.0,False,0.0008309590630233288,58496,22,55936,1.0
20261009T092726.879189Z,pilot,feedback_switch,1304,7,no_influence,0.09655326790204273,0.0014411252618043342,0.010745609992966879,0.0228737908390268,,False,0.0,0.0,True,0.0005207089707255363,66464,25,64,0.0
20261009T092726.879189Z,pilot,feedback_switch,1305,0,cbcc,0.1211142669827504,0.0015019195377076085,0.044778716483703,0.10744332577289581,,False,0.0,0.0,True,0.0029790420085191727,3168,0,62976,0.0
20261009T092726.879189Z,pilot,feedback_switch,1305,0,random,0.1211142669827504,0.0015019195377076085,0.050715164698072634,0.12135195526896259,,False,0.0,0.0,True,0.0004249582998454571,65600,25,544,0.0
20261009T092726.879189Z,pilot,feedback_switch,1305,0,fixed_frequency,0.1211142669827504,0.0015019195377076085,0.03725733700426156,0.08912375428222089,,False,1.0,0.0,True,0.0003305417485535145,65600,25,544,1.0
20261009T092726.879189Z,pilot,feedback_switch,1305,0,activity,0.1211142669827504,0.0015019195377076085,0.041224464989091124,0.09872583830566785,,False,0.0,1.0,True,0.0007588746957480907,58496,22,7648,0.0
20261009T092726.879189Z,pilot,feedback_switch,1305,0,no_influence,0.1211142669827504,0.0015019195377076085,0.011133443415342678,0.02381683287668995,,False,0.0,0.0,True,0.0004470422863960266,63840,24,2304,0.0
20261009T092726.879189Z,pilot,feedback_switch,1305,1,cbcc,0.4275738129804673,0.010525468552013402,0.04650387143297504,0.10144138707169308,,False,0.0,0.0,True,0.003252999857068062,3168,0,125952,0.0
20261009T092726.879189Z,pilot,feedback_switch,1305,1,random,0.4275738129804673,0.010525468552013402,0.04608736552199224,0.1005375137115374,,False,0.0,0.0,True,0.0004901248030364513,65600,25,1088,0.0
20261009T092726.879189Z,pilot,feedback_switch,1305,1,fixed_frequency,0.4275738129804673,0.010525468552013402,0.04678057795994153,0.10200001741750975,,False,1.0,0.0,True,0.00044679082930088043,65600,25,1088,1.0
20261009T092726.879189Z,pilot,feedback_switch,1305,1,activity,0.4275738129804673,0.010525468552013402,0.036152805260412674,0.07860119272657251,,False,0.0,0.0,True,0.0008942079730331898,61120,23,12672,0.0
20261009T092726.879189Z,pilot,feedback_switch,1305,1,no_influence,0.4275738129804673,0.010525468552013402,0.04991623933537504,0.1085859482495121,,False,0.0,0.0,True,0.0004674158990383148,66464,25,1984,0.0
20261009T092726.879189Z,pilot,feedback_switch,1305,2,cbcc,0.2899229212273687,0.004495985989039635,0.04069607878203943,0.10849240795687733,,False,0.0,0.0,True,0.002908417023718357,3168,0,188928,0.0
20261009T092726.879189Z,pilot,feedback_switch,1305,2,random,0.2899229212273687,0.004495985989039635,0.04276947450739107,0.11402441028929527,,False,0.0,1.0,True,0.0004369998350739479,65600,25,1632,0.0
20261009T092726.879189Z,pilot,feedback_switch,1305,2,fixed_frequency,0.2899229212273687,0.004495985989039635,0.04045904888573779,0.10786670513214822,,False,0.0,0.0,True,0.00033562537282705307,65600,25,1632,0.0
20261009T092726.879189Z,pilot,feedback_switch,1305,2,activity,0.2899229212273687,0.004495985989039635,0.04029607903575097,0.10715963015446592,,False,1.0,0.0,True,0.0007519996725022793,53248,20,25568,1.0
20261009T092726.879189Z,pilot,feedback_switch,1305,2,no_influence,0.2899229212273687,0.004495985989039635,0.02759738543488355,0.07355086400597925,,False,0.0,0.0,True,0.0007647080346941948,66464,25,1664,0.0
20261009T092726.879189Z,pilot,feedback_switch,1305,3,cbcc,0.15215091503778544,0.0017653673843283368,0.02197904648957688,0.05858032184364386,,False,0.0,0.0,True,0.0051393331959843636,3168,0,251904,0.0
20261009T092726.879189Z,pilot,feedback_switch,1305,3,random,0.15215091503778544,0.0017653673843283368,0.023507941846898816,0.062435438322006626,,False,0.0,0.0,True,0.0007827919907867908,65600,25,2176,0.0
20261009T092726.879189Z,pilot,feedback_switch,1305,3,fixed_frequency,0.15215091503778544,0.0017653673843283368,0.02265657632127845,0.06038651062688852,,False,0.0,0.0,True,0.0005137091502547264,65600,25,2176,0.0
20261009T092726.879189Z,pilot,feedback_switch,1305,3,activity,0.15215091503778544,0.0017653673843283368,0.018688523720914868,0.049163912847555655,,False,1.0,0.0,True,0.0014711245894432068,61120,23,30592,1.0
20261009T092726.879189Z,pilot,feedback_switch,1305,3,no_influence,0.15215091503778544,0.0017653673843283368,0.026745036211710916,0.07128885147626254,,False,0.0,0.0,True,0.0011440417729318142,66464,25,1344,0.0
20261009T092726.879189Z,pilot,feedback_switch,1305,4,cbcc,0.3297251379036484,0.0024392636731781813,0.025916040361978806,0.07771155853166302,,False,0.0,0.0,True,0.0032776668667793274,3168,0,314880,0.0
20261009T092726.879189Z,pilot,feedback_switch,1305,4,random,0.3297251379036484,0.0024392636731781813,0.02416702492367666,0.07247367443544317,,False,0.0,1.0,True,0.000599374994635582,68224,26,96,0.0
20261009T092726.879189Z,pilot,feedback_switch,1305,4,fixed_frequency,0.3297251379036484,0.0024392636731781813,0.024572141985483242,0.07368990745029945,,False,0.0,1.0,True,0.0004292498342692852,68224,26,96,0.0
20261009T092726.879189Z,pilot,feedback_switch,1305,4,activity,0.3297251379036484,0.0024392636731781813,0.027319335193290998,0.08129860893364646,,False,1.0,0.0,True,0.0008530830964446068,50624,19,46112,1.0
20261009T092726.879189Z,pilot,feedback_switch,1305,4,no_influence,0.3297251379036484,0.0024392636731781813,0.03299678310551768,0.09832798007216342,,False,0.0,0.0,True,0.0006052502430975437,66464,25,1024,0.0
20261009T092726.879189Z,pilot,feedback_switch,1305,5,cbcc,0.1983340147627002,0.0010416233425203736,0.041951130561206695,0.10065711955890469,,False,0.0,0.0,True,0.0034394580870866776,3168,0,377856,0.0
20261009T092726.879189Z,pilot,feedback_switch,1305,5,random,0.1983340147627002,0.0010416233425203736,0.04096099579140101,0.09801378809403141,,False,0.0,0.0,True,0.0004705418832600117,65600,25,640,0.0
20261009T092726.879189Z,pilot,feedback_switch,1305,5,fixed_frequency,0.1983340147627002,0.0010416233425203736,0.03491972394795761,0.0831245230213795,,False,1.0,0.0,True,0.0004487917758524418,65600,25,640,1.0
20261009T092726.879189Z,pilot,feedback_switch,1305,5,activity,0.1983340147627002,0.0010416233425203736,0.045670573984137285,0.10928153210654494,,False,0.0,1.0,True,0.0008929576724767685,58496,22,53760,0.0
20261009T092726.879189Z,pilot,feedback_switch,1305,5,no_influence,0.1983340147627002,0.0010416233425203736,0.008511876339576565,0.015823919612786168,23904,True,0.0,0.0,True,0.0005501252599060535,66464,25,704,0.0
20261009T092726.879189Z,pilot,feedback_switch,1305,6,cbcc,0.21622432796916255,0.008933712380651096,0.03905892308096515,0.08519786339458059,,False,0.0,0.0,True,0.0032803332433104515,3168,0,440832,0.0
20261009T092726.879189Z,pilot,feedback_switch,1305,6,random,0.21622432796916255,0.008933712380651096,0.036535410088494494,0.07967639573768334,,False,1.0,1.0,False,0.0005372497253119946,65600,25,1184,1.0
20261009T092726.879189Z,pilot,feedback_switch,1305,6,fixed_frequency,0.21622432796916255,0.008933712380651096,0.03752648528087273,0.08184319500339657,,False,1.0,1.0,False,0.0007354589179158211,65600,25,1184,1.0
20261009T092726.879189Z,pilot,feedback_switch,1305,6,activity,0.21622432796916255,0.008933712380651096,0.0329628898592017,0.07126115608736056,,False,1.0,1.0,False,0.0008842083625495434,45376,17,74528,1.0
20261009T092726.879189Z,pilot,feedback_switch,1305,6,no_influence,0.21622432796916255,0.008933712380651096,0.01693640190442206,0.035870240020629246,,False,1.0,1.0,False,0.0006126672960817814,66464,25,384,1.0
20261009T092726.879189Z,pilot,feedback_switch,1305,7,cbcc,-0.04729601474622289,0.014590734290341887,0.028875265239470583,0.06297897355859247,,False,0.0,0.0,True,0.003614707849919796,3168,0,503808,0.0
20261009T092726.879189Z,pilot,feedback_switch,1305,7,random,-0.04729601474622289,0.014590734290341887,0.023211774196217838,0.05057029631544239,,False,1.0,0.0,True,0.0010349578224122524,65600,25,1728,1.0
20261009T092726.879189Z,pilot,feedback_switch,1305,7,fixed_frequency,-0.04729601474622289,0.014590734290341887,0.027450652846029894,0.059859451017725586,,False,1.0,1.0,False,0.00043737515807151794,65600,25,1728,1.0
20261009T092726.879189Z,pilot,feedback_switch,1305,7,activity,-0.04729601474622289,0.014590734290341887,0.0342421407717561,0.07453409779601318,,False,1.0,0.0,True,0.0008955420926213264,55872,21,84800,1.0
20261009T092726.879189Z,pilot,feedback_switch,1305,7,no_influence,-0.04729601474622289,0.014590734290341887,0.01383578370309368,0.029300811106322086,,False,1.0,1.0,False,0.0005247499793767929,66464,25,64,1.0
20261009T092726.879189Z,pilot,feedback_switch,1306,0,cbcc,0.30926720081735887,0.00267414926723767,0.013791092502629096,0.036745777878449765,,False,0.0,0.0,True,0.003345540724694729,3168,0,62976,0.0
20261009T092726.879189Z,pilot,feedback_switch,1306,0,random,0.30926720081735887,0.00267414926723767,0.01946989809885104,0.05174127534603707,,False,0.0,1.0,True,0.0005333330482244492,65600,25,544,0.0
20261009T092726.879189Z,pilot,feedback_switch,1306,0,fixed_frequency,0.30926720081735887,0.00267414926723767,0.013695076972128484,0.03648973646378147,,False,0.0,0.0,True,0.000390790868550539,65600,25,544,0.0
20261009T092726.879189Z,pilot,feedback_switch,1306,0,activity,0.30926720081735887,0.00267414926723767,0.0173679081271663,0.04597486261881694,,False,0.0,1.0,True,0.000863875262439251,55872,21,10272,0.0
20261009T092726.879189Z,pilot,feedback_switch,1306,0,no_influence,0.30926720081735887,0.00267414926723767,0.045151332818486885,0.11856362635304846,,False,0.0,0.0,True,0.0005045002326369286,63840,24,2304,0.0
20261009T092726.879189Z,pilot,feedback_switch,1306,1,cbcc,-0.5765820975981947,0.001541717026569208,0.015788752036044008,0.04732969355385863,,False,0.0,0.0,True,0.0034027909860014915,3168,0,125952,0.0
20261009T092726.879189Z,pilot,feedback_switch,1306,1,random,-0.5765820975981947,0.001541717026569208,0.010153470781007699,0.02995874384194461,,False,1.0,0.0,True,0.0004771249368786812,65600,25,1088,1.0
20261009T092726.879189Z,pilot,feedback_switch,1306,1,fixed_frequency,-0.5765820975981947,0.001541717026569208,0.01598512648357193,0.0479188168964424,,False,0.0,0.0,True,0.0004970412701368332,65600,25,1088,0.0
20261009T092726.879189Z,pilot,feedback_switch,1306,1,activity,-0.5765820975981947,0.001541717026569208,0.023862021695873665,0.07112294183400487,,False,1.0,1.0,False,0.000893124844878912,50624,19,25792,1.0
20261009T092726.879189Z,pilot,feedback_switch,1306,1,no_influence,-0.5765820975981947,0.001541717026569208,0.0038243600287399954,0.003333918246451155,,False,1.0,1.0,False,0.0005105002783238888,66464,25,1984,1.0
20261009T092726.879189Z,pilot,feedback_switch,1306,2,cbcc,-0.28560779123791247,0.0024271303909743445,0.020217848222516016,0.06061698211327466,,False,0.0,0.0,True,0.004858042113482952,3168,0,188928,0.0
20261009T092726.879189Z,pilot,feedback_switch,1306,2,random,-0.28560779123791247,0.0024271303909743445,0.02157746178370949,0.06470436926160146,,False,0.0,1.0,True,0.0005052080377936363,65600,25,1632,0.0
20261009T092726.879189Z,pilot,feedback_switch,1306,2,fixed_frequency,-0.28560779123791247,0.0024271303909743445,0.022949465917727313,0.0686767309331833,,False,1.0,0.0,True,0.0004036673344671726,65600,25,1632,1.0
20261009T092726.879189Z,pilot,feedback_switch,1306,2,activity,-0.28560779123791247,0.0024271303909743445,0.0518739728195523,0.15281580363970776,,False,0.0,0.0,True,0.0009511252865195274,58496,22,33440,0.0
20261009T092726.879189Z,pilot,feedback_switch,1306,2,no_influence,-0.28560779123791247,0.0024271303909743445,0.017066978234987564,0.048758597536924256,,False,0.0,0.0,True,0.0005117501132190228,66464,25,1664,0.0
20261009T092726.879189Z,pilot,feedback_switch,1306,3,cbcc,0.07834020824052822,0.003924944808218348,0.009606503475748427,0.02878294787297189,,False,0.0,0.0,True,0.004043207969516516,3168,0,251904,0.0
20261009T092726.879189Z,pilot,feedback_switch,1306,3,random,0.07834020824052822,0.003924944808218348,0.00980616983955293,0.029381946964385404,,False,0.0,0.0,True,0.0005111671052873135,65600,25,2176,0.0
20261009T092726.879189Z,pilot,feedback_switch,1306,3,fixed_frequency,0.07834020824052822,0.003924944808218348,0.009465464142173773,0.028359829872247923,,False,0.0,0.0,True,0.0004353746771812439,65600,25,2176,0.0
20261009T092726.879189Z,pilot,feedback_switch,1306,3,activity,0.07834020824052822,0.003924944808218348,0.012455950816583142,0.03681051478430793,,False,1.0,1.0,False,0.0008177920244634151,45376,17,54208,1.0
20261009T092726.879189Z,pilot,feedback_switch,1306,3,no_influence,0.07834020824052822,0.003924944808218348,0.008500904394850838,0.02546615063027912,,False,0.0,0.0,True,0.0005025407299399376,66464,25,1344,0.0
20261009T092726.879189Z,pilot,feedback_switch,1306,4,cbcc,0.5383275787529586,0.0023307423326262167,0.02291680247970873,0.05497473216330959,,False,0.0,0.0,True,0.0032381252385675907,3168,0,314880,0.0
20261009T092726.879189Z,pilot,feedback_switch,1306,4,random,0.5383275787529586,0.0023307423326262167,0.028101626483711218,0.0673620600680255,,False,0.0,1.0,True,0.0005636671558022499,68224,26,96,0.0
20261009T092726.879189Z,pilot,feedback_switch,1306,4,fixed_frequency,0.5383275787529586,0.0023307423326262167,0.02422546843139546,0.05801644601917495,,False,0.0,0.0,True,0.00039737485349178314,68224,26,96,0.0
20261009T092726.879189Z,pilot,feedback_switch,1306,4,activity,0.5383275787529586,0.0023307423326262167,0.03166568183584626,0.07595016684714513,,False,0.0,0.0,True,0.0008543753065168858,58496,22,61856,0.0
20261009T092726.879189Z,pilot,feedback_switch,1306,4,no_influence,0.5383275787529586,0.0023307423326262167,0.03751666302601103,0.0897525112326129,,False,0.0,0.0,True,0.000508167315274477,66464,25,1024,0.0
20261009T092726.879189Z,pilot,feedback_switch,1306,5,cbcc,-0.35540632997017707,0.0041649893842827124,0.021535818297445396,0.06457089233806279,,False,0.0,0.0,True,0.0032409578561782837,3168,0,377856,0.0
20261009T092726.879189Z,pilot,feedback_switch,1306,5,random,-0.35540632997017707,0.0041649893842827124,0.016818499201216492,0.05020276044993637,,False,1.0,0.0,True,0.001013707835227251,65600,25,640,1.0
20261009T092726.879189Z,pilot,feedback_switch,1306,5,fixed_frequency,-0.35540632997017707,0.0041649893842827124,0.019931118352594684,0.05970315795460018,,False,0.0,1.0,True,0.00041562505066394806,65600,25,640,0.0
20261009T092726.879189Z,pilot,feedback_switch,1306,5,activity,-0.35540632997017707,0.0041649893842827124,0.020904028748213548,0.006004346250631164,5312,True,1.0,0.0,True,0.000854874961078167,61120,23,66880,1.0
20261009T092726.879189Z,pilot,feedback_switch,1306,5,no_influence,-0.35540632997017707,0.0041649893842827124,0.050526019636420394,0.1502988901444652,,False,0.0,0.0,True,0.0005077500827610493,66464,25,704,0.0
20261009T092726.879189Z,pilot,feedback_switch,1306,6,cbcc,-0.12193778322960346,0.005949889390245922,0.032485682939749815,0.08659801904410501,,False,0.0,0.0,True,0.0032749581150710583,3168,0,440832,0.0
20261009T092726.879189Z,pilot,feedback_switch,1306,6,random,-0.12193778322960346,0.005949889390245922,0.030099158417209625,0.08023091718428427,,False,0.0,0.0,True,0.00048287492245435715,65600,25,1184,0.0
20261009T092726.879189Z,pilot,feedback_switch,1306,6,fixed_frequency,-0.12193778322960346,0.005949889390245922,0.03454138445416614,0.09208491818130365,,False,0.0,0.0,True,0.0003697923384606838,65600,25,1184,0.0
20261009T092726.879189Z,pilot,feedback_switch,1306,6,activity,-0.12193778322960346,0.005949889390245922,0.03765140381607939,0.09935657855371666,,False,0.0,0.0,True,0.0017308332026004791,37504,14,95520,0.0
20261009T092726.879189Z,pilot,feedback_switch,1306,6,no_influence,-0.12193778322960346,0.005949889390245922,0.04561697598293305,0.12160166951005673,,False,0.0,0.0,True,0.0005670841783285141,66464,25,384,0.0
20261009T092726.879189Z,pilot,feedback_switch,1306,7,cbcc,-0.38127906061300887,0.0020418876523327825,0.01458837970613347,0.034986517506728966,,False,0.0,0.0,True,0.0032273330725729465,3168,0,503808,0.0
20261009T092726.879189Z,pilot,feedback_switch,1306,7,random,-0.38127906061300887,0.0020418876523327825,0.010749995671366344,0.025491985888124014,,False,1.0,1.0,False,0.00047833332791924477,65600,25,1728,1.0
20261009T092726.879189Z,pilot,feedback_switch,1306,7,fixed_frequency,-0.38127906061300887,0.0020418876523327825,0.012458456991827807,0.029808570949327467,,False,0.0,1.0,True,0.0003735828213393688,65600,25,1728,0.0
20261009T092726.879189Z,pilot,feedback_switch,1306,7,activity,-0.38127906061300887,0.0020418876523327825,0.020411354639575552,0.04881401184076194,,False,1.0,0.0,True,0.0008223750628530979,37504,14,124160,1.0
20261009T092726.879189Z,pilot,feedback_switch,1306,7,no_influence,-0.38127906061300887,0.0020418876523327825,0.014994811601765386,0.03579257323908461,,False,0.0,0.0,True,0.0008070417679846287,66464,25,64,0.0
20261009T092726.879189Z,pilot,feedback_switch,1307,0,cbcc,-0.06529997675661812,0.0029402078252106275,0.03681962498754881,0.08834150618212576,,False,0.0,0.0,True,0.00329000037163496,3168,0,62976,0.0
20261009T092726.879189Z,pilot,feedback_switch,1307,0,random,-0.06529997675661812,0.0029402078252106275,0.03541263588891885,0.08494534832485265,,False,1.0,0.0,True,0.00045016687363386154,65600,25,544,1.0
20261009T092726.879189Z,pilot,feedback_switch,1307,0,fixed_frequency,-0.06529997675661812,0.0029402078252106275,0.04243928789503624,0.10144145241391571,,False,0.0,0.0,True,0.0003658328205347061,65600,25,544,0.0
20261009T092726.879189Z,pilot,feedback_switch,1307,0,activity,-0.06529997675661812,0.0029402078252106275,0.030913908410356333,0.07383033440427512,,False,1.0,0.0,True,0.0008164998143911362,53248,20,12896,1.0
20261009T092726.879189Z,pilot,feedback_switch,1307,0,no_influence,-0.06529997675661812,0.0029402078252106275,0.009919556085095625,0.02287814085464176,,False,1.0,1.0,False,0.0006220829673111439,63840,24,2304,1.0
20261009T092726.879189Z,pilot,feedback_switch,1307,1,cbcc,-0.32329797343308814,0.001339749231085718,0.017900138463729735,0.03903324241152151,,False,0.0,0.0,True,0.00320537481456995,3168,0,125952,0.0
20261009T092726.879189Z,pilot,feedback_switch,1307,1,random,-0.32329797343308814,0.001339749231085718,0.005573964576547914,0.012149078236325802,18368,True,1.0,0.0,True,0.00046629179269075394,65600,25,1088,1.0
20261009T092726.879189Z,pilot,feedback_switch,1307,1,fixed_frequency,-0.32329797343308814,0.001339749231085718,0.012945812101926975,0.0282342201136084,,False,1.0,0.0,True,0.0003660419024527073,65600,25,1088,1.0
20261009T092726.879189Z,pilot,feedback_switch,1307,1,activity,-0.32329797343308814,0.001339749231085718,0.026043079552631052,0.05642673724961068,,False,1.0,0.0,True,0.0008368333801627159,50624,19,28416,1.0
20261009T092726.879189Z,pilot,feedback_switch,1307,1,no_influence,-0.32329797343308814,0.001339749231085718,0.023873687319381148,0.05206680647102749,,False,0.0,0.0,True,0.0005044164136052132,66464,25,1984,0.0
20261009T092726.879189Z,pilot,feedback_switch,1307,2,cbcc,0.365132817191523,0.0038037589662597102,0.03126172752400307,0.06818580036120879,,False,0.0,0.0,True,0.004052957985550165,3168,0,188928,0.0
20261009T092726.879189Z,pilot,feedback_switch,1307,2,random,0.365132817191523,0.0038037589662597102,0.030758136716942,0.06708705678216645,,False,0.0,0.0,True,0.00047558313235640526,65600,25,1632,0.0
20261009T092726.879189Z,pilot,feedback_switch,1307,2,fixed_frequency,0.365132817191523,0.0038037589662597102,0.028711786912401654,0.062278571217707565,,False,0.0,1.0,True,0.00036895787343382835,65600,25,1632,0.0
20261009T092726.879189Z,pilot,feedback_switch,1307,2,activity,0.365132817191523,0.0038037589662597102,0.027183630657471165,0.05915505167084511,,False,0.0,0.0,True,0.0008055423386394978,45376,17,49184,0.0
20261009T092726.879189Z,pilot,feedback_switch,1307,2,no_influence,0.365132817191523,0.0038037589662597102,0.00932411255659651,0.01774800212272642,,False,1.0,1.0,False,0.0005003344267606735,66464,25,1664,1.0
20261009T092726.879189Z,pilot,feedback_switch,1307,3,cbcc,-0.24034026695259397,0.0023202220570918146,0.02975633777211459,0.08923245076207037,,False,0.0,0.0,True,0.0029672919772565365,3168,0,251904,0.0
20261009T092726.879189Z,pilot,feedback_switch,1307,3,random,-0.24034026695259397,0.0023202220570918146,0.029361684376418885,0.08727635142864089,,False,0.0,0.0,True,0.0004232502542436123,65600,25,2176,0.0
20261009T092726.879189Z,pilot,feedback_switch,1307,3,fixed_frequency,-0.24034026695259397,0.0023202220570918146,0.027887176021609783,0.08362496551055595,,False,0.0,0.0,True,0.0003949590027332306,65600,25,2176,0.0
20261009T092726.879189Z,pilot,feedback_switch,1307,3,activity,-0.24034026695259397,0.0023202220570918146,0.022345984222362097,0.06679212880547925,,False,1.0,0.0,True,0.0011948328465223312,58496,22,56832,1.0
20261009T092726.879189Z,pilot,feedback_switch,1307,3,no_influence,-0.24034026695259397,0.0023202220570918146,0.04725945380163384,0.13822105805008325,,False,0.0,0.0,True,0.0005524167791008949,66464,25,1344,0.0
20261009T092726.879189Z,pilot,feedback_switch,1307,4,cbcc,0.2187554924668803,0.0037295755171195596,0.014762757444332303,0.03218804746010894,,False,0.0,0.0,True,0.003370125312358141,3168,0,314880,0.0
20261009T092726.879189Z,pilot,feedback_switch,1307,4,random,0.2187554924668803,0.0037295755171195596,0.016996915463956135,0.037062574048379114,,False,0.0,0.0,True,0.0004870831035077572,68224,26,96,0.0
20261009T092726.879189Z,pilot,feedback_switch,1307,4,fixed_frequency,0.2187554924668803,0.0037295755171195596,0.01358402104902299,0.02961666435892786,,False,0.0,0.0,True,0.00037791579961776733,68224,26,96,0.0
20261009T092726.879189Z,pilot,feedback_switch,1307,4,activity,0.2187554924668803,0.0037295755171195596,0.014824829826667765,0.03230547757747512,,False,1.0,0.0,True,0.0008454159833490849,53248,20,69728,1.0
20261009T092726.879189Z,pilot,feedback_switch,1307,4,no_influence,0.2187554924668803,0.0037295755171195596,0.01059260542396523,0.023051118486252697,,False,0.0,0.0,True,0.0005128746852278709,66464,25,1024,0.0
20261009T092726.879189Z,pilot,feedback_switch,1307,5,cbcc,-0.160145903286548,0.005909199148744491,0.01997862029809459,0.05989929834001038,,False,0.0,0.0,True,0.0029631247743964195,3168,0,377856,0.0
20261009T092726.879189Z,pilot,feedback_switch,1307,5,random,-0.160145903286548,0.005909199148744491,0.012606960318273935,0.03599496041738148,,False,0.0,0.0,True,0.0004214579239487648,65600,25,640,0.0
20261009T092726.879189Z,pilot,feedback_switch,1307,5,fixed_frequency,-0.160145903286548,0.005909199148744491,0.018585082679000612,0.055727658909083135,,False,0.0,0.0,True,0.0003343326970934868,65600,25,640,0.0
20261009T092726.879189Z,pilot,feedback_switch,1307,5,activity,-0.160145903286548,0.005909199148744491,0.010603459839131418,0.028979962926710935,,False,1.0,0.0,True,0.0016585839912295341,58496,22,77376,1.0
20261009T092726.879189Z,pilot,feedback_switch,1307,5,no_influence,-0.160145903286548,0.005909199148744491,0.06468724037168866,0.18361969750813342,,False,0.0,0.0,True,0.0005308329127728939,66464,25,704,0.0
20261009T092726.879189Z,pilot,feedback_switch,1307,6,cbcc,-0.28259283284477776,0.0021343752774974903,0.009946411331159548,0.02980267143920525,,False,0.0,0.0,True,0.0030312086455523968,3168,0,440832,0.0
20261009T092726.879189Z,pilot,feedback_switch,1307,6,random,-0.28259283284477776,0.0021343752774974903,0.009871287463919604,0.029456044638028343,,False,1.0,0.0,True,0.00044062500819563866,65600,25,1184,1.0
20261009T092726.879189Z,pilot,feedback_switch,1307,6,fixed_frequency,-0.28259283284477776,0.0021343752774974903,0.022781697920108968,0.06761451712183655,,False,0.0,0.0,True,0.0003427080810070038,65600,25,1184,0.0
20261009T092726.879189Z,pilot,feedback_switch,1307,6,activity,-0.28259283284477776,0.0021343752774974903,0.02303576147538561,0.06792535363002661,,False,1.0,0.0,True,0.0007504583336412907,42752,16,100768,1.0
20261009T092726.879189Z,pilot,feedback_switch,1307,6,no_influence,-0.28259283284477776,0.0021343752774974903,0.01938810976146774,0.057200885470795146,,False,0.0,0.0,True,0.00046629179269075394,66464,25,384,0.0
20261009T092726.879189Z,pilot,feedback_switch,1307,7,cbcc,0.16253119205592745,0.0018395810419972844,0.011878651087825353,0.028483168822789468,,False,0.0,0.0,True,0.0033360421657562256,3168,0,503808,0.0
20261009T092726.879189Z,pilot,feedback_switch,1307,7,random,0.16253119205592745,0.0018395810419972844,0.01123444753470955,0.02694059835194792,,False,1.0,0.0,True,0.0005000000819563866,65600,25,1728,1.0
20261009T092726.879189Z,pilot,feedback_switch,1307,7,fixed_frequency,0.16253119205592745,0.0018395810419972844,0.010737920334420585,0.02573979225917228,,False,1.0,0.0,True,0.0003448748029768467,65600,25,1728,1.0
20261009T092726.879189Z,pilot,feedback_switch,1307,7,activity,0.16253119205592745,0.0018395810419972844,0.028185376892938083,0.0676104987166283,,False,0.0,0.0,True,0.0007777088321745396,50624,19,116288,0.0
20261009T092726.879189Z,pilot,feedback_switch,1307,7,no_influence,0.16253119205592745,0.0018395810419972844,0.0014600448971405068,0.0026370581490835466,,False,1.0,1.0,False,0.00045624980702996254,66464,25,64,1.0
