graph,n,task,seed,snapshot_time,category,method,recall_at_20,ndcg_at_20,average_precision,spearman,brier,ece_10_equal_count
chain,16,smooth,16021,0.1,in_distribution,candidate,1.0,1.0,1.0,0.9941176470588234,,
chain,16,smooth,16021,0.1,in_distribution,activity,0.75,0.9999549259289556,0.95,0.9852941176470588,,
chain,16,smooth,16021,0.1,in_distribution,local_error,0.75,0.8620810451232221,0.8611111111111112,0.4764705882352941,,
chain,16,smooth,16021,0.1,in_distribution,degree,0.5,0.6337525334842262,0.726923076923077,0.24597601850723635,,
chain,16,smooth,16021,0.1,in_distribution,random_expected,0.27,0.39014723583077443,0.3695358807858808,nan,,
chain,16,smooth,16021,0.1,in_distribution,selected_baseline,0.75,0.9999549259289556,0.95,0.9852941176470588,,
chain,16,smooth,16021,0.1,in_distribution,candidate_calibration,,,,,0.07202867220136958,0.2284559225703291
chain,16,smooth,16021,1.1,in_distribution,candidate,0.75,0.8622996643535886,0.7875,0.7647058823529411,,
chain,16,smooth,16021,1.1,in_distribution,activity,0.5,0.7113307337805718,0.6678571428571429,0.4176470588235294,,
chain,16,smooth,16021,1.1,in_distribution,local_error,0.25,0.6279863046037544,0.32916666666666666,0.06176470588235294,,
chain,16,smooth,16021,1.1,in_distribution,degree,0.0,0.28690195075480923,0.2207875457875458,-0.08199200616907878,,
chain,16,smooth,16021,1.1,in_distribution,random_expected,0.2675,0.5693909146153012,0.38387076812076815,nan,,
chain,16,smooth,16021,1.1,in_distribution,selected_baseline,0.5,0.7113307337805718,0.6678571428571429,0.4176470588235294,,
chain,16,smooth,16021,1.1,in_distribution,candidate_calibration,,,,,0.2010973370123027,0.2733916579129504
chain,16,smooth,16022,0.1,in_distribution,candidate,1.0,1.0,1.0,0.9911764705882352,,
chain,16,smooth,16022,0.1,in_distribution,activity,1.0,1.0,1.0,0.9941176470588234,,
chain,16,smooth,16022,0.1,in_distribution,local_error,0.75,0.9063931998293753,0.875,0.7735294117647058,,
chain,16,smooth,16022,0.1,in_distribution,degree,0.0,0.19031043071806727,0.2576048951048951,0.16398401233815757,,
chain,16,smooth,16022,0.1,in_distribution,random_expected,0.26,0.4185220161142061,0.3742835012210012,nan,,
chain,16,smooth,16022,0.1,in_distribution,selected_baseline,1.0,1.0,1.0,0.9941176470588234,,
chain,16,smooth,16022,0.1,in_distribution,candidate_calibration,,,,,0.05747171041693892,0.20984088465879727
chain,16,smooth,16022,1.1,in_distribution,candidate,0.5,0.8749638602993491,0.8166666666666667,0.55,,
chain,16,smooth,16022,1.1,in_distribution,activity,0.5,0.6218790180455899,0.5666666666666667,0.5117647058823529,,
chain,16,smooth,16022,1.1,in_distribution,local_error,0.5,0.586663405231443,0.4833333333333333,0.4264705882352941,,
chain,16,smooth,16022,1.1,in_distribution,degree,0.0,0.20898960493090302,0.29775432900432897,0.28697202159177576,,
chain,16,smooth,16022,1.1,in_distribution,random_expected,0.2125,0.4497230447382997,0.36145956127206136,nan,,
chain,16,smooth,16022,1.1,in_distribution,selected_baseline,0.5,0.6218790180455899,0.5666666666666667,0.5117647058823529,,
chain,16,smooth,16022,1.1,in_distribution,candidate_calibration,,,,,0.19791855151016105,0.2786946873758734
chain,16,smooth,16023,0.1,in_distribution,candidate,1.0,1.0,1.0,1.0,,
chain,16,smooth,16023,0.1,in_distribution,activity,1.0,0.9987307764262712,1.0,0.9970588235294118,,
chain,16,smooth,16023,0.1,in_distribution,local_error,1.0,0.9987307764262712,1.0,0.7000000000000001,,
chain,16,smooth,16023,0.1,in_distribution,degree,0.0,0.35691021587151184,0.18194444444444446,-0.4919520370144727,,
chain,16,smooth,16023,0.1,in_distribution,random_expected,0.2275,0.5257536173682401,0.34782350982350985,nan,,
chain,16,smooth,16023,0.1,in_distribution,selected_baseline,1.0,0.9987307764262712,1.0,0.9970588235294118,,
chain,16,smooth,16023,0.1,in_distribution,candidate_calibration,,,,,0.12977251380063692,0.3178241991246312
chain,16,smooth,16023,1.1,in_distribution,candidate,0.75,0.9745887671488459,0.95,0.8176470588235294,,
chain,16,smooth,16023,1.1,in_distribution,activity,0.25,0.7519722498543577,0.35,0.5941176470588235,,
chain,16,smooth,16023,1.1,in_distribution,local_error,0.0,0.6267625207652857,0.256547619047619,0.29705882352941176,,
chain,16,smooth,16023,1.1,in_distribution,degree,0.25,0.5089535114918168,0.28585164835164834,0.12298800925361818,,
chain,16,smooth,16023,1.1,in_distribution,random_expected,0.2625,0.608356718604789,0.3693000402375402,nan,,
chain,16,smooth,16023,1.1,in_distribution,selected_baseline,0.25,0.7519722498543577,0.35,0.5941176470588235,,
chain,16,smooth,16023,1.1,in_distribution,candidate_calibration,,,,,0.18596240792410088,0.26504143565098687
chain,16,smooth,16024,0.1,in_distribution,candidate,0.75,0.9990186461802039,0.95,0.9911764705882352,,
chain,16,smooth,16024,0.1,in_distribution,activity,1.0,0.9972080556250981,1.0,0.9941176470588234,,
chain,16,smooth,16024,0.1,in_distribution,local_error,0.75,0.7923597451463302,0.8125,0.6676470588235294,,
chain,16,smooth,16024,0.1,in_distribution,degree,0.5,0.6910923246356729,0.4333333333333333,-0.04099600308453939,,
chain,16,smooth,16024,0.1,in_distribution,random_expected,0.2275,0.5112730416822199,0.3504034923409922,nan,,
chain,16,smooth,16024,0.1,in_distribution,selected_baseline,1.0,0.9972080556250981,1.0,0.9941176470588234,,
chain,16,smooth,16024,0.1,in_distribution,candidate_calibration,,,,,0.11659458774647358,0.23566642601608517
chain,16,smooth,16024,1.1,in_distribution,candidate,0.75,0.9750093230825999,0.8611111111111112,0.8588235294117647,,
chain,16,smooth,16024,1.1,in_distribution,activity,0.5,0.8784630989932034,0.7333333333333333,0.788235294117647,,
chain,16,smooth,16024,1.1,in_distribution,local_error,0.5,0.703810865418859,0.5,0.44117647058823534,,
chain,16,smooth,16024,1.1,in_distribution,degree,0.75,0.6229750109618188,0.5902777777777777,0.24597601850723635,,
chain,16,smooth,16024,1.1,in_distribution,random_expected,0.255,0.5608045475045691,0.35911199217449213,nan,,
chain,16,smooth,16024,1.1,in_distribution,selected_baseline,0.5,0.8784630989932034,0.7333333333333333,0.788235294117647,,
chain,16,smooth,16024,1.1,in_distribution,candidate_calibration,,,,,0.19912750534429102,0.2729724988976544
chain,16,smooth,16025,0.1,in_distribution,candidate,0.75,0.987570798197512,0.95,0.9529411764705882,,
chain,16,smooth,16025,0.1,in_distribution,activity,0.75,0.9900125948293017,0.8928571428571428,0.9705882352941176,,
chain,16,smooth,16025,0.1,in_distribution,local_error,0.5,0.8425607188327291,0.7928571428571429,0.75,,
chain,16,smooth,16025,0.1,in_distribution,degree,0.25,0.5718006288790932,0.3534382284382284,0.3689640277608545,,
chain,16,smooth,16025,0.1,in_distribution,random_expected,0.27,0.5080967164687074,0.378062277999778,nan,,
chain,16,smooth,16025,0.1,in_distribution,selected_baseline,0.75,0.9900125948293017,0.8928571428571428,0.9705882352941176,,
chain,16,smooth,16025,0.1,in_distribution,candidate_calibration,,,,,0.08946619920026795,0.22732333008285086
chain,16,smooth,16025,1.1,in_distribution,candidate,0.75,0.883439213224237,0.95,0.7441176470588236,,
chain,16,smooth,16025,1.1,in_distribution,activity,0.5,0.8651418623051783,0.5666666666666667,0.7529411764705882,,
chain,16,smooth,16025,1.1,in_distribution,local_error,0.5,0.9775458469152735,0.6215277777777777,0.5323529411764706,,
chain,16,smooth,16025,1.1,in_distribution,degree,0.0,0.41826743720206827,0.22288267288267288,0.4099600308453939,,
chain,16,smooth,16025,1.1,in_distribution,random_expected,0.2175,0.5025410235038514,0.3528208943833944,nan,,
chain,16,smooth,16025,1.1,in_distribution,selected_baseline,0.5,0.8651418623051783,0.5666666666666667,0.7529411764705882,,
chain,16,smooth,16025,1.1,in_distribution,candidate_calibration,,,,,0.19902089125916994,0.2710345962999349
chain,64,smooth,64021,0.1,in_distribution,candidate,0.9230769230769231,0.9952383873883238,0.9897435897435898,0.9840201465201464,,
chain,64,smooth,64021,0.1,in_distribution,activity,1.0,0.9947929323916029,1.0,0.9886904761904761,,
chain,64,smooth,64021,0.1,in_distribution,local_error,0.6923076923076923,0.7943363882572351,0.715753446834346,0.5291666666666666,,
chain,64,smooth,64021,0.1,in_distribution,degree,0.23076923076923078,0.5482370588856063,0.3314174717118559,-0.04861304526235506,,
chain,64,smooth,64021,0.1,in_distribution,random_expected,0.2138461538461538,0.41337251120047797,0.2510878803201595,nan,,
chain,64,smooth,64021,0.1,in_distribution,selected_baseline,1.0,0.9947929323916029,1.0,0.9886904761904761,,
chain,64,smooth,64021,0.1,in_distribution,candidate_calibration,,,,,0.061121424842018775,0.2016158745063196
chain,64,smooth,64021,1.1,in_distribution,candidate,0.9230769230769231,0.987941974188569,0.9563880788577144,0.8516483516483516,,
chain,64,smooth,64021,1.1,in_distribution,activity,0.6923076923076923,0.704582435762661,0.705452838597635,0.712591575091575,,
chain,64,smooth,64021,1.1,in_distribution,local_error,0.6153846153846154,0.8047894061390024,0.6708585858585858,0.571565934065934,,
chain,64,smooth,64021,1.1,in_distribution,degree,0.15384615384615385,0.29665689168613063,0.22557849165779154,0.01458391357870652,,
chain,64,smooth,64021,1.1,in_distribution,random_expected,0.21384615384615382,0.38561031954438496,0.265339752188221,nan,,
chain,64,smooth,64021,1.1,in_distribution,selected_baseline,0.6923076923076923,0.704582435762661,0.705452838597635,0.712591575091575,,
chain,64,smooth,64021,1.1,in_distribution,candidate_calibration,,,,,0.14953137190956856,0.1989159356810657
chain,64,smooth,64022,0.1,in_distribution,candidate,1.0,0.9972920861740523,1.0,0.9871336996336993,,
chain,64,smooth,64022,0.1,in_distribution,activity,0.9230769230769231,0.9934244984256912,0.9945054945054945,0.9917124542124541,,
chain,64,smooth,64022,0.1,in_distribution,local_error,0.6923076923076923,0.8883266897556102,0.727284574399959,0.6979395604395603,,
chain,64,smooth,64022,0.1,in_distribution,degree,0.15384615384615385,0.4716078690073511,0.26634147677922043,-0.19931348557565576,,
chain,64,smooth,64022,0.1,in_distribution,random_expected,0.20076923076923073,0.40301561848060663,0.24770794561684611,nan,,
chain,64,smooth,64022,0.1,in_distribution,selected_baseline,0.9230769230769231,0.9934244984256912,0.9945054945054945,0.9917124542124541,,
chain,64,smooth,64022,0.1,in_distribution,candidate_calibration,,,,,0.11752115250424083,0.25492307670823267
chain,64,smooth,64022,1.1,in_distribution,candidate,0.7692307692307693,0.9453605028718932,0.7188325902353052,0.801602564102564,,
chain,64,smooth,64022,1.1,in_distribution,activity,0.6923076923076923,0.8178285859866493,0.8562522444875384,0.7359890109890109,,
chain,64,smooth,64022,1.1,in_distribution,local_error,0.6153846153846154,0.7718466510093457,0.5861415958574633,0.5066391941391941,,
chain,64,smooth,64022,1.1,in_distribution,degree,0.15384615384615385,0.4904729156569412,0.32903228154328673,-0.19931348557565576,,
chain,64,smooth,64022,1.1,in_distribution,random_expected,0.2046153846153846,0.4270379410018772,0.24559961927654048,nan,,
chain,64,smooth,64022,1.1,in_distribution,selected_baseline,0.6923076923076923,0.8178285859866493,0.8562522444875384,0.7359890109890109,,
chain,64,smooth,64022,1.1,in_distribution,candidate_calibration,,,,,0.1544762980942664,0.18547728754052878
chain,64,smooth,64023,0.1,in_distribution,candidate,0.8461538461538461,0.9754397501710155,0.9626696832579186,0.9872710622710622,,
chain,64,smooth,64023,0.1,in_distribution,activity,0.9230769230769231,0.9906864473848469,0.9697913422609779,0.9882326007326007,,
chain,64,smooth,64023,0.1,in_distribution,local_error,0.6153846153846154,0.7893479514242956,0.7187627044072601,0.625,,
chain,64,smooth,64023,0.1,in_distribution,degree,0.23076923076923078,0.4534408401611008,0.22876240699440265,0.24306522631177535,,
chain,64,smooth,64023,0.1,in_distribution,random_expected,0.21153846153846154,0.40962966667829465,0.2606428833028441,nan,,
chain,64,smooth,64023,0.1,in_distribution,selected_baseline,0.9230769230769231,0.9906864473848469,0.9697913422609779,0.9882326007326007,,
chain,64,smooth,64023,0.1,in_distribution,candidate_calibration,,,,,0.07332800517406346,0.17751598114676806
chain,64,smooth,64023,1.1,in_distribution,candidate,0.7692307692307693,0.9397887877361899,0.8985514485514485,0.7407051282051281,,
chain,64,smooth,64023,1.1,in_distribution,activity,0.6153846153846154,0.7738725841776403,0.6423730681083624,0.8632326007326007,,
chain,64,smooth,64023,1.1,in_distribution,local_error,0.46153846153846156,0.8081215479808592,0.5508134650668587,0.5954212454212454,,
chain,64,smooth,64023,1.1,in_distribution,degree,0.15384615384615385,0.414397917401434,0.21866156336444956,0.11667130862965217,,
chain,64,smooth,64023,1.1,in_distribution,random_expected,0.2107692307692308,0.4020567920831266,0.2543627791450749,nan,,
chain,64,smooth,64023,1.1,in_distribution,selected_baseline,0.6153846153846154,0.7738725841776403,0.6423730681083624,0.8632326007326007,,
chain,64,smooth,64023,1.1,in_distribution,candidate_calibration,,,,,0.15607179581387437,0.18839413342027286
chain,64,smooth,64024,0.1,in_distribution,candidate,1.0,0.9963369145086011,1.0,0.9814102564102563,,
chain,64,smooth,64024,0.1,in_distribution,activity,0.9230769230769231,0.9965751649903771,0.9885883347421809,0.9833791208791208,,
chain,64,smooth,64024,0.1,in_distribution,local_error,0.6153846153846154,0.7953654453180986,0.6087726376187914,0.6989926739926738,,
chain,64,smooth,64024,0.1,in_distribution,degree,0.23076923076923078,0.5615955078379582,0.4134983918520504,0.10208739505094565,,
chain,64,smooth,64024,0.1,in_distribution,random_expected,0.1992307692307692,0.3416262329621822,0.2475442779860482,nan,,
chain,64,smooth,64024,0.1,in_distribution,selected_baseline,0.9230769230769231,0.9965751649903771,0.9885883347421809,0.9833791208791208,,
chain,64,smooth,64024,0.1,in_distribution,candidate_calibration,,,,,0.05810534243906863,0.1871432062370714
chain,64,smooth,64024,1.1,in_distribution,candidate,0.7692307692307693,0.8843257607416432,0.8012751219669163,0.660668498168498,,
chain,64,smooth,64024,1.1,in_distribution,activity,0.6923076923076923,0.9189011353079868,0.8411700237215113,0.7548534798534797,,
chain,64,smooth,64024,1.1,in_distribution,local_error,0.5384615384615384,0.6676913400804387,0.5146614076299716,0.6645604395604394,,
chain,64,smooth,64024,1.1,in_distribution,degree,0.23076923076923078,0.44990358946078574,0.38632057247490387,0.10208739505094565,,
chain,64,smooth,64024,1.1,in_distribution,random_expected,0.21076923076923074,0.39356452149439575,0.25435227547007416,nan,,
chain,64,smooth,64024,1.1,in_distribution,selected_baseline,0.6923076923076923,0.9189011353079868,0.8411700237215113,0.7548534798534797,,
chain,64,smooth,64024,1.1,in_distribution,candidate_calibration,,,,,0.16184407401339454,0.1972525560319343
chain,64,smooth,64025,0.1,in_distribution,candidate,0.9230769230769231,0.9933080605170246,0.9897435897435898,0.9831043956043956,,
chain,64,smooth,64025,0.1,in_distribution,activity,1.0,0.9996698441548398,1.0,0.9884615384615383,,
chain,64,smooth,64025,0.1,in_distribution,local_error,0.6153846153846154,0.8068321413075016,0.6821270304006877,0.7032967032967032,,
chain,64,smooth,64025,0.1,in_distribution,degree,0.07692307692307693,0.36601356550732345,0.19941068255429842,0.01458391357870652,,
chain,64,smooth,64025,0.1,in_distribution,random_expected,0.21076923076923074,0.3709331444377988,0.2454501158344015,nan,,
chain,64,smooth,64025,0.1,in_distribution,selected_baseline,1.0,0.9996698441548398,1.0,0.9884615384615383,,
chain,64,smooth,64025,0.1,in_distribution,candidate_calibration,,,,,0.05734055042842782,0.187888120172531
chain,64,smooth,64025,1.1,in_distribution,candidate,0.6153846153846154,0.8905828076359192,0.6899956880726112,0.7568223443223442,,
chain,64,smooth,64025,1.1,in_distribution,activity,0.6153846153846154,0.8384157948704334,0.7085364826744136,0.7722069597069596,,
chain,64,smooth,64025,1.1,in_distribution,local_error,0.5384615384615384,0.6659480799674004,0.5143633905873807,0.6069597069597069,,
chain,64,smooth,64025,1.1,in_distribution,degree,0.15384615384615385,0.4756144848474381,0.17608369607931146,0.08750348147223912,,
chain,64,smooth,64025,1.1,in_distribution,random_expected,0.19076923076923072,0.40986952776702545,0.2434243832801653,nan,,
chain,64,smooth,64025,1.1,in_distribution,selected_baseline,0.6153846153846154,0.8384157948704334,0.7085364826744136,0.7722069597069596,,
chain,64,smooth,64025,1.1,in_distribution,candidate_calibration,,,,,0.1629173005931855,0.19028273221306385
chain,128,smooth,128021,0.1,in_distribution,candidate,0.9615384615384616,0.9949955300353199,0.9907787745753006,0.9916681926387106,,
chain,128,smooth,128021,0.1,in_distribution,activity,0.9615384615384616,0.9954569126084984,0.9985754985754985,0.9929442867606665,,
chain,128,smooth,128021,0.1,in_distribution,local_error,0.6538461538461539,0.8472237342052232,0.689188403232515,0.694481322102179,,
chain,128,smooth,128021,0.1,in_distribution,degree,0.19230769230769232,0.49459686785977686,0.2490892491460628,-0.034097585940995045,,
chain,128,smooth,128021,0.1,in_distribution,random_expected,0.19576923076923072,0.4237750150208013,0.2247144415858392,nan,,
chain,128,smooth,128021,0.1,in_distribution,selected_baseline,0.9615384615384616,0.9954569126084984,0.9985754985754985,0.9929442867606665,,
chain,128,smooth,128021,0.1,in_distribution,candidate_calibration,,,,,0.08117998497557034,0.21575885087390725
chain,128,smooth,128021,1.1,in_distribution,candidate,0.7692307692307693,0.9739506401214244,0.8213802438245885,0.8094614081670024,,
chain,128,smooth,128021,1.1,in_distribution,activity,0.7692307692307693,0.6910032377288764,0.84592996618313,0.7221433803332722,,
chain,128,smooth,128021,1.1,in_distribution,local_error,0.5769230769230769,0.8171274040869251,0.5344107599972701,0.5024148507599341,,
chain,128,smooth,128021,1.1,in_distribution,degree,0.23076923076923078,0.30867600624930813,0.2782376451222377,-0.02898294804984579,,
chain,128,smooth,128021,1.1,in_distribution,random_expected,0.2103846153846154,0.3461108933140819,0.23766694208997646,nan,,
chain,128,smooth,128021,1.1,in_distribution,selected_baseline,0.7692307692307693,0.6910032377288764,0.84592996618313,0.7221433803332722,,
chain,128,smooth,128021,1.1,in_distribution,candidate_calibration,,,,,0.15136298256623754,0.15133859074921585
chain,128,smooth,128022,0.1,in_distribution,candidate,1.0,0.9988832801845369,1.0,0.9907125526460354,,
chain,128,smooth,128022,0.1,in_distribution,activity,0.9230769230769231,0.996300590872864,0.9817068920418799,0.9932704632851127,,
chain,128,smooth,128022,0.1,in_distribution,local_error,0.6538461538461539,0.8756326190607542,0.7138304131390542,0.6971994598058964,,
chain,128,smooth,128022,0.1,in_distribution,degree,0.11538461538461539,0.2706636975680146,0.16748893478827712,0.0017048792970497523,,
chain,128,smooth,128022,0.1,in_distribution,random_expected,0.2053846153846154,0.37712314195003627,0.22916141506218332,nan,,
chain,128,smooth,128022,0.1,in_distribution,selected_baseline,0.9230769230769231,0.996300590872864,0.9817068920418799,0.9932704632851127,,
chain,128,smooth,128022,0.1,in_distribution,candidate_calibration,,,,,0.0652998972740007,0.20797800702396568
chain,128,smooth,128022,1.1,in_distribution,candidate,0.6923076923076923,0.9326770036605742,0.7870441322309338,0.7149674967954587,,
chain,128,smooth,128022,1.1,in_distribution,activity,0.5384615384615384,0.7333239802318212,0.6368567235912669,0.6461499725325032,,
chain,128,smooth,128022,1.1,in_distribution,local_error,0.6153846153846154,0.8253949607271948,0.6386041626910737,0.6114665354330708,,
chain,128,smooth,128022,1.1,in_distribution,degree,0.15384615384615385,0.30715153824181524,0.1749294979075554,-0.0034097585940995045,,
chain,128,smooth,128022,1.1,in_distribution,random_expected,0.20461538461538464,0.4127082307019439,0.2243305257837977,nan,,
chain,128,smooth,128022,1.1,in_distribution,selected_baseline,0.5384615384615384,0.7333239802318212,0.6368567235912669,0.6461499725325032,,
chain,128,smooth,128022,1.1,in_distribution,candidate_calibration,,,,,0.16482241363917957,0.16197616621185296
chain,128,smooth,128023,0.1,in_distribution,candidate,0.9615384615384616,0.9918181638156498,0.9927884615384616,0.9841432429957883,,
chain,128,smooth,128023,0.1,in_distribution,activity,0.9615384615384616,0.996691503073639,0.9957734573119187,0.9881431972166269,,
chain,128,smooth,128023,0.1,in_distribution,local_error,0.6923076923076923,0.7864847050576764,0.6475397042751172,0.6884098608313495,,
chain,128,smooth,128023,0.1,in_distribution,degree,0.11538461538461539,0.3546631622486966,0.17045323083638148,-0.08865372344658712,,
chain,128,smooth,128023,0.1,in_distribution,random_expected,0.19730769230769232,0.3740501073590154,0.22723740482869575,nan,,
chain,128,smooth,128023,0.1,in_distribution,selected_baseline,0.9615384615384616,0.996691503073639,0.9957734573119187,0.9881431972166269,,
chain,128,smooth,128023,0.1,in_distribution,candidate_calibration,,,,,0.06430758207437316,0.20263978110395087
chain,128,smooth,128023,1.1,in_distribution,candidate,0.8076923076923077,0.9836170549618992,0.8629575867432162,0.7647866691082218,,
chain,128,smooth,128023,1.1,in_distribution,activity,0.5384615384615384,0.6199186668698368,0.5880118279226111,0.6443474180553012,,
chain,128,smooth,128023,1.1,in_distribution,local_error,0.5384615384615384,0.8604174296025997,0.6308556194888824,0.48798297015198683,,
chain,128,smooth,128023,1.1,in_distribution,degree,0.19230769230769232,0.32381214104278827,0.20703085058050344,-0.08183420625838812,,
chain,128,smooth,128023,1.1,in_distribution,random_expected,0.21230769230769236,0.3362789791458327,0.23305488819816375,nan,,
chain,128,smooth,128023,1.1,in_distribution,selected_baseline,0.5384615384615384,0.6199186668698368,0.5880118279226111,0.6443474180553012,,
chain,128,smooth,128023,1.1,in_distribution,candidate_calibration,,,,,0.14052311667454284,0.14832548980766108
chain,128,smooth,128024,0.1,in_distribution,candidate,0.8846153846153846,0.9982038281364988,0.9763596196198753,0.9908899468961726,,
chain,128,smooth,128024,0.1,in_distribution,activity,0.9615384615384616,0.9978124913657631,0.9868309867390134,0.9929099523896722,,
chain,128,smooth,128024,0.1,in_distribution,local_error,0.6923076923076923,0.8830658948972119,0.748756137073394,0.651191402673503,,
chain,128,smooth,128024,0.1,in_distribution,degree,0.11538461538461539,0.27549177303909844,0.180347130185178,-0.1398001023580797,,
chain,128,smooth,128024,0.1,in_distribution,random_expected,0.2088461538461539,0.4046809307243652,0.23083240066822977,nan,,
chain,128,smooth,128024,0.1,in_distribution,selected_baseline,0.9615384615384616,0.9978124913657631,0.9868309867390134,0.9929099523896722,,
chain,128,smooth,128024,0.1,in_distribution,candidate_calibration,,,,,0.07794398368327621,0.1930987535106503
chain,128,smooth,128024,1.1,in_distribution,candidate,0.6153846153846154,0.9114248266275798,0.7598667866020262,0.7597624061527192,,
chain,128,smooth,128024,1.1,in_distribution,activity,0.6923076923076923,0.8470532474102248,0.803734160608295,0.7821198040651894,,
chain,128,smooth,128024,1.1,in_distribution,local_error,0.5384615384615384,0.7259248936740542,0.5735991458757975,0.5287435909174143,,
chain,128,smooth,128024,1.1,in_distribution,degree,0.07692307692307693,0.27718116165008355,0.1727674557918477,-0.10570251641708465,,
chain,128,smooth,128024,1.1,in_distribution,random_expected,0.21,0.4050657138117634,0.23650912767721008,nan,,
chain,128,smooth,128024,1.1,in_distribution,selected_baseline,0.6923076923076923,0.8470532474102248,0.803734160608295,0.7821198040651894,,
chain,128,smooth,128024,1.1,in_distribution,candidate_calibration,,,,,0.16204250644825285,0.15479915405329414
chain,128,smooth,128025,0.1,in_distribution,candidate,0.9615384615384616,0.998969957033807,0.9957734573119187,0.9899056949276688,,
chain,128,smooth,128025,0.1,in_distribution,activity,0.9615384615384616,0.9975280482832259,0.9922829421909688,0.9936252517853872,,
chain,128,smooth,128025,0.1,in_distribution,local_error,0.5769230769230769,0.8526912089990979,0.6875857576369062,0.6088800128181652,,
chain,128,smooth,128025,0.1,in_distribution,degree,0.07692307692307693,0.26003727859003417,0.1664991093880927,-0.011934155079348266,,
chain,128,smooth,128025,0.1,in_distribution,random_expected,0.20230769230769233,0.3598682773395698,0.23288011951824417,nan,,
chain,128,smooth,128025,0.1,in_distribution,selected_baseline,0.9615384615384616,0.9975280482832259,0.9922829421909688,0.9936252517853872,,
chain,128,smooth,128025,0.1,in_distribution,candidate_calibration,,,,,0.06238112073957755,0.20160224429475787
chain,128,smooth,128025,1.1,in_distribution,candidate,0.7692307692307693,0.9084269450348744,0.8831181079250123,0.7854044588903132,,
chain,128,smooth,128025,1.1,in_distribution,activity,0.5769230769230769,0.8460588063234747,0.5834380022032761,0.7363120307635963,,
chain,128,smooth,128025,1.1,in_distribution,local_error,0.5,0.7461410196647926,0.5252380563772883,0.5265976927302691,,
chain,128,smooth,128025,1.1,in_distribution,degree,0.11538461538461539,0.3275535944117945,0.17270142067441785,-0.09035860274363687,,
chain,128,smooth,128025,1.1,in_distribution,random_expected,0.21423076923076928,0.4211883381177254,0.2362425611241618,nan,,
chain,128,smooth,128025,1.1,in_distribution,selected_baseline,0.5769230769230769,0.8460588063234747,0.5834380022032761,0.7363120307635963,,
chain,128,smooth,128025,1.1,in_distribution,candidate_calibration,,,,,0.16172462693305106,0.17440837410551402
star,16,smooth,16021,0.1,in_distribution,candidate,1.0,1.0,1.0,0.9852941176470588,,
star,16,smooth,16021,0.1,in_distribution,activity,0.75,0.9995010659932112,0.95,0.988235294117647,,
star,16,smooth,16021,0.1,in_distribution,local_error,0.75,0.9361194742190544,0.875,0.6235294117647059,,
star,16,smooth,16021,0.1,in_distribution,degree,0.5,0.5139598184701686,0.488095238095238,-0.14002800840280097,,
star,16,smooth,16021,0.1,in_distribution,random_expected,0.2125,0.3737619651807797,0.35136523199023195,nan,,
star,16,smooth,16021,0.1,in_distribution,selected_baseline,0.75,0.9995010659932112,0.95,0.988235294117647,,
star,16,smooth,16021,0.1,in_distribution,candidate_calibration,,,,,0.06750460527752865,0.22200813386600582
star,16,smooth,16021,1.1,in_distribution,candidate,0.75,0.9768248902544914,0.8166666666666667,0.6470588235294118,,
star,16,smooth,16021,1.1,in_distribution,activity,0.5,0.6060919625015457,0.5964285714285714,0.4794117647058824,,
star,16,smooth,16021,1.1,in_distribution,local_error,0.5,0.8008742321469918,0.7361111111111112,0.611764705882353,,
star,16,smooth,16021,1.1,in_distribution,degree,0.0,0.41254833268346486,0.2207875457875458,0.028005601680560196,,
star,16,smooth,16021,1.1,in_distribution,random_expected,0.22,0.48004564118683773,0.3461781759906759,nan,,
star,16,smooth,16021,1.1,in_distribution,selected_baseline,0.5,0.6060919625015457,0.5964285714285714,0.4794117647058824,,
star,16,smooth,16021,1.1,in_distribution,candidate_calibration,,,,,0.19166528653796322,0.2698981822165938
star,16,smooth,16022,0.1,in_distribution,candidate,1.0,1.0,1.0,0.9941176470588234,,
star,16,smooth,16022,0.1,in_distribution,activity,1.0,1.0,1.0,0.9823529411764707,,
star,16,smooth,16022,0.1,in_distribution,local_error,0.75,0.9329923346552783,0.8875,0.7617647058823529,,
star,16,smooth,16022,0.1,in_distribution,degree,0.0,0.24339853709874007,0.23115079365079363,-0.028005601680560196,,
star,16,smooth,16022,0.1,in_distribution,random_expected,0.29,0.4365475313347487,0.40030112942612944,nan,,
star,16,smooth,16022,0.1,in_distribution,selected_baseline,1.0,1.0,1.0,0.9823529411764707,,
star,16,smooth,16022,0.1,in_distribution,candidate_calibration,,,,,0.057508008709582455,0.20922914627695194
star,16,smooth,16022,1.1,in_distribution,candidate,0.75,0.9878059775201329,0.95,0.9588235294117649,,
star,16,smooth,16022,1.1,in_distribution,activity,0.5,0.5880968953924491,0.6083333333333333,0.4911764705882353,,
star,16,smooth,16022,1.1,in_distribution,local_error,0.5,0.5880968953924491,0.6083333333333333,0.4323529411764706,,
star,16,smooth,16022,1.1,in_distribution,degree,0.0,0.21931203589873158,0.20704365079365078,-0.08401680504168059,,
star,16,smooth,16022,1.1,in_distribution,random_expected,0.2625,0.4148112002647777,0.3557920551670551,nan,,
star,16,smooth,16022,1.1,in_distribution,selected_baseline,0.5,0.5880968953924491,0.6083333333333333,0.4911764705882353,,
star,16,smooth,16022,1.1,in_distribution,candidate_calibration,,,,,0.1952853751374037,0.2640447463223537
star,16,smooth,16023,0.1,in_distribution,candidate,1.0,1.0,1.0,0.9911764705882352,,
star,16,smooth,16023,0.1,in_distribution,activity,1.0,1.0,1.0,0.9852941176470588,,
star,16,smooth,16023,0.1,in_distribution,local_error,0.75,0.8308432673565344,0.7470238095238095,0.5647058823529412,,
star,16,smooth,16023,0.1,in_distribution,degree,0.25,0.46919558314341675,0.4201923076923077,0.30806161848616215,,
star,16,smooth,16023,0.1,in_distribution,random_expected,0.2625,0.5471111641529972,0.3703332778332778,nan,,
star,16,smooth,16023,0.1,in_distribution,selected_baseline,1.0,1.0,1.0,0.9852941176470588,,
star,16,smooth,16023,0.1,in_distribution,candidate_calibration,,,,,0.10531594710277323,0.28661464309306867
star,16,smooth,16023,1.1,in_distribution,candidate,0.75,0.9286967252061071,0.875,0.8411764705882352,,
star,16,smooth,16023,1.1,in_distribution,activity,0.75,0.8661390511296099,0.8928571428571428,0.711764705882353,,
star,16,smooth,16023,1.1,in_distribution,local_error,0.75,0.8503010490130536,0.7708333333333334,0.5441176470588236,,
star,16,smooth,16023,1.1,in_distribution,degree,0.0,0.2978739187829404,0.19689685314685315,-0.08401680504168059,,
star,16,smooth,16023,1.1,in_distribution,random_expected,0.2525,0.4848770171298534,0.37049398518148513,nan,,
star,16,smooth,16023,1.1,in_distribution,selected_baseline,0.75,0.8661390511296099,0.8928571428571428,0.711764705882353,,
star,16,smooth,16023,1.1,in_distribution,candidate_calibration,,,,,0.19347369064486714,0.2620007691511821
star,16,smooth,16024,0.1,in_distribution,candidate,1.0,1.0,1.0,0.976470588235294,,
star,16,smooth,16024,0.1,in_distribution,activity,1.0,1.0,1.0,0.988235294117647,,
star,16,smooth,16024,0.1,in_distribution,local_error,0.25,0.641041632080729,0.5404761904761904,0.3205882352941176,,
star,16,smooth,16024,0.1,in_distribution,degree,0.75,0.8774252321809655,0.6950757575757576,0.42008402520840293,,
star,16,smooth,16024,0.1,in_distribution,random_expected,0.2475,0.4933372306670553,0.3774526515151515,nan,,
star,16,smooth,16024,0.1,in_distribution,selected_baseline,1.0,1.0,1.0,0.988235294117647,,
star,16,smooth,16024,0.1,in_distribution,candidate_calibration,,,,,0.09910308452300437,0.2469006331490928
star,16,smooth,16024,1.1,in_distribution,candidate,0.75,0.9549211555464954,0.7470238095238095,0.888235294117647,,
star,16,smooth,16024,1.1,in_distribution,activity,0.5,0.9008568380259303,0.8166666666666667,0.8205882352941177,,
star,16,smooth,16024,1.1,in_distribution,local_error,0.5,0.73126456222022,0.5428571428571429,0.6058823529411764,,
star,16,smooth,16024,1.1,in_distribution,degree,0.5,0.594014721129013,0.3547619047619047,-0.028005601680560196,,
star,16,smooth,16024,1.1,in_distribution,random_expected,0.28,0.5921524668896856,0.39100267094017094,nan,,
star,16,smooth,16024,1.1,in_distribution,selected_baseline,0.5,0.9008568380259303,0.8166666666666667,0.8205882352941177,,
star,16,smooth,16024,1.1,in_distribution,candidate_calibration,,,,,0.2004615210574288,0.26687384799247443
star,16,smooth,16025,0.1,in_distribution,candidate,1.0,1.0,1.0,0.9823529411764707,,
star,16,smooth,16025,0.1,in_distribution,activity,1.0,1.0,1.0,0.9823529411764707,,
star,16,smooth,16025,0.1,in_distribution,local_error,0.5,0.9468681108170268,0.7095238095238094,0.8441176470588234,,
star,16,smooth,16025,0.1,in_distribution,degree,0.25,0.5086662676587531,0.275,-0.30806161848616215,,
star,16,smooth,16025,0.1,in_distribution,random_expected,0.2425,0.5009321950191787,0.3707189546564546,nan,,
star,16,smooth,16025,0.1,in_distribution,selected_baseline,1.0,1.0,1.0,0.9823529411764707,,
star,16,smooth,16025,0.1,in_distribution,candidate_calibration,,,,,0.08985012749872806,0.2747384258679618
star,16,smooth,16025,1.1,in_distribution,candidate,0.75,0.9867498187859239,0.8409090909090909,0.7617647058823529,,
star,16,smooth,16025,1.1,in_distribution,activity,0.5,0.6165427468514058,0.6678571428571429,0.7647058823529411,,
star,16,smooth,16025,1.1,in_distribution,local_error,0.5,0.8899274673236958,0.7071428571428571,0.6970588235294117,,
star,16,smooth,16025,1.1,in_distribution,degree,0.25,0.31882553403690184,0.2727564102564103,-0.1960392117639214,,
star,16,smooth,16025,1.1,in_distribution,random_expected,0.2425,0.4356266087636802,0.36655565268065277,nan,,
star,16,smooth,16025,1.1,in_distribution,selected_baseline,0.5,0.6165427468514058,0.6678571428571429,0.7647058823529411,,
star,16,smooth,16025,1.1,in_distribution,candidate_calibration,,,,,0.1930907959844545,0.26868340982190364
star,64,smooth,64021,0.1,in_distribution,candidate,1.0,0.9957347028157428,1.0,0.9851648351648351,,
star,64,smooth,64021,0.1,in_distribution,activity,1.0,0.9751216855186561,1.0,0.9804487179487179,,
star,64,smooth,64021,0.1,in_distribution,local_error,0.38461538461538464,0.7100062055050369,0.6208832997068292,0.39294871794871794,,
star,64,smooth,64021,0.1,in_distribution,degree,0.3076923076923077,0.6168752123843798,0.41269875576272297,0.1943740372392746,,
star,64,smooth,64021,0.1,in_distribution,random_expected,0.20076923076923076,0.39306394230112135,0.24306679265712994,nan,,
star,64,smooth,64021,0.1,in_distribution,selected_baseline,1.0,0.9751216855186561,1.0,0.9804487179487179,,
star,64,smooth,64021,0.1,in_distribution,candidate_calibration,,,,,0.058611529169296905,0.19602902424735785
star,64,smooth,64021,1.1,in_distribution,candidate,1.0,0.995980341169924,1.0,0.8654761904761904,,
star,64,smooth,64021,1.1,in_distribution,activity,0.46153846153846156,0.6830336290965788,0.6618791425292974,0.5235347985347986,,
star,64,smooth,64021,1.1,in_distribution,local_error,0.38461538461538464,0.794462945997845,0.47553835701466607,0.18282967032967032,,
star,64,smooth,64021,1.1,in_distribution,degree,0.23076923076923078,0.38245929445079274,0.2990380923974752,0.17391361226671942,,
star,64,smooth,64021,1.1,in_distribution,random_expected,0.20230769230769227,0.39721927927516765,0.24482584180896563,nan,,
star,64,smooth,64021,1.1,in_distribution,selected_baseline,0.46153846153846156,0.6830336290965788,0.6618791425292974,0.5235347985347986,,
star,64,smooth,64021,1.1,in_distribution,candidate_calibration,,,,,0.1520498153688425,0.2133136303009749
star,64,smooth,64022,0.1,in_distribution,candidate,0.8461538461538461,0.9921873806297709,0.9594017094017093,0.9933150183150181,,
star,64,smooth,64022,0.1,in_distribution,activity,0.9230769230769231,0.9941478158650766,0.9885883347421809,0.9883699633699633,,
star,64,smooth,64022,0.1,in_distribution,local_error,0.5384615384615384,0.7932594964029114,0.704488493962178,0.5221611721611721,,
star,64,smooth,64022,0.1,in_distribution,degree,0.15384615384615385,0.49774736770780925,0.34993971872234525,0.17391361226671942,,
star,64,smooth,64022,0.1,in_distribution,random_expected,0.21999999999999997,0.4108746510586932,0.25777398272823676,nan,,
star,64,smooth,64022,0.1,in_distribution,selected_baseline,0.9230769230769231,0.9941478158650766,0.9885883347421809,0.9883699633699633,,
star,64,smooth,64022,0.1,in_distribution,candidate_calibration,,,,,0.10197270193490818,0.20000609233500916
star,64,smooth,64022,1.1,in_distribution,candidate,0.6923076923076923,0.8807092559985916,0.789444784606075,0.870558608058608,,
star,64,smooth,64022,1.1,in_distribution,activity,0.6923076923076923,0.8794066223319064,0.8103403826156138,0.5436813186813185,,
star,64,smooth,64022,1.1,in_distribution,local_error,0.6923076923076923,0.8042639839585249,0.7188832534986382,0.3164377289377289,,
star,64,smooth,64022,1.1,in_distribution,degree,0.23076923076923078,0.5323679560717408,0.35904051987384444,0.15345318729416416,,
star,64,smooth,64022,1.1,in_distribution,random_expected,0.18846153846153843,0.4363899653463209,0.24067466203264426,nan,,
star,64,smooth,64022,1.1,in_distribution,selected_baseline,0.6923076923076923,0.8794066223319064,0.8103403826156138,0.5436813186813185,,
star,64,smooth,64022,1.1,in_distribution,candidate_calibration,,,,,0.16144260178479364,0.18502521878755784
star,64,smooth,64023,0.1,in_distribution,candidate,0.9230769230769231,0.9970451011478342,0.9759832927253742,0.9936813186813186,,
star,64,smooth,64023,0.1,in_distribution,activity,0.8461538461538461,0.9910431388334331,0.9647194910352805,0.9935897435897434,,
star,64,smooth,64023,0.1,in_distribution,local_error,0.6923076923076923,0.8201790174739944,0.7863978346215189,0.8727106227106226,,
star,64,smooth,64023,0.1,in_distribution,degree,0.15384615384615385,0.3520776743532307,0.18109345767624918,-0.20801432055431143,,
star,64,smooth,64023,0.1,in_distribution,random_expected,0.19,0.3823070776783517,0.24514205327322977,nan,,
star,64,smooth,64023,0.1,in_distribution,selected_baseline,0.8461538461538461,0.9910431388334331,0.9647194910352805,0.9935897435897434,,
star,64,smooth,64023,0.1,in_distribution,candidate_calibration,,,,,0.0719008164887911,0.18286262959714203
star,64,smooth,64023,1.1,in_distribution,candidate,0.8461538461538461,0.9779412307574611,0.9012265779092702,0.753525641025641,,
star,64,smooth,64023,1.1,in_distribution,activity,0.7692307692307693,0.7931941949910756,0.8297202518774426,0.9109432234432233,,
star,64,smooth,64023,1.1,in_distribution,local_error,0.7692307692307693,0.913746399618135,0.8680677453450732,0.9110347985347985,,
star,64,smooth,64023,1.1,in_distribution,degree,0.23076923076923078,0.2317210594148899,0.2029847743797945,-0.20119417889679303,,
star,64,smooth,64023,1.1,in_distribution,random_expected,0.19230769230769235,0.32764623881699045,0.24456916293326805,nan,,
star,64,smooth,64023,1.1,in_distribution,selected_baseline,0.7692307692307693,0.7931941949910756,0.8297202518774426,0.9109432234432233,,
star,64,smooth,64023,1.1,in_distribution,candidate_calibration,,,,,0.14994694289180785,0.20586544242377974
star,64,smooth,64024,0.1,in_distribution,candidate,1.0,0.9997280617891434,1.0,0.9878205128205128,,
star,64,smooth,64024,0.1,in_distribution,activity,1.0,0.9996429070741728,1.0,0.9899725274725273,,
star,64,smooth,64024,0.1,in_distribution,local_error,0.8461538461538461,0.9215660091276758,0.8616949290026213,0.8622252747252745,,
star,64,smooth,64024,0.1,in_distribution,degree,0.3076923076923077,0.4477797354211817,0.34665949592877204,-0.14663304563664578,,
star,64,smooth,64024,0.1,in_distribution,random_expected,0.19846153846153847,0.33502579561133367,0.24533508853692262,nan,,
star,64,smooth,64024,0.1,in_distribution,selected_baseline,1.0,0.9996429070741728,1.0,0.9899725274725273,,
star,64,smooth,64024,0.1,in_distribution,candidate_calibration,,,,,0.06282239736827697,0.1951239457986812
star,64,smooth,64024,1.1,in_distribution,candidate,0.6923076923076923,0.9100215616056647,0.7871137167805888,0.845054945054945,,
star,64,smooth,64024,1.1,in_distribution,activity,0.6923076923076923,0.8666622309845483,0.8566620879120879,0.8856227106227105,,
star,64,smooth,64024,1.1,in_distribution,local_error,0.6153846153846154,0.8305958185484371,0.6410097745391863,0.6556776556776557,,
star,64,smooth,64024,1.1,in_distribution,degree,0.3076923076923077,0.5426396348860071,0.341227592202816,0.0920719123764985,,
star,64,smooth,64024,1.1,in_distribution,random_expected,0.20615384615384616,0.38208685201910186,0.2537471889643142,nan,,
star,64,smooth,64024,1.1,in_distribution,selected_baseline,0.6923076923076923,0.8666622309845483,0.8566620879120879,0.8856227106227105,,
star,64,smooth,64024,1.1,in_distribution,candidate_calibration,,,,,0.15790659425571524,0.19001247426687212
star,64,smooth,64025,0.1,in_distribution,candidate,1.0,0.9972159092997191,1.0,0.9922161172161172,,
star,64,smooth,64025,0.1,in_distribution,activity,0.9230769230769231,0.9979082993236427,0.9885883347421809,0.9887362637362638,,
star,64,smooth,64025,0.1,in_distribution,local_error,0.6153846153846154,0.834173139742748,0.6790547172126119,0.4061813186813186,,
star,64,smooth,64025,0.1,in_distribution,degree,0.15384615384615385,0.4441669671818456,0.28414220198843615,0.14663304563664578,,
star,64,smooth,64025,0.1,in_distribution,random_expected,0.21076923076923074,0.3899676396956023,0.2537503965798686,nan,,
star,64,smooth,64025,0.1,in_distribution,selected_baseline,0.9230769230769231,0.9979082993236427,0.9885883347421809,0.9887362637362638,,
star,64,smooth,64025,0.1,in_distribution,candidate_calibration,,,,,0.058668633628049346,0.1911105738418668
star,64,smooth,64025,1.1,in_distribution,candidate,0.8461538461538461,0.9406532486824866,0.9495977878330818,0.9193681318681318,,
star,64,smooth,64025,1.1,in_distribution,activity,0.5384615384615384,0.8078089500254341,0.6993225579651879,0.5634157509157508,,
star,64,smooth,64025,1.1,in_distribution,local_error,0.46153846153846156,0.5416434468049306,0.45889396694350243,0.24945054945054942,,
star,64,smooth,64025,1.1,in_distribution,degree,0.3076923076923077,0.5474349978167248,0.22916672526920978,0.11935247900657214,,
star,64,smooth,64025,1.1,in_distribution,random_expected,0.2,0.46271221373034366,0.2550658054133414,nan,,
star,64,smooth,64025,1.1,in_distribution,selected_baseline,0.5384615384615384,0.8078089500254341,0.6993225579651879,0.5634157509157508,,
star,64,smooth,64025,1.1,in_distribution,candidate_calibration,,,,,0.16120571385614046,0.2241250592269755
star,128,smooth,128021,0.1,in_distribution,candidate,0.9230769230769231,0.9940997805030094,0.9890642121411353,0.9909013916865043,,
star,128,smooth,128021,0.1,in_distribution,activity,0.8846153846153846,0.9900046547662306,0.9876268367647678,0.9899915308551547,,
star,128,smooth,128021,0.1,in_distribution,local_error,0.5384615384615384,0.7891096484933208,0.5305808892065311,0.5093904504669474,,
star,128,smooth,128021,0.1,in_distribution,degree,0.19230769230769232,0.5431442722414486,0.278343217546599,0.13328615202298516,,
star,128,smooth,128021,0.1,in_distribution,random_expected,0.21153846153846154,0.43556839519806956,0.23533510984472403,nan,,
star,128,smooth,128021,0.1,in_distribution,selected_baseline,0.8846153846153846,0.9900046547662306,0.9876268367647678,0.9899915308551547,,
star,128,smooth,128021,0.1,in_distribution,candidate_calibration,,,,,0.07216568862803521,0.19884111203052168
star,128,smooth,128021,1.1,in_distribution,candidate,0.8461538461538461,0.9723944220297308,0.9132432853155934,0.9405099798571689,,
star,128,smooth,128021,1.1,in_distribution,activity,0.8846153846153846,0.7596845604288154,0.9311076742521396,0.5392212964658487,,
star,128,smooth,128021,1.1,in_distribution,local_error,0.6153846153846154,0.7951572612698702,0.6684800153468122,0.06011948361106025,,
star,128,smooth,128021,1.1,in_distribution,degree,0.3076923076923077,0.4045580071851037,0.3110831187045443,0.1428923611777949,,
star,128,smooth,128021,1.1,in_distribution,random_expected,0.20461538461538467,0.3520384676276324,0.23480660917517912,nan,,
star,128,smooth,128021,1.1,in_distribution,selected_baseline,0.8846153846153846,0.7596845604288154,0.9311076742521396,0.5392212964658487,,
star,128,smooth,128021,1.1,in_distribution,candidate_calibration,,,,,0.14877351994276178,0.17805539674051563
star,128,smooth,128022,0.1,in_distribution,candidate,0.9615384615384616,0.9991656428256749,0.9948717948717949,0.9960629921259841,,
star,128,smooth,128022,0.1,in_distribution,activity,1.0,0.9978004557618384,1.0,0.9922747665262771,,
star,128,smooth,128022,0.1,in_distribution,local_error,0.6538461538461539,0.8516307172583141,0.7876847687668092,0.5603598242080204,,
star,128,smooth,128022,0.1,in_distribution,degree,0.11538461538461539,0.3116682209103684,0.16181288461978702,0.07324734480542429,,
star,128,smooth,128022,0.1,in_distribution,random_expected,0.19884615384615384,0.3772374638641687,0.23166916979737498,nan,,
star,128,smooth,128022,0.1,in_distribution,selected_baseline,1.0,0.9978004557618384,1.0,0.9922747665262771,,
star,128,smooth,128022,0.1,in_distribution,candidate_calibration,,,,,0.06724745995790683,0.20928041191009816
star,128,smooth,128022,1.1,in_distribution,candidate,0.6923076923076923,0.9482589364475666,0.7986078790280232,0.8416556033693462,,
star,128,smooth,128022,1.1,in_distribution,activity,0.6923076923076923,0.7983400808451606,0.8069029782541216,0.6390999816883354,,
star,128,smooth,128022,1.1,in_distribution,local_error,0.6153846153846154,0.7952997416737442,0.6753110377633698,0.5375274674967955,,
star,128,smooth,128022,1.1,in_distribution,degree,0.11538461538461539,0.32159249979504345,0.1719141651236987,0.05163337420710236,,
star,128,smooth,128022,1.1,in_distribution,random_expected,0.21153846153846154,0.411319168532682,0.23341201325565175,nan,,
star,128,smooth,128022,1.1,in_distribution,selected_baseline,0.6923076923076923,0.7983400808451606,0.8069029782541216,0.6390999816883354,,
star,128,smooth,128022,1.1,in_distribution,candidate_calibration,,,,,0.15955973020365186,0.15774429846499077
star,128,smooth,128023,0.1,in_distribution,candidate,0.8846153846153846,0.989725666043495,0.9719305453001105,0.9850016022706463,,
star,128,smooth,128023,0.1,in_distribution,activity,0.9615384615384616,0.9957255757762214,0.9955577470962086,0.985276277238601,,
star,128,smooth,128023,0.1,in_distribution,local_error,0.6538461538461539,0.7610557047413904,0.6573083842532221,0.47531358725508144,,
star,128,smooth,128023,0.1,in_distribution,degree,0.15384615384615385,0.40475023447742625,0.220450929822404,0.11167218142466324,,
star,128,smooth,128023,0.1,in_distribution,random_expected,0.20461538461538464,0.37793177713227505,0.23335697563072813,nan,,
star,128,smooth,128023,0.1,in_distribution,selected_baseline,0.9615384615384616,0.9957255757762214,0.9955577470962086,0.985276277238601,,
star,128,smooth,128023,0.1,in_distribution,candidate_calibration,,,,,0.0705578554306214,0.18990846669758044
star,128,smooth,128023,1.1,in_distribution,candidate,0.7692307692307693,0.9677175338808848,0.8493925161568072,0.8511662241347737,,
star,128,smooth,128023,1.1,in_distribution,activity,0.6153846153846154,0.6071490183695588,0.6968473523208043,0.5750721021790881,,
star,128,smooth,128023,1.1,in_distribution,local_error,0.6538461538461539,0.8740071741268598,0.7654979539238448,0.49516457608496617,,
star,128,smooth,128023,1.1,in_distribution,degree,0.19230769230769232,0.3906347284921692,0.17398471373337085,0.06123958336191211,,
star,128,smooth,128023,1.1,in_distribution,random_expected,0.19,0.3503114114771935,0.22541562296670045,nan,,
star,128,smooth,128023,1.1,in_distribution,selected_baseline,0.6153846153846154,0.6071490183695588,0.6968473523208043,0.5750721021790881,,
star,128,smooth,128023,1.1,in_distribution,candidate_calibration,,,,,0.14574736478627454,0.16752617447501805
star,128,smooth,128024,0.1,in_distribution,candidate,0.9230769230769231,0.9942364843974847,0.9872095255790908,0.9920000915583226,,
star,128,smooth,128024,0.1,in_distribution,activity,0.8846153846153846,0.9886171194203572,0.9675025879917185,0.9880916956601355,,
star,128,smooth,128024,0.1,in_distribution,local_error,0.5769230769230769,0.8072691588965595,0.6299606529570485,0.3627597967405237,,
star,128,smooth,128024,0.1,in_distribution,degree,0.15384615384615385,0.34811651930244086,0.22757430728031502,0.13328615202298516,,
star,128,smooth,128024,0.1,in_distribution,random_expected,0.2134615384615385,0.4155206044507346,0.23461696426570408,nan,,
star,128,smooth,128024,0.1,in_distribution,selected_baseline,0.8846153846153846,0.9886171194203572,0.9675025879917185,0.9880916956601355,,
star,128,smooth,128024,0.1,in_distribution,candidate_calibration,,,,,0.07676326191985229,0.204401268511665
star,128,smooth,128024,1.1,in_distribution,candidate,0.7692307692307693,0.96411407671443,0.8844996939218424,0.8769456143563451,,
star,128,smooth,128024,1.1,in_distribution,activity,0.8076923076923077,0.8540130350477875,0.851629718061698,0.6481814228163341,,
star,128,smooth,128024,1.1,in_distribution,local_error,0.6538461538461539,0.7605163987789594,0.6049363918007784,0.48884132942684483,,
star,128,smooth,128024,1.1,in_distribution,degree,0.19230769230769232,0.31035213348504126,0.2124307817038243,0.058838031073209666,,
star,128,smooth,128024,1.1,in_distribution,random_expected,0.21000000000000005,0.3680592125835444,0.23210615132727822,nan,,
star,128,smooth,128024,1.1,in_distribution,selected_baseline,0.8076923076923077,0.8540130350477875,0.851629718061698,0.6481814228163341,,
star,128,smooth,128024,1.1,in_distribution,candidate_calibration,,,,,0.15727230563392586,0.1863404384157195
star,128,smooth,128025,0.1,in_distribution,candidate,0.9230769230769231,0.9858837514209626,0.9895904779600431,0.9931331258011353,,
star,128,smooth,128025,0.1,in_distribution,activity,0.9230769230769231,0.9904023626601203,0.9776635499213971,0.9796854971616918,,
star,128,smooth,128025,0.1,in_distribution,local_error,0.46153846153846156,0.7517158401935848,0.4995167591368711,0.1140416132576451,,
star,128,smooth,128025,0.1,in_distribution,degree,0.11538461538461539,0.37889093199905816,0.2296049533080707,0.15009701804390221,,
star,128,smooth,128025,0.1,in_distribution,random_expected,0.2038461538461539,0.3519109847683428,0.23207999395184475,nan,,
star,128,smooth,128025,0.1,in_distribution,selected_baseline,0.9230769230769231,0.9904023626601203,0.9776635499213971,0.9796854971616918,,
star,128,smooth,128025,0.1,in_distribution,candidate_calibration,,,,,0.05533046698325579,0.16375003038371533
star,128,smooth,128025,1.1,in_distribution,candidate,0.6923076923076923,0.9310875947528434,0.8222593266199821,0.9186160959531221,,
star,128,smooth,128025,1.1,in_distribution,activity,0.7692307692307693,0.8688602839246358,0.8521267947738538,0.6138756637978391,,
star,128,smooth,128025,1.1,in_distribution,local_error,0.6153846153846154,0.7871642051301658,0.6293664050557817,0.21915056766160043,,
star,128,smooth,128025,1.1,in_distribution,degree,0.07692307692307693,0.44353543362783393,0.231360756181656,0.1476954657551998,,
star,128,smooth,128025,1.1,in_distribution,random_expected,0.2,0.4769048349469935,0.22961174437241638,nan,,
star,128,smooth,128025,1.1,in_distribution,selected_baseline,0.7692307692307693,0.8688602839246358,0.8521267947738538,0.6138756637978391,,
star,128,smooth,128025,1.1,in_distribution,candidate_calibration,,,,,0.15695359754976346,0.157756547958551
feedback_ring,16,smooth,16021,0.1,in_distribution,candidate,1.0,1.0,1.0,0.9970588235294118,,
feedback_ring,16,smooth,16021,0.1,in_distribution,activity,1.0,1.0,1.0,0.9911764705882352,,
feedback_ring,16,smooth,16021,0.1,in_distribution,local_error,0.75,0.9310837124168723,0.9166666666666666,0.55,,
feedback_ring,16,smooth,16021,0.1,in_distribution,degree,0.5,0.5030831077256931,0.5277777777777777,0.0,,
feedback_ring,16,smooth,16021,0.1,in_distribution,random_expected,0.2475,0.39596723584744675,0.364449938949939,nan,,
feedback_ring,16,smooth,16021,0.1,in_distribution,selected_baseline,1.0,1.0,1.0,0.9911764705882352,,
feedback_ring,16,smooth,16021,0.1,in_distribution,candidate_calibration,,,,,0.0683021956462546,0.2203848743645673
feedback_ring,16,smooth,16021,1.1,in_distribution,candidate,0.5,0.759747558611976,0.7321428571428571,0.7058823529411764,,
feedback_ring,16,smooth,16021,1.1,in_distribution,activity,0.25,0.8982414409446644,0.49374999999999997,0.5764705882352941,,
feedback_ring,16,smooth,16021,1.1,in_distribution,local_error,0.5,0.8528602850252793,0.6840659340659341,0.6058823529411764,,
feedback_ring,16,smooth,16021,1.1,in_distribution,degree,0.0,0.423955272974375,0.27499999999999997,0.0,,
feedback_ring,16,smooth,16021,1.1,in_distribution,random_expected,0.2625,0.5884099420126663,0.38134495365745374,nan,,
feedback_ring,16,smooth,16021,1.1,in_distribution,selected_baseline,0.25,0.8982414409446644,0.49374999999999997,0.5764705882352941,,
feedback_ring,16,smooth,16021,1.1,in_distribution,candidate_calibration,,,,,0.20390400602517228,0.28357427450502515
feedback_ring,16,smooth,16022,0.1,in_distribution,candidate,1.0,1.0,1.0,0.9970588235294118,,
feedback_ring,16,smooth,16022,0.1,in_distribution,activity,1.0,1.0,1.0,0.9970588235294118,,
feedback_ring,16,smooth,16022,0.1,in_distribution,local_error,1.0,0.9969856998842155,1.0,0.7382352941176471,,
feedback_ring,16,smooth,16022,0.1,in_distribution,degree,0.0,0.23562138747278621,0.23115079365079363,0.0,,
feedback_ring,16,smooth,16022,0.1,in_distribution,random_expected,0.28,0.4150231135197714,0.38840349234099236,nan,,
feedback_ring,16,smooth,16022,0.1,in_distribution,selected_baseline,1.0,1.0,1.0,0.9970588235294118,,
feedback_ring,16,smooth,16022,0.1,in_distribution,candidate_calibration,,,,,0.05972838217710829,0.21237496576450787
feedback_ring,16,smooth,16022,1.1,in_distribution,candidate,0.75,0.9693651227501983,0.875,0.8470588235294119,,
feedback_ring,16,smooth,16022,1.1,in_distribution,activity,0.75,0.644074789244516,0.6791666666666667,0.5970588235294118,,
feedback_ring,16,smooth,16022,1.1,in_distribution,local_error,0.75,0.644074789244516,0.5902777777777777,0.4441176470588235,,
feedback_ring,16,smooth,16022,1.1,in_distribution,degree,0.0,0.21089636093616204,0.22073412698412698,0.0,,
feedback_ring,16,smooth,16022,1.1,in_distribution,random_expected,0.2625,0.5087976175864566,0.38882450188700185,nan,,
feedback_ring,16,smooth,16022,1.1,in_distribution,selected_baseline,0.75,0.644074789244516,0.6791666666666667,0.5970588235294118,,
feedback_ring,16,smooth,16022,1.1,in_distribution,candidate_calibration,,,,,0.1991235290258531,0.26788787346238924
feedback_ring,16,smooth,16023,0.1,in_distribution,candidate,1.0,1.0,1.0,0.9970588235294118,,
feedback_ring,16,smooth,16023,0.1,in_distribution,activity,1.0,1.0,1.0,1.0,,
feedback_ring,16,smooth,16023,0.1,in_distribution,local_error,0.75,0.9239814088722293,0.8541666666666666,0.7558823529411764,,
feedback_ring,16,smooth,16023,0.1,in_distribution,degree,0.25,0.5051384835186957,0.4201923076923077,0.0,,
feedback_ring,16,smooth,16023,0.1,in_distribution,random_expected,0.2475,0.5545229959837319,0.37704329004329007,nan,,
feedback_ring,16,smooth,16023,0.1,in_distribution,selected_baseline,1.0,1.0,1.0,1.0,,
feedback_ring,16,smooth,16023,0.1,in_distribution,candidate_calibration,,,,,0.12841613660874251,0.3136586726342222
feedback_ring,16,smooth,16023,1.1,in_distribution,candidate,0.75,0.9818479546172174,0.8409090909090909,0.8117647058823528,,
feedback_ring,16,smooth,16023,1.1,in_distribution,activity,0.25,0.7515920134385559,0.54375,0.5970588235294118,,
feedback_ring,16,smooth,16023,1.1,in_distribution,local_error,0.25,0.7559299145814004,0.5151785714285714,0.5676470588235295,,
feedback_ring,16,smooth,16023,1.1,in_distribution,degree,0.0,0.46026831784021854,0.24318181818181817,0.0,,
feedback_ring,16,smooth,16023,1.1,in_distribution,random_expected,0.2525,0.6527205768759233,0.38597968697968704,nan,,
feedback_ring,16,smooth,16023,1.1,in_distribution,selected_baseline,0.25,0.7515920134385559,0.54375,0.5970588235294118,,
feedback_ring,16,smooth,16023,1.1,in_distribution,candidate_calibration,,,,,0.1893077604159457,0.27196499705326477
feedback_ring,16,smooth,16024,0.1,in_distribution,candidate,0.75,0.9955218277183955,0.95,0.9941176470588234,,
feedback_ring,16,smooth,16024,0.1,in_distribution,activity,1.0,0.9989301709920637,1.0,0.9941176470588234,,
feedback_ring,16,smooth,16024,0.1,in_distribution,local_error,0.5,0.8096934457807968,0.8166666666666667,0.7676470588235293,,
feedback_ring,16,smooth,16024,0.1,in_distribution,degree,0.75,0.9162285837826449,0.6950757575757576,0.0,,
feedback_ring,16,smooth,16024,0.1,in_distribution,random_expected,0.275,0.5274033273734097,0.3900817377067377,nan,,
feedback_ring,16,smooth,16024,0.1,in_distribution,selected_baseline,1.0,0.9989301709920637,1.0,0.9941176470588234,,
feedback_ring,16,smooth,16024,0.1,in_distribution,candidate_calibration,,,,,0.113242667781767,0.23815708108390066
feedback_ring,16,smooth,16024,1.1,in_distribution,candidate,0.75,0.9452700177454225,0.8125,0.8382352941176471,,
feedback_ring,16,smooth,16024,1.1,in_distribution,activity,0.5,0.8886789379571017,0.6435897435897435,0.6323529411764706,,
feedback_ring,16,smooth,16024,1.1,in_distribution,local_error,0.5,0.8024619286255167,0.7333333333333333,0.6970588235294117,,
feedback_ring,16,smooth,16024,1.1,in_distribution,degree,0.5,0.751157731588209,0.35,0.0,,
feedback_ring,16,smooth,16024,1.1,in_distribution,random_expected,0.3075,0.5782428653969871,0.4035400502275502,nan,,
feedback_ring,16,smooth,16024,1.1,in_distribution,selected_baseline,0.5,0.8886789379571017,0.6435897435897435,0.6323529411764706,,
feedback_ring,16,smooth,16024,1.1,in_distribution,candidate_calibration,,,,,0.20466309928240325,0.27120641195420325
feedback_ring,16,smooth,16025,0.1,in_distribution,candidate,1.0,1.0,1.0,0.9823529411764707,,
feedback_ring,16,smooth,16025,0.1,in_distribution,activity,1.0,1.0,1.0,0.9647058823529412,,
feedback_ring,16,smooth,16025,0.1,in_distribution,local_error,0.5,0.9312321928374232,0.6916666666666667,0.8205882352941177,,
feedback_ring,16,smooth,16025,0.1,in_distribution,degree,0.25,0.5160928073311598,0.275,0.0,,
feedback_ring,16,smooth,16025,0.1,in_distribution,random_expected,0.26,0.49776703229241426,0.37380321067821065,nan,,
feedback_ring,16,smooth,16025,0.1,in_distribution,selected_baseline,1.0,1.0,1.0,0.9647058823529412,,
feedback_ring,16,smooth,16025,0.1,in_distribution,candidate_calibration,,,,,0.09195153073994064,0.27606500310542914
feedback_ring,16,smooth,16025,1.1,in_distribution,candidate,0.5,0.9540816548828751,0.6659090909090909,0.7235294117647059,,
feedback_ring,16,smooth,16025,1.1,in_distribution,activity,0.75,0.7779849718255267,0.8541666666666666,0.8058823529411765,,
feedback_ring,16,smooth,16025,1.1,in_distribution,local_error,0.75,0.9654291484560333,0.8611111111111112,0.6647058823529411,,
feedback_ring,16,smooth,16025,1.1,in_distribution,degree,0.25,0.430077565868291,0.26726190476190476,0.0,,
feedback_ring,16,smooth,16025,1.1,in_distribution,random_expected,0.2275,0.4371473069064695,0.3450724483849483,nan,,
feedback_ring,16,smooth,16025,1.1,in_distribution,selected_baseline,0.75,0.7779849718255267,0.8541666666666666,0.8058823529411765,,
feedback_ring,16,smooth,16025,1.1,in_distribution,candidate_calibration,,,,,0.194143093844924,0.25717765192364306
feedback_ring,64,smooth,64021,0.1,in_distribution,candidate,0.9230769230769231,0.998041089902095,0.9945054945054945,0.9869963369963369,,
feedback_ring,64,smooth,64021,0.1,in_distribution,activity,1.0,0.9907941307010146,1.0,0.9865384615384614,,
feedback_ring,64,smooth,64021,0.1,in_distribution,local_error,0.7692307692307693,0.848179692762161,0.7167362551977937,0.6028846153846154,,
feedback_ring,64,smooth,64021,0.1,in_distribution,degree,0.3076923076923077,0.602240502492218,0.41269875576272297,0.0,,
feedback_ring,64,smooth,64021,0.1,in_distribution,random_expected,0.19769230769230767,0.3837249058751731,0.24336599120024363,nan,,
feedback_ring,64,smooth,64021,0.1,in_distribution,selected_baseline,1.0,0.9907941307010146,1.0,0.9865384615384614,,
feedback_ring,64,smooth,64021,0.1,in_distribution,candidate_calibration,,,,,0.06057926431510813,0.20290405301549497
feedback_ring,64,smooth,64021,1.1,in_distribution,candidate,0.9230769230769231,0.9809675398094985,0.9945054945054945,0.8513736263736262,,
feedback_ring,64,smooth,64021,1.1,in_distribution,activity,0.6923076923076923,0.717364149346829,0.6944126312416382,0.7217032967032966,,
feedback_ring,64,smooth,64021,1.1,in_distribution,local_error,0.6923076923076923,0.8622691026900571,0.6964422442155237,0.635164835164835,,
feedback_ring,64,smooth,64021,1.1,in_distribution,degree,0.15384615384615385,0.36306925613563856,0.28114862341324437,0.0,,
feedback_ring,64,smooth,64021,1.1,in_distribution,random_expected,0.2,0.3476855591481061,0.2513660226284042,nan,,
feedback_ring,64,smooth,64021,1.1,in_distribution,selected_baseline,0.6923076923076923,0.717364149346829,0.6944126312416382,0.7217032967032966,,
feedback_ring,64,smooth,64021,1.1,in_distribution,candidate_calibration,,,,,0.1464136431240026,0.2140039112346212
feedback_ring,64,smooth,64022,0.1,in_distribution,candidate,0.9230769230769231,0.9973488786119379,0.9855769230769231,0.996565934065934,,
feedback_ring,64,smooth,64022,0.1,in_distribution,activity,1.0,0.9997279806674507,1.0,0.9945970695970694,,
feedback_ring,64,smooth,64022,0.1,in_distribution,local_error,0.6923076923076923,0.9254733689848479,0.8849718908542438,0.745054945054945,,
feedback_ring,64,smooth,64022,0.1,in_distribution,degree,0.15384615384615385,0.4957363863511888,0.3495738055657344,0.0,,
feedback_ring,64,smooth,64022,0.1,in_distribution,random_expected,0.21923076923076923,0.41128230160982127,0.2518045103674237,nan,,
feedback_ring,64,smooth,64022,0.1,in_distribution,selected_baseline,1.0,0.9997279806674507,1.0,0.9945970695970694,,
feedback_ring,64,smooth,64022,0.1,in_distribution,candidate_calibration,,,,,0.12553048418070686,0.26313032663189934
feedback_ring,64,smooth,64022,1.1,in_distribution,candidate,0.6923076923076923,0.9422219180221807,0.8492476477770595,0.8101648351648351,,
feedback_ring,64,smooth,64022,1.1,in_distribution,activity,0.7692307692307693,0.8243980205815412,0.833205683205683,0.8406593406593404,,
feedback_ring,64,smooth,64022,1.1,in_distribution,local_error,0.6153846153846154,0.7141196060630836,0.5144997983950892,0.656135531135531,,
feedback_ring,64,smooth,64022,1.1,in_distribution,degree,0.3076923076923077,0.5828534533688143,0.40815986329411696,0.0,,
feedback_ring,64,smooth,64022,1.1,in_distribution,random_expected,0.19076923076923072,0.4036844129454233,0.24574397923681665,nan,,
feedback_ring,64,smooth,64022,1.1,in_distribution,selected_baseline,0.7692307692307693,0.8243980205815412,0.833205683205683,0.8406593406593404,,
feedback_ring,64,smooth,64022,1.1,in_distribution,candidate_calibration,,,,,0.153173112192938,0.19994432995626926
feedback_ring,64,smooth,64023,0.1,in_distribution,candidate,0.9230769230769231,0.995073190044829,0.9759832927253742,0.990613553113553,,
feedback_ring,64,smooth,64023,0.1,in_distribution,activity,0.9230769230769231,0.9925684046638067,0.9697913422609779,0.9917582417582417,,
feedback_ring,64,smooth,64023,0.1,in_distribution,local_error,0.6923076923076923,0.8095862783802411,0.7615943997522945,0.6476190476190475,,
feedback_ring,64,smooth,64023,0.1,in_distribution,degree,0.23076923076923078,0.3624563951372638,0.21549886251993483,0.0,,
feedback_ring,64,smooth,64023,0.1,in_distribution,random_expected,0.2069230769230769,0.4064502399169028,0.2522673222759676,nan,,
feedback_ring,64,smooth,64023,0.1,in_distribution,selected_baseline,0.9230769230769231,0.9925684046638067,0.9697913422609779,0.9917582417582417,,
feedback_ring,64,smooth,64023,0.1,in_distribution,candidate_calibration,,,,,0.07139495185851166,0.1800757263873158
feedback_ring,64,smooth,64023,1.1,in_distribution,candidate,0.6923076923076923,0.9038079644387658,0.8592975651799181,0.6733974358974358,,
feedback_ring,64,smooth,64023,1.1,in_distribution,activity,0.7692307692307693,0.8071836491709342,0.7676260739767501,0.8104853479853479,,
feedback_ring,64,smooth,64023,1.1,in_distribution,local_error,0.6153846153846154,0.8204424673676224,0.7133038906794561,0.6393772893772893,,
feedback_ring,64,smooth,64023,1.1,in_distribution,degree,0.15384615384615385,0.2974856884000969,0.17454791852358384,0.0,,
feedback_ring,64,smooth,64023,1.1,in_distribution,random_expected,0.20615384615384613,0.36212143820686826,0.2489094221292905,nan,,
feedback_ring,64,smooth,64023,1.1,in_distribution,selected_baseline,0.7692307692307693,0.8071836491709342,0.7676260739767501,0.8104853479853479,,
feedback_ring,64,smooth,64023,1.1,in_distribution,candidate_calibration,,,,,0.1566057884370297,0.2062767853697356
feedback_ring,64,smooth,64024,0.1,in_distribution,candidate,1.0,0.9999435304864619,1.0,0.989697802197802,,
feedback_ring,64,smooth,64024,0.1,in_distribution,activity,0.9230769230769231,0.9981961589771943,0.9885883347421809,0.9893772893772893,,
feedback_ring,64,smooth,64024,0.1,in_distribution,local_error,0.6153846153846154,0.8179013375228051,0.6563591585168886,0.7126831501831501,,
feedback_ring,64,smooth,64024,0.1,in_distribution,degree,0.23076923076923078,0.4369695421706048,0.32423415556864915,0.0,,
feedback_ring,64,smooth,64024,0.1,in_distribution,random_expected,0.21153846153846154,0.34773461495649194,0.25574137479244896,nan,,
feedback_ring,64,smooth,64024,0.1,in_distribution,selected_baseline,0.9230769230769231,0.9981961589771943,0.9885883347421809,0.9893772893772893,,
feedback_ring,64,smooth,64024,0.1,in_distribution,candidate_calibration,,,,,0.05974932739758028,0.1886248466063038
feedback_ring,64,smooth,64024,1.1,in_distribution,candidate,0.7692307692307693,0.867893958263488,0.8307083941699326,0.7387820512820511,,
feedback_ring,64,smooth,64024,1.1,in_distribution,activity,0.7692307692307693,0.9253694274503471,0.8233763130673597,0.7569597069597068,,
feedback_ring,64,smooth,64024,1.1,in_distribution,local_error,0.6923076923076923,0.7864068138413608,0.6274895226137457,0.6938644688644687,,
feedback_ring,64,smooth,64024,1.1,in_distribution,degree,0.3076923076923077,0.5362347707413359,0.4293828924353431,0.0,,
feedback_ring,64,smooth,64024,1.1,in_distribution,random_expected,0.1969230769230769,0.37498329077915654,0.24339606778023914,nan,,
feedback_ring,64,smooth,64024,1.1,in_distribution,selected_baseline,0.7692307692307693,0.9253694274503471,0.8233763130673597,0.7569597069597068,,
feedback_ring,64,smooth,64024,1.1,in_distribution,candidate_calibration,,,,,0.16036013850354278,0.20704347400189613
feedback_ring,64,smooth,64025,0.1,in_distribution,candidate,0.9230769230769231,0.9979546774199236,0.9838264299802761,0.9891483516483515,,
feedback_ring,64,smooth,64025,0.1,in_distribution,activity,1.0,0.9991068628455861,1.0,0.9929487179487179,,
feedback_ring,64,smooth,64025,0.1,in_distribution,local_error,0.7692307692307693,0.8923440532610895,0.7685984452952778,0.732051282051282,,
feedback_ring,64,smooth,64025,0.1,in_distribution,degree,0.15384615384615385,0.41101998474814416,0.29529903387058476,0.0,,
feedback_ring,64,smooth,64025,0.1,in_distribution,random_expected,0.1838461538461538,0.354131881045433,0.24249747696221644,nan,,
feedback_ring,64,smooth,64025,0.1,in_distribution,selected_baseline,1.0,0.9991068628455861,1.0,0.9929487179487179,,
feedback_ring,64,smooth,64025,0.1,in_distribution,candidate_calibration,,,,,0.05858405722628943,0.15810670600426902
feedback_ring,64,smooth,64025,1.1,in_distribution,candidate,0.6153846153846154,0.9225597536578615,0.7499206332023669,0.7714285714285712,,
feedback_ring,64,smooth,64025,1.1,in_distribution,activity,0.7692307692307693,0.8352265832816521,0.8976315508823247,0.8842948717948718,,
feedback_ring,64,smooth,64025,1.1,in_distribution,local_error,0.7692307692307693,0.7887983025076281,0.6546354904654501,0.7587912087912086,,
feedback_ring,64,smooth,64025,1.1,in_distribution,degree,0.07692307692307693,0.43241265043976096,0.16336297406596526,0.0,,
feedback_ring,64,smooth,64025,1.1,in_distribution,random_expected,0.1946153846153846,0.39463582383239476,0.24340271647498468,nan,,
feedback_ring,64,smooth,64025,1.1,in_distribution,selected_baseline,0.7692307692307693,0.8352265832816521,0.8976315508823247,0.8842948717948718,,
feedback_ring,64,smooth,64025,1.1,in_distribution,candidate_calibration,,,,,0.1640677523787516,0.19361381516415918
feedback_ring,128,smooth,128021,0.1,in_distribution,candidate,1.0,0.996682596653673,1.0,0.9936424189708845,,
feedback_ring,128,smooth,128021,0.1,in_distribution,activity,0.9615384615384616,0.9933300750632826,0.9985754985754985,0.9931388481963009,,
feedback_ring,128,smooth,128021,0.1,in_distribution,local_error,0.7692307692307693,0.8910019331039313,0.8007815143979872,0.7634934078007691,,
feedback_ring,128,smooth,128021,0.1,in_distribution,degree,0.23076923076923078,0.5480954037246004,0.30554326349829064,0.0,,
feedback_ring,128,smooth,128021,0.1,in_distribution,random_expected,0.20192307692307693,0.44203974551468184,0.228244095445831,nan,,
feedback_ring,128,smooth,128021,0.1,in_distribution,selected_baseline,0.9615384615384616,0.9933300750632826,0.9985754985754985,0.9931388481963009,,
feedback_ring,128,smooth,128021,0.1,in_distribution,candidate_calibration,,,,,0.08392245700260359,0.23773705475656798
feedback_ring,128,smooth,128021,1.1,in_distribution,candidate,0.8076923076923077,0.9804663119420219,0.8477045938386182,0.7808723219190623,,
feedback_ring,128,smooth,128021,1.1,in_distribution,activity,0.6538461538461539,0.6659047131088406,0.671405194007095,0.8057990752609412,,
feedback_ring,128,smooth,128021,1.1,in_distribution,local_error,0.46153846153846156,0.801514337289199,0.48043932195734296,0.6297495879875481,,
feedback_ring,128,smooth,128021,1.1,in_distribution,degree,0.3076923076923077,0.4453110502536393,0.33362861691174095,0.0,,
feedback_ring,128,smooth,128021,1.1,in_distribution,random_expected,0.20307692307692307,0.3314085366988448,0.23144207572448652,nan,,
feedback_ring,128,smooth,128021,1.1,in_distribution,selected_baseline,0.6538461538461539,0.6659047131088406,0.671405194007095,0.8057990752609412,,
feedback_ring,128,smooth,128021,1.1,in_distribution,candidate_calibration,,,,,0.15363987568547266,0.18084590160258351
feedback_ring,128,smooth,128022,0.1,in_distribution,candidate,0.9615384615384616,0.9982616234641917,0.9985754985754985,0.9939914850759934,,
feedback_ring,128,smooth,128022,0.1,in_distribution,activity,0.9615384615384616,0.9962575670238,0.9922829421909688,0.9943233839956052,,
feedback_ring,128,smooth,128022,0.1,in_distribution,local_error,0.6923076923076923,0.8813859557887669,0.7942955675857241,0.7099146218641275,,
feedback_ring,128,smooth,128022,0.1,in_distribution,degree,0.11538461538461539,0.3029177035167281,0.16592841807809974,0.0,,
feedback_ring,128,smooth,128022,0.1,in_distribution,random_expected,0.2034615384615385,0.3825534955524198,0.23467157240766695,nan,,
feedback_ring,128,smooth,128022,0.1,in_distribution,selected_baseline,0.9615384615384616,0.9962575670238,0.9922829421909688,0.9943233839956052,,
feedback_ring,128,smooth,128022,0.1,in_distribution,candidate_calibration,,,,,0.06642081486993513,0.2090304728430327
feedback_ring,128,smooth,128022,1.1,in_distribution,candidate,0.7307692307692307,0.9188722276854392,0.8130879374065713,0.6231459439663065,,
feedback_ring,128,smooth,128022,1.1,in_distribution,activity,0.6923076923076923,0.824515856366743,0.7269343990528062,0.7428069492766892,,
feedback_ring,128,smooth,128022,1.1,in_distribution,local_error,0.5769230769230769,0.8067924885660356,0.5729187580254747,0.6969820087895989,,
feedback_ring,128,smooth,128022,1.1,in_distribution,degree,0.15384615384615385,0.3459077634825853,0.17166219966946766,0.0,,
feedback_ring,128,smooth,128022,1.1,in_distribution,random_expected,0.20384615384615384,0.4181223256865658,0.23351917814546158,nan,,
feedback_ring,128,smooth,128022,1.1,in_distribution,selected_baseline,0.6923076923076923,0.824515856366743,0.7269343990528062,0.7428069492766892,,
feedback_ring,128,smooth,128022,1.1,in_distribution,candidate_calibration,,,,,0.1646032139465232,0.14919762977555623
feedback_ring,128,smooth,128023,0.1,in_distribution,candidate,0.9615384615384616,0.9908009037186576,0.9960212201591513,0.9850588262223036,,
feedback_ring,128,smooth,128023,0.1,in_distribution,activity,0.9615384615384616,0.9969629816303064,0.9972527472527472,0.990781221388024,,
feedback_ring,128,smooth,128023,0.1,in_distribution,local_error,0.6923076923076923,0.7874143043962761,0.6680744669666606,0.7680427119575169,,
feedback_ring,128,smooth,128023,0.1,in_distribution,degree,0.15384615384615385,0.37897503447624253,0.220450929822404,0.0,,
feedback_ring,128,smooth,128023,0.1,in_distribution,random_expected,0.20461538461538464,0.36858803011208635,0.22777985171663842,nan,,
feedback_ring,128,smooth,128023,0.1,in_distribution,selected_baseline,0.9615384615384616,0.9969629816303064,0.9972527472527472,0.990781221388024,,
feedback_ring,128,smooth,128023,0.1,in_distribution,candidate_calibration,,,,,0.06502565120070983,0.2037152009222922
feedback_ring,128,smooth,128023,1.1,in_distribution,candidate,0.8461538461538461,0.9699583674033188,0.9222779951164062,0.7630413385826771,,
feedback_ring,128,smooth,128023,1.1,in_distribution,activity,0.5769230769230769,0.6505281020765097,0.6080916806827154,0.7236712598425196,,
feedback_ring,128,smooth,128023,1.1,in_distribution,local_error,0.5384615384615384,0.8530362269928315,0.6585817858654172,0.5919245559421351,,
feedback_ring,128,smooth,128023,1.1,in_distribution,degree,0.23076923076923078,0.3225464760821655,0.21183259794222128,0.0,,
feedback_ring,128,smooth,128023,1.1,in_distribution,random_expected,0.2080769230769231,0.30773408258186596,0.22539380440872392,nan,,
feedback_ring,128,smooth,128023,1.1,in_distribution,selected_baseline,0.5769230769230769,0.6505281020765097,0.6080916806827154,0.7236712598425196,,
feedback_ring,128,smooth,128023,1.1,in_distribution,candidate_calibration,,,,,0.14287723087718318,0.19206219182069137
feedback_ring,128,smooth,128024,0.1,in_distribution,candidate,0.9230769230769231,0.9973766898883036,0.9859872890642123,0.9940315418421535,,
feedback_ring,128,smooth,128024,0.1,in_distribution,activity,0.9230769230769231,0.9961444416570887,0.9869388325232519,0.9947811756088628,,
feedback_ring,128,smooth,128024,0.1,in_distribution,local_error,0.7307692307692307,0.8992127635600243,0.8280995230891584,0.7385094305072331,,
feedback_ring,128,smooth,128024,0.1,in_distribution,degree,0.11538461538461539,0.336225390710089,0.2147895721595074,0.0,,
feedback_ring,128,smooth,128024,0.1,in_distribution,random_expected,0.19500000000000003,0.39889920479875535,0.2243335012944521,nan,,
feedback_ring,128,smooth,128024,0.1,in_distribution,selected_baseline,0.9230769230769231,0.9961444416570887,0.9869388325232519,0.9947811756088628,,
feedback_ring,128,smooth,128024,0.1,in_distribution,candidate_calibration,,,,,0.07608278444446333,0.19440953648621906
feedback_ring,128,smooth,128024,1.1,in_distribution,candidate,0.7692307692307693,0.9485876307648984,0.8597482885687779,0.7525235762680828,,
feedback_ring,128,smooth,128024,1.1,in_distribution,activity,0.7307692307692307,0.8421561239846479,0.8851889357395515,0.8473665537447354,,
feedback_ring,128,smooth,128024,1.1,in_distribution,local_error,0.5769230769230769,0.7381693677140665,0.6340044755965508,0.6279126991393517,,
feedback_ring,128,smooth,128024,1.1,in_distribution,degree,0.07692307692307693,0.30962641889705894,0.16494072271260526,0.0,,
feedback_ring,128,smooth,128024,1.1,in_distribution,random_expected,0.20884615384615388,0.39090738282743714,0.23017999423248858,nan,,
feedback_ring,128,smooth,128024,1.1,in_distribution,selected_baseline,0.7307692307692307,0.8421561239846479,0.8851889357395515,0.8473665537447354,,
feedback_ring,128,smooth,128024,1.1,in_distribution,candidate_calibration,,,,,0.16179350382090205,0.19143185678834168
feedback_ring,128,smooth,128025,0.1,in_distribution,candidate,1.0,0.9989879925426641,1.0,0.9937168101080388,,
feedback_ring,128,smooth,128025,0.1,in_distribution,activity,0.9615384615384616,0.9973810646177038,0.9922829421909688,0.9961774400292986,,
feedback_ring,128,smooth,128025,0.1,in_distribution,local_error,0.6538461538461539,0.9176422988802511,0.7945474777566547,0.7422633217359458,,
feedback_ring,128,smooth,128025,0.1,in_distribution,degree,0.11538461538461539,0.3793000729011659,0.20978342050510587,0.0,,
feedback_ring,128,smooth,128025,0.1,in_distribution,random_expected,0.20500000000000004,0.36743454195553854,0.23422054592025476,nan,,
feedback_ring,128,smooth,128025,0.1,in_distribution,selected_baseline,0.9615384615384616,0.9973810646177038,0.9922829421909688,0.9961774400292986,,
feedback_ring,128,smooth,128025,0.1,in_distribution,candidate_calibration,,,,,0.06453416739573777,0.20763486860359914
feedback_ring,128,smooth,128025,1.1,in_distribution,candidate,0.6153846153846154,0.9142725110768201,0.7714340160986135,0.6807761856802783,,
feedback_ring,128,smooth,128025,1.1,in_distribution,activity,0.6153846153846154,0.8020662041535945,0.7153942938061806,0.8112868522248672,,
feedback_ring,128,smooth,128025,1.1,in_distribution,local_error,0.5384615384615384,0.8196738323857552,0.6160212667089078,0.7006443416956601,,
feedback_ring,128,smooth,128025,1.1,in_distribution,degree,0.15384615384615385,0.4004599171282202,0.23177282873956706,0.0,,
feedback_ring,128,smooth,128025,1.1,in_distribution,random_expected,0.20269230769230773,0.41969672190073526,0.23522995911995787,nan,,
feedback_ring,128,smooth,128025,1.1,in_distribution,selected_baseline,0.6153846153846154,0.8020662041535945,0.7153942938061806,0.8112868522248672,,
feedback_ring,128,smooth,128025,1.1,in_distribution,candidate_calibration,,,,,0.16548639886676764,0.17873993862637538
modular_sparse,16,smooth,16021,0.1,in_distribution,candidate,1.0,1.0,1.0,0.988235294117647,,
modular_sparse,16,smooth,16021,0.1,in_distribution,activity,1.0,1.0,1.0,0.9941176470588234,,
modular_sparse,16,smooth,16021,0.1,in_distribution,local_error,0.75,0.9336795800127857,0.8928571428571428,0.6411764705882352,,
modular_sparse,16,smooth,16021,0.1,in_distribution,degree,0.25,0.26761394695665,0.29775641025641025,-0.14043055648238234,,
modular_sparse,16,smooth,16021,0.1,in_distribution,random_expected,0.2625,0.41866621560248307,0.3690720113220113,nan,,
modular_sparse,16,smooth,16021,0.1,in_distribution,selected_baseline,1.0,1.0,1.0,0.9941176470588234,,
modular_sparse,16,smooth,16021,0.1,in_distribution,candidate_calibration,,,,,0.06369624435682596,0.21432867019487215
modular_sparse,16,smooth,16021,1.1,in_distribution,candidate,0.75,0.9024743775225363,0.7986111111111112,0.7294117647058823,,
modular_sparse,16,smooth,16021,1.1,in_distribution,activity,0.5,0.8316185528767216,0.5916666666666667,0.5823529411764706,,
modular_sparse,16,smooth,16021,1.1,in_distribution,local_error,0.5,0.9266079750342986,0.7928571428571429,0.7794117647058825,,
modular_sparse,16,smooth,16021,1.1,in_distribution,degree,0.5,0.566520019958035,0.36874999999999997,0.0842583338894294,,
modular_sparse,16,smooth,16021,1.1,in_distribution,random_expected,0.24,0.5429553187975728,0.3462564726939727,nan,,
modular_sparse,16,smooth,16021,1.1,in_distribution,selected_baseline,0.5,0.8316185528767216,0.5916666666666667,0.5823529411764706,,
modular_sparse,16,smooth,16021,1.1,in_distribution,candidate_calibration,,,,,0.19842583491280785,0.2689822449907423
modular_sparse,16,smooth,16022,0.1,in_distribution,candidate,1.0,1.0,1.0,0.9941176470588234,,
modular_sparse,16,smooth,16022,0.1,in_distribution,activity,1.0,1.0,1.0,0.9941176470588234,,
modular_sparse,16,smooth,16022,0.1,in_distribution,local_error,0.75,0.9133494073901195,0.8303571428571428,0.6735294117647058,,
modular_sparse,16,smooth,16022,0.1,in_distribution,degree,0.5,0.6276516174053529,0.36607142857142855,0.08902429903655706,,
modular_sparse,16,smooth,16022,0.1,in_distribution,random_expected,0.27,0.42488174863043715,0.38781918775668767,nan,,
modular_sparse,16,smooth,16022,0.1,in_distribution,selected_baseline,1.0,1.0,1.0,0.9941176470588234,,
modular_sparse,16,smooth,16022,0.1,in_distribution,candidate_calibration,,,,,0.05834073182026043,0.21163333307546708
modular_sparse,16,smooth,16022,1.1,in_distribution,candidate,0.75,0.9649983943404717,0.8333333333333334,0.8705882352941177,,
modular_sparse,16,smooth,16022,1.1,in_distribution,activity,0.75,0.6146391106062201,0.6791666666666667,0.6029411764705882,,
modular_sparse,16,smooth,16022,1.1,in_distribution,local_error,0.75,0.5877608136733514,0.6791666666666667,0.5088235294117647,,
modular_sparse,16,smooth,16022,1.1,in_distribution,degree,0.25,0.40502511130351376,0.22023809523809523,-0.13947140182393938,,
modular_sparse,16,smooth,16022,1.1,in_distribution,random_expected,0.245,0.45908929906162227,0.37773040154290155,nan,,
modular_sparse,16,smooth,16022,1.1,in_distribution,selected_baseline,0.75,0.6146391106062201,0.6791666666666667,0.6029411764705882,,
modular_sparse,16,smooth,16022,1.1,in_distribution,candidate_calibration,,,,,0.19793251093309328,0.2685073907990215
modular_sparse,16,smooth,16023,0.1,in_distribution,candidate,1.0,0.9998661279082539,1.0,0.988235294117647,,
modular_sparse,16,smooth,16023,0.1,in_distribution,activity,1.0,0.9998661279082539,1.0,0.9970588235294118,,
modular_sparse,16,smooth,16023,0.1,in_distribution,local_error,0.5,0.856565232348184,0.8166666666666667,0.75,,
modular_sparse,16,smooth,16023,0.1,in_distribution,degree,0.0,0.38152507480509734,0.21666666666666667,-0.22306219940452582,,
modular_sparse,16,smooth,16023,0.1,in_distribution,random_expected,0.2625,0.5544870926818428,0.37437469474969476,nan,,
modular_sparse,16,smooth,16023,0.1,in_distribution,selected_baseline,1.0,0.9998661279082539,1.0,0.9970588235294118,,
modular_sparse,16,smooth,16023,0.1,in_distribution,candidate_calibration,,,,,0.11202846102114628,0.2992010636963805
modular_sparse,16,smooth,16023,1.1,in_distribution,candidate,0.75,0.9429189803971714,0.95,0.8264705882352942,,
modular_sparse,16,smooth,16023,1.1,in_distribution,activity,0.0,0.6650405862374466,0.3060876623376624,0.55,,
modular_sparse,16,smooth,16023,1.1,in_distribution,local_error,0.0,0.6615620006103722,0.3068452380952381,0.5029411764705883,,
modular_sparse,16,smooth,16023,1.1,in_distribution,degree,0.5,0.5989963063845358,0.4285714285714286,0.16060478357125857,,
modular_sparse,16,smooth,16023,1.1,in_distribution,random_expected,0.2275,0.5956695896587025,0.3463535006660006,nan,,
modular_sparse,16,smooth,16023,1.1,in_distribution,selected_baseline,0.0,0.6650405862374466,0.3060876623376624,0.55,,
modular_sparse,16,smooth,16023,1.1,in_distribution,candidate_calibration,,,,,0.198222985274192,0.26431115126699556
modular_sparse,16,smooth,16024,0.1,in_distribution,candidate,0.75,0.9918525735952158,0.95,0.9941176470588234,,
modular_sparse,16,smooth,16024,0.1,in_distribution,activity,1.0,0.9987687830692737,1.0,0.9911764705882352,,
modular_sparse,16,smooth,16024,0.1,in_distribution,local_error,0.5,0.8038533228576832,0.8166666666666667,0.7647058823529411,,
modular_sparse,16,smooth,16024,0.1,in_distribution,degree,0.5,0.6330275701896847,0.47632575757575757,0.2643033264005866,,
modular_sparse,16,smooth,16024,0.1,in_distribution,random_expected,0.225,0.4918144796996671,0.35691354478854476,nan,,
modular_sparse,16,smooth,16024,0.1,in_distribution,selected_baseline,1.0,0.9987687830692737,1.0,0.9911764705882352,,
modular_sparse,16,smooth,16024,0.1,in_distribution,candidate_calibration,,,,,0.11194958283347053,0.24027993089485095
modular_sparse,16,smooth,16024,1.1,in_distribution,candidate,0.75,0.9785921987692163,0.9166666666666666,0.9,,
modular_sparse,16,smooth,16024,1.1,in_distribution,activity,0.75,0.907867253530777,0.7152777777777777,0.6764705882352942,,
modular_sparse,16,smooth,16024,1.1,in_distribution,local_error,0.25,0.7899773861935346,0.4409090909090909,0.6382352941176471,,
modular_sparse,16,smooth,16024,1.1,in_distribution,degree,0.25,0.6094201759787292,0.2682109557109557,0.07424250741589512,,
modular_sparse,16,smooth,16024,1.1,in_distribution,random_expected,0.2275,0.5292662824702643,0.3483095723720724,nan,,
modular_sparse,16,smooth,16024,1.1,in_distribution,selected_baseline,0.75,0.907867253530777,0.7152777777777777,0.6764705882352942,,
modular_sparse,16,smooth,16024,1.1,in_distribution,candidate_calibration,,,,,0.20056349794170125,0.2688834028702463
modular_sparse,16,smooth,16025,0.1,in_distribution,candidate,1.0,1.0,1.0,0.9852941176470588,,
modular_sparse,16,smooth,16025,0.1,in_distribution,activity,1.0,1.0,1.0,0.961764705882353,,
modular_sparse,16,smooth,16025,0.1,in_distribution,local_error,0.5,0.9450221127639852,0.7333333333333333,0.8294117647058824,,
modular_sparse,16,smooth,16025,0.1,in_distribution,degree,0.5,0.45067966444667995,0.6041666666666666,-0.12103403435714635,,
modular_sparse,16,smooth,16025,0.1,in_distribution,random_expected,0.23,0.525222396397284,0.35925049950049953,nan,,
modular_sparse,16,smooth,16025,0.1,in_distribution,selected_baseline,1.0,1.0,1.0,0.961764705882353,,
modular_sparse,16,smooth,16025,0.1,in_distribution,candidate_calibration,,,,,0.09737007446738129,0.28333157474338944
modular_sparse,16,smooth,16025,1.1,in_distribution,candidate,0.75,0.9552916395740082,0.85,0.8382352941176471,,
modular_sparse,16,smooth,16025,1.1,in_distribution,activity,0.5,0.5871665568591443,0.6845238095238095,0.6676470588235294,,
modular_sparse,16,smooth,16025,1.1,in_distribution,local_error,0.5,0.9056710941223033,0.7019230769230769,0.5764705882352941,,
modular_sparse,16,smooth,16025,1.1,in_distribution,degree,0.0,0.1932643936182575,0.2595238095238095,-0.24354409352352618,,
modular_sparse,16,smooth,16025,1.1,in_distribution,random_expected,0.265,0.4664968413429203,0.3797685023310023,nan,,
modular_sparse,16,smooth,16025,1.1,in_distribution,selected_baseline,0.5,0.5871665568591443,0.6845238095238095,0.6676470588235294,,
modular_sparse,16,smooth,16025,1.1,in_distribution,candidate_calibration,,,,,0.18804837283064468,0.2606785859596702
modular_sparse,64,smooth,64021,0.1,in_distribution,candidate,1.0,0.9993036182641402,1.0,0.9886904761904761,,
modular_sparse,64,smooth,64021,0.1,in_distribution,activity,1.0,0.9894368265277268,1.0,0.9889652014652014,,
modular_sparse,64,smooth,64021,0.1,in_distribution,local_error,0.7692307692307693,0.8643897075980014,0.7281307581307581,0.7878205128205127,,
modular_sparse,64,smooth,64021,0.1,in_distribution,degree,0.23076923076923078,0.38766800660647865,0.2942096972820493,-0.03435363878527031,,
modular_sparse,64,smooth,64021,0.1,in_distribution,random_expected,0.1992307692307692,0.38397600044132263,0.24667273725556274,nan,,
modular_sparse,64,smooth,64021,0.1,in_distribution,selected_baseline,1.0,0.9894368265277268,1.0,0.9889652014652014,,
modular_sparse,64,smooth,64021,0.1,in_distribution,candidate_calibration,,,,,0.057686223061370126,0.20055378543890962
modular_sparse,64,smooth,64021,1.1,in_distribution,candidate,0.8461538461538461,0.9770976536336778,0.9709114414996769,0.8704212454212454,,
modular_sparse,64,smooth,64021,1.1,in_distribution,activity,0.5384615384615384,0.7020357810329894,0.6598637117867886,0.7852564102564102,,
modular_sparse,64,smooth,64021,1.1,in_distribution,local_error,0.6153846153846154,0.8753535816775628,0.6536255162853628,0.7205128205128204,,
modular_sparse,64,smooth,64021,1.1,in_distribution,degree,0.15384615384615385,0.2313548588087421,0.18153489290134336,-0.08444124413419442,,
modular_sparse,64,smooth,64021,1.1,in_distribution,random_expected,0.20384615384615384,0.34397316817637497,0.2464624806050183,nan,,
modular_sparse,64,smooth,64021,1.1,in_distribution,selected_baseline,0.5384615384615384,0.7020357810329894,0.6598637117867886,0.7852564102564102,,
modular_sparse,64,smooth,64021,1.1,in_distribution,candidate_calibration,,,,,0.15163683721011517,0.21570979825999964
modular_sparse,64,smooth,64022,0.1,in_distribution,candidate,1.0,0.9959291845117795,1.0,0.9986263736263734,,
modular_sparse,64,smooth,64022,0.1,in_distribution,activity,0.9230769230769231,0.9995875950351019,0.9945054945054945,0.996245421245421,,
modular_sparse,64,smooth,64022,0.1,in_distribution,local_error,0.6923076923076923,0.938898549162137,0.834970828391881,0.8785256410256409,,
modular_sparse,64,smooth,64022,0.1,in_distribution,degree,0.15384615384615385,0.3380059721877185,0.23286449059530262,0.019261602113204025,,
modular_sparse,64,smooth,64022,0.1,in_distribution,random_expected,0.19307692307692303,0.38628033688762153,0.24044693932079317,nan,,
modular_sparse,64,smooth,64022,0.1,in_distribution,selected_baseline,0.9230769230769231,0.9995875950351019,0.9945054945054945,0.996245421245421,,
modular_sparse,64,smooth,64022,0.1,in_distribution,candidate_calibration,,,,,0.11214283503150571,0.252755400098471
modular_sparse,64,smooth,64022,1.1,in_distribution,candidate,0.8461538461538461,0.9531708785167972,0.9436879359956284,0.6854395604395603,,
modular_sparse,64,smooth,64022,1.1,in_distribution,activity,0.5384615384615384,0.7586561187500334,0.6755323179236221,0.8541208791208791,,
modular_sparse,64,smooth,64022,1.1,in_distribution,local_error,0.5384615384615384,0.7001220703657194,0.4519329720164263,0.7512362637362636,,
modular_sparse,64,smooth,64022,1.1,in_distribution,degree,0.23076923076923078,0.30238857354795295,0.22756425150429438,0.01736063543615773,,
modular_sparse,64,smooth,64022,1.1,in_distribution,random_expected,0.2076923076923077,0.36921970595655096,0.24867803230433444,nan,,
modular_sparse,64,smooth,64022,1.1,in_distribution,selected_baseline,0.5384615384615384,0.7586561187500334,0.6755323179236221,0.8541208791208791,,
modular_sparse,64,smooth,64022,1.1,in_distribution,candidate_calibration,,,,,0.15561936891410794,0.2153536860257645
modular_sparse,64,smooth,64023,0.1,in_distribution,candidate,0.9230769230769231,0.9960782914288064,0.9819004524886878,0.9900183150183148,,
modular_sparse,64,smooth,64023,0.1,in_distribution,activity,0.9230769230769231,0.9914983000373351,0.9757085020242915,0.989606227106227,,
modular_sparse,64,smooth,64023,0.1,in_distribution,local_error,0.6923076923076923,0.7988644200575741,0.7937062937062935,0.7830128205128205,,
modular_sparse,64,smooth,64023,0.1,in_distribution,degree,0.07692307692307693,0.4095558088717763,0.2179715146414695,0.263241058004782,,
modular_sparse,64,smooth,64023,0.1,in_distribution,random_expected,0.20076923076923073,0.3912514398388246,0.2506862216972194,nan,,
modular_sparse,64,smooth,64023,0.1,in_distribution,selected_baseline,0.9230769230769231,0.9914983000373351,0.9757085020242915,0.989606227106227,,
modular_sparse,64,smooth,64023,0.1,in_distribution,candidate_calibration,,,,,0.06945671390011599,0.21005389748124534
modular_sparse,64,smooth,64023,1.1,in_distribution,candidate,0.7692307692307693,0.960781375530313,0.9046239474810904,0.7789835164835164,,
modular_sparse,64,smooth,64023,1.1,in_distribution,activity,0.6923076923076923,0.8077941824502733,0.8222988351649937,0.8657051282051281,,
modular_sparse,64,smooth,64023,1.1,in_distribution,local_error,0.6153846153846154,0.8698847270339746,0.8059737718944879,0.77257326007326,,
modular_sparse,64,smooth,64023,1.1,in_distribution,degree,0.23076923076923078,0.35159721465418037,0.28384888397263613,0.237503153586082,,
modular_sparse,64,smooth,64023,1.1,in_distribution,random_expected,0.20615384615384616,0.3427802044704127,0.2531499887382951,nan,,
modular_sparse,64,smooth,64023,1.1,in_distribution,selected_baseline,0.6923076923076923,0.8077941824502733,0.8222988351649937,0.8657051282051281,,
modular_sparse,64,smooth,64023,1.1,in_distribution,candidate_calibration,,,,,0.157763733236,0.20599817196705522
modular_sparse,64,smooth,64024,0.1,in_distribution,candidate,0.9230769230769231,0.9992569370275926,0.9945054945054945,0.9874999999999998,,
modular_sparse,64,smooth,64024,0.1,in_distribution,activity,1.0,0.9995476030484057,1.0,0.9902930402930401,,
modular_sparse,64,smooth,64024,0.1,in_distribution,local_error,0.8461538461538461,0.9236167352608263,0.8592529265606189,0.8117673992673992,,
modular_sparse,64,smooth,64024,0.1,in_distribution,degree,0.15384615384615385,0.2693261079993663,0.22510283701342182,-0.046988780714445635,,
modular_sparse,64,smooth,64024,0.1,in_distribution,random_expected,0.2192307692307692,0.35466322585262233,0.2553808796747774,nan,,
modular_sparse,64,smooth,64024,0.1,in_distribution,selected_baseline,1.0,0.9995476030484057,1.0,0.9902930402930401,,
modular_sparse,64,smooth,64024,0.1,in_distribution,candidate_calibration,,,,,0.06255873655725455,0.19252316229655586
modular_sparse,64,smooth,64024,1.1,in_distribution,candidate,0.6923076923076923,0.9087178864851003,0.7794051116353674,0.7319139194139193,,
modular_sparse,64,smooth,64024,1.1,in_distribution,activity,0.6923076923076923,0.8998129849954445,0.8371990319926752,0.8620421245421244,,
modular_sparse,64,smooth,64024,1.1,in_distribution,local_error,0.6923076923076923,0.8822268421143735,0.6807816366639897,0.8770146520146519,,
modular_sparse,64,smooth,64024,1.1,in_distribution,degree,0.23076923076923078,0.3973245520248969,0.1999563118444606,-0.09228303424913056,,
modular_sparse,64,smooth,64024,1.1,in_distribution,random_expected,0.20384615384615387,0.4027218248512298,0.255614828802921,nan,,
modular_sparse,64,smooth,64024,1.1,in_distribution,selected_baseline,0.6923076923076923,0.8998129849954445,0.8371990319926752,0.8620421245421244,,
modular_sparse,64,smooth,64024,1.1,in_distribution,candidate_calibration,,,,,0.16214804562525176,0.19627452863744674
modular_sparse,64,smooth,64025,0.1,in_distribution,candidate,0.9230769230769231,0.9999753866804278,0.9945054945054945,0.9922619047619047,,
modular_sparse,64,smooth,64025,0.1,in_distribution,activity,1.0,0.9998770286987553,1.0,0.9958791208791208,,
modular_sparse,64,smooth,64025,0.1,in_distribution,local_error,0.8461538461538461,0.9394460717719402,0.8339217218176493,0.9166208791208791,,
modular_sparse,64,smooth,64025,0.1,in_distribution,degree,0.07692307692307693,0.27597217891243814,0.1958355685837812,0.1536805590720559,,
modular_sparse,64,smooth,64025,0.1,in_distribution,random_expected,0.1915384615384615,0.35626425917043214,0.2439748313747833,nan,,
modular_sparse,64,smooth,64025,0.1,in_distribution,selected_baseline,1.0,0.9998770286987553,1.0,0.9958791208791208,,
modular_sparse,64,smooth,64025,0.1,in_distribution,candidate_calibration,,,,,0.05710707856057016,0.19094288288481184
modular_sparse,64,smooth,64025,1.1,in_distribution,candidate,0.7692307692307693,0.9588546067241274,0.8776901161516546,0.7783882783882783,,
modular_sparse,64,smooth,64025,1.1,in_distribution,activity,0.6153846153846154,0.7972839261836463,0.7364843489843491,0.9332875457875458,,
modular_sparse,64,smooth,64025,1.1,in_distribution,local_error,0.5384615384615384,0.8056129069127618,0.5412684736863848,0.8861263736263735,,
modular_sparse,64,smooth,64025,1.1,in_distribution,degree,0.23076923076923078,0.35891227130174863,0.3195465206193567,0.2057395621675526,,
modular_sparse,64,smooth,64025,1.1,in_distribution,random_expected,0.19923076923076924,0.39032444871245614,0.24029657701878043,nan,,
modular_sparse,64,smooth,64025,1.1,in_distribution,selected_baseline,0.6153846153846154,0.7972839261836463,0.7364843489843491,0.9332875457875458,,
modular_sparse,64,smooth,64025,1.1,in_distribution,candidate_calibration,,,,,0.1632192205484337,0.21069408735553002
modular_sparse,128,smooth,128021,0.1,in_distribution,candidate,0.9615384615384616,0.9974065207173257,0.9985754985754985,0.995164576084966,,
modular_sparse,128,smooth,128021,0.1,in_distribution,activity,0.9615384615384616,0.9956124740732658,0.9897286637746215,0.9944836110602452,,
modular_sparse,128,smooth,128021,0.1,in_distribution,local_error,0.6923076923076923,0.890801073318103,0.7610926591602412,0.8646367423548801,,
modular_sparse,128,smooth,128021,0.1,in_distribution,degree,0.19230769230769232,0.4758388317357564,0.2467435631340913,0.07103141866953233,,
modular_sparse,128,smooth,128021,0.1,in_distribution,random_expected,0.20192307692307693,0.4247808828348618,0.23064876421123126,nan,,
modular_sparse,128,smooth,128021,0.1,in_distribution,selected_baseline,0.9615384615384616,0.9956124740732658,0.9897286637746215,0.9944836110602452,,
modular_sparse,128,smooth,128021,0.1,in_distribution,candidate_calibration,,,,,0.0823875682524279,0.23577310089309042
modular_sparse,128,smooth,128021,1.1,in_distribution,candidate,0.7692307692307693,0.9760537437928041,0.8624467580712007,0.8118705365317707,,
modular_sparse,128,smooth,128021,1.1,in_distribution,activity,0.6923076923076923,0.7109593879305717,0.7249422627041459,0.8501648049807727,,
modular_sparse,128,smooth,128021,1.1,in_distribution,local_error,0.5384615384615384,0.8432152640831052,0.5692654025268815,0.7573704449734481,,
modular_sparse,128,smooth,128021,1.1,in_distribution,degree,0.23076923076923078,0.33805706629340354,0.2286641769324289,0.0733951263409945,,
modular_sparse,128,smooth,128021,1.1,in_distribution,random_expected,0.19423076923076923,0.3247755047785783,0.224975643020836,nan,,
modular_sparse,128,smooth,128021,1.1,in_distribution,selected_baseline,0.6923076923076923,0.7109593879305717,0.7249422627041459,0.8501648049807727,,
modular_sparse,128,smooth,128021,1.1,in_distribution,candidate_calibration,,,,,0.1544243513283885,0.196932650344775
modular_sparse,128,smooth,128022,0.1,in_distribution,candidate,0.9615384615384616,0.9999812149947406,0.9970962086346701,0.9952790239882805,,
modular_sparse,128,smooth,128022,0.1,in_distribution,activity,0.9615384615384616,0.9967272071634247,0.9955577470962086,0.9958169291338582,,
modular_sparse,128,smooth,128022,0.1,in_distribution,local_error,0.7307692307692307,0.8930688345473125,0.826991021113445,0.8372894158579014,,
modular_sparse,128,smooth,128022,0.1,in_distribution,degree,0.23076923076923078,0.42198709319775707,0.21823331064303922,-0.09476133001690823,,
modular_sparse,128,smooth,128022,0.1,in_distribution,random_expected,0.19769230769230767,0.38258729377766393,0.2324639711494722,nan,,
modular_sparse,128,smooth,128022,0.1,in_distribution,selected_baseline,0.9615384615384616,0.9967272071634247,0.9955577470962086,0.9958169291338582,,
modular_sparse,128,smooth,128022,0.1,in_distribution,candidate_calibration,,,,,0.0665610679513716,0.20942104345863508
modular_sparse,128,smooth,128022,1.1,in_distribution,candidate,0.7307692307692307,0.9644933477255216,0.7931962465000274,0.7625778245742537,,
modular_sparse,128,smooth,128022,1.1,in_distribution,activity,0.6923076923076923,0.825172405488799,0.7795460685199562,0.8336900292986632,,
modular_sparse,128,smooth,128022,1.1,in_distribution,local_error,0.6153846153846154,0.8211241686919866,0.6512424379665649,0.8232466581212232,,
modular_sparse,128,smooth,128022,1.1,in_distribution,degree,0.23076923076923078,0.42131153205908944,0.27412612465150704,-0.09077252384353594,,
modular_sparse,128,smooth,128022,1.1,in_distribution,random_expected,0.1965384615384616,0.3762960995174367,0.22108444292503943,nan,,
modular_sparse,128,smooth,128022,1.1,in_distribution,selected_baseline,0.6923076923076923,0.825172405488799,0.7795460685199562,0.8336900292986632,,
modular_sparse,128,smooth,128022,1.1,in_distribution,candidate_calibration,,,,,0.1654032940885698,0.1679844419049934
modular_sparse,128,smooth,128023,0.1,in_distribution,candidate,0.9615384615384616,0.9913226007216788,0.9948717948717949,0.9890072788866507,,
modular_sparse,128,smooth,128023,0.1,in_distribution,activity,0.9615384615384616,0.9965756932994989,0.9970962086346701,0.9914621864127448,,
modular_sparse,128,smooth,128023,0.1,in_distribution,local_error,0.6923076923076923,0.8059463083959235,0.6832898853134857,0.8415754898370261,,
modular_sparse,128,smooth,128023,0.1,in_distribution,degree,0.11538461538461539,0.3311209201837074,0.16621688548724126,-0.03948153518817244,,
modular_sparse,128,smooth,128023,0.1,in_distribution,random_expected,0.19230769230769235,0.35640949561689333,0.22618961318756625,nan,,
modular_sparse,128,smooth,128023,0.1,in_distribution,selected_baseline,0.9615384615384616,0.9965756932994989,0.9970962086346701,0.9914621864127448,,
modular_sparse,128,smooth,128023,0.1,in_distribution,candidate_calibration,,,,,0.06438409497730035,0.2040647652895623
modular_sparse,128,smooth,128023,1.1,in_distribution,candidate,0.8076923076923077,0.9777924120512328,0.918879079977859,0.7607867148873833,,
modular_sparse,128,smooth,128023,1.1,in_distribution,activity,0.6153846153846154,0.5862251649595437,0.6684242653985701,0.8294154001098699,,
modular_sparse,128,smooth,128023,1.1,in_distribution,local_error,0.6153846153846154,0.8854671556303711,0.7648956972119975,0.780717817249588,,
modular_sparse,128,smooth,128023,1.1,in_distribution,degree,0.23076923076923078,0.5143277155147595,0.2674751082217691,0.01139204113822675,,
modular_sparse,128,smooth,128023,1.1,in_distribution,random_expected,0.20423076923076924,0.29896335329517393,0.234695513624194,nan,,
modular_sparse,128,smooth,128023,1.1,in_distribution,selected_baseline,0.6153846153846154,0.5862251649595437,0.6684242653985701,0.8294154001098699,,
modular_sparse,128,smooth,128023,1.1,in_distribution,candidate_calibration,,,,,0.14246931109975802,0.17800928816415695
modular_sparse,128,smooth,128024,0.1,in_distribution,candidate,0.9615384615384616,0.9996393861770964,0.9955577470962086,0.9978026002563632,,
modular_sparse,128,smooth,128024,0.1,in_distribution,activity,0.9230769230769231,0.9960986062347212,0.9857894072358955,0.9962575535616188,,
modular_sparse,128,smooth,128024,0.1,in_distribution,local_error,0.7692307692307693,0.9446178319769095,0.8620462306243145,0.8666052462918878,,
modular_sparse,128,smooth,128024,0.1,in_distribution,degree,0.23076923076923078,0.40042795256692487,0.2157451327634631,-0.010530080871793818,,
modular_sparse,128,smooth,128024,0.1,in_distribution,random_expected,0.2026923076923077,0.4002029545998671,0.22678436103722013,nan,,
modular_sparse,128,smooth,128024,0.1,in_distribution,selected_baseline,0.9230769230769231,0.9960986062347212,0.9857894072358955,0.9962575535616188,,
modular_sparse,128,smooth,128024,0.1,in_distribution,candidate_calibration,,,,,0.0756672612345775,0.2122628741594687
modular_sparse,128,smooth,128024,1.1,in_distribution,candidate,0.7307692307692307,0.9647515486694173,0.8078149044350482,0.7388470518220106,,
modular_sparse,128,smooth,128024,1.1,in_distribution,activity,0.7307692307692307,0.8612932913198736,0.8680707335574702,0.9012486266251603,,
modular_sparse,128,smooth,128024,1.1,in_distribution,local_error,0.5384615384615384,0.7325953402867887,0.6123789027401823,0.7917162607581029,,
modular_sparse,128,smooth,128024,1.1,in_distribution,degree,0.15384615384615385,0.33081544754407693,0.18055721276165734,-0.058072823720939006,,
modular_sparse,128,smooth,128024,1.1,in_distribution,random_expected,0.1953846153846154,0.39200622267675755,0.22639967502214353,nan,,
modular_sparse,128,smooth,128024,1.1,in_distribution,selected_baseline,0.7307692307692307,0.8612932913198736,0.8680707335574702,0.9012486266251603,,
modular_sparse,128,smooth,128024,1.1,in_distribution,candidate_calibration,,,,,0.16374170644312058,0.16350146676869887
modular_sparse,128,smooth,128025,0.1,in_distribution,candidate,1.0,0.999971988098785,1.0,0.9984091741439297,,
modular_sparse,128,smooth,128025,0.1,in_distribution,activity,0.9230769230769231,0.9975423907146637,0.9820872026716219,0.9970129097234939,,
modular_sparse,128,smooth,128025,0.1,in_distribution,local_error,0.6923076923076923,0.9440965596091219,0.8568226852119147,0.8669485900018311,,
modular_sparse,128,smooth,128025,0.1,in_distribution,degree,0.038461538461538464,0.20102913251677543,0.17431872111591803,-0.18331108624600762,,
modular_sparse,128,smooth,128025,0.1,in_distribution,random_expected,0.20769230769230773,0.37221681699869963,0.23218721950353977,nan,,
modular_sparse,128,smooth,128025,0.1,in_distribution,selected_baseline,0.9230769230769231,0.9975423907146637,0.9820872026716219,0.9970129097234939,,
modular_sparse,128,smooth,128025,0.1,in_distribution,candidate_calibration,,,,,0.06745325431465679,0.21078399267754777
modular_sparse,128,smooth,128025,1.1,in_distribution,candidate,0.7307692307692307,0.9281853557097481,0.7952864578166152,0.6716260758102911,,
modular_sparse,128,smooth,128025,1.1,in_distribution,activity,0.5769230769230769,0.8152273152770811,0.6281766898817647,0.8672118201794542,,
modular_sparse,128,smooth,128025,1.1,in_distribution,local_error,0.5384615384615384,0.8290330785768317,0.6518187767072566,0.8134270280168466,,
modular_sparse,128,smooth,128025,1.1,in_distribution,degree,0.07692307692307693,0.2871941401359355,0.16163196253728934,-0.18016061473470832,,
modular_sparse,128,smooth,128025,1.1,in_distribution,random_expected,0.1969230769230769,0.4284240898648147,0.22634561283340462,nan,,
modular_sparse,128,smooth,128025,1.1,in_distribution,selected_baseline,0.5769230769230769,0.8152273152770811,0.6281766898817647,0.8672118201794542,,
modular_sparse,128,smooth,128025,1.1,in_distribution,candidate_calibration,,,,,0.16670436849422504,0.1949954165765176
chain,16,sparse_pulse,16021,0.1,in_distribution,candidate,1.0,1.0,1.0,0.9941176470588234,,
chain,16,sparse_pulse,16021,0.1,in_distribution,activity,0.75,0.9999548809068511,0.95,0.988235294117647,,
chain,16,sparse_pulse,16021,0.1,in_distribution,local_error,0.75,0.9069225469160053,0.8611111111111112,0.5705882352941177,,
chain,16,sparse_pulse,16021,0.1,in_distribution,degree,0.5,0.6337525293269378,0.726923076923077,0.24597601850723635,,
chain,16,sparse_pulse,16021,0.1,in_distribution,random_expected,0.23,0.40758740106830765,0.3675918595293596,nan,,
chain,16,sparse_pulse,16021,0.1,in_distribution,selected_baseline,0.75,0.9999548809068511,0.95,0.988235294117647,,
chain,16,sparse_pulse,16021,0.1,in_distribution,candidate_calibration,,,,,0.07267437188568716,0.2325329680603892
chain,16,sparse_pulse,16021,1.1,in_distribution,candidate,0.75,0.8617075882016271,0.7986111111111112,0.7176470588235294,,
chain,16,sparse_pulse,16021,1.1,in_distribution,activity,0.5,0.7122060650146991,0.6678571428571429,0.6205882352941177,,
chain,16,sparse_pulse,16021,1.1,in_distribution,local_error,0.25,0.6460430253814824,0.49374999999999997,0.14411764705882352,,
chain,16,sparse_pulse,16021,1.1,in_distribution,degree,0.0,0.28729464795817655,0.2207875457875458,-0.16398401233815757,,
chain,16,sparse_pulse,16021,1.1,in_distribution,random_expected,0.255,0.49372611606936184,0.3698993506493506,nan,,
chain,16,sparse_pulse,16021,1.1,in_distribution,selected_baseline,0.5,0.7122060650146991,0.6678571428571429,0.6205882352941177,,
chain,16,sparse_pulse,16021,1.1,in_distribution,candidate_calibration,,,,,0.20064056325760268,0.2713154320503044
chain,16,sparse_pulse,16022,0.1,in_distribution,candidate,1.0,1.0,1.0,0.9911764705882352,,
chain,16,sparse_pulse,16022,0.1,in_distribution,activity,1.0,1.0,1.0,0.9941176470588234,,
chain,16,sparse_pulse,16022,0.1,in_distribution,local_error,0.75,0.9402738857809952,0.875,0.788235294117647,,
chain,16,sparse_pulse,16022,0.1,in_distribution,degree,0.0,0.19655754197066647,0.2576048951048951,0.16398401233815757,,
chain,16,sparse_pulse,16022,0.1,in_distribution,random_expected,0.25,0.4052341131826986,0.36586999111999113,nan,,
chain,16,sparse_pulse,16022,0.1,in_distribution,selected_baseline,1.0,1.0,1.0,0.9941176470588234,,
chain,16,sparse_pulse,16022,0.1,in_distribution,candidate_calibration,,,,,0.05763129456865576,0.2114434060347287
chain,16,sparse_pulse,16022,1.1,in_distribution,candidate,0.75,0.9516804253309935,0.8333333333333334,0.4852941176470588,,
chain,16,sparse_pulse,16022,1.1,in_distribution,activity,0.5,0.819806741574464,0.8166666666666667,0.7294117647058823,,
chain,16,sparse_pulse,16022,1.1,in_distribution,local_error,0.5,0.7798896533137869,0.6666666666666666,0.611764705882353,,
chain,16,sparse_pulse,16022,1.1,in_distribution,degree,0.0,0.20933204202407604,0.36547619047619045,0.32796802467631514,,
chain,16,sparse_pulse,16022,1.1,in_distribution,random_expected,0.2725,0.5229370414917169,0.3920195498945499,nan,,
chain,16,sparse_pulse,16022,1.1,in_distribution,selected_baseline,0.5,0.819806741574464,0.8166666666666667,0.7294117647058823,,
chain,16,sparse_pulse,16022,1.1,in_distribution,candidate_calibration,,,,,0.1993597631643482,0.2729539573493081
chain,16,sparse_pulse,16023,0.1,in_distribution,candidate,1.0,1.0,1.0,0.9911764705882352,,
chain,16,sparse_pulse,16023,0.1,in_distribution,activity,1.0,0.9987308372291566,1.0,0.9970588235294118,,
chain,16,sparse_pulse,16023,0.1,in_distribution,local_error,1.0,0.9987308372291566,1.0,0.6941176470588235,,
chain,16,sparse_pulse,16023,0.1,in_distribution,degree,0.0,0.3569141129921747,0.18194444444444446,-0.4919520370144727,,
chain,16,sparse_pulse,16023,0.1,in_distribution,random_expected,0.23,0.5459399808310849,0.34857797757797754,nan,,
chain,16,sparse_pulse,16023,0.1,in_distribution,selected_baseline,1.0,0.9987308372291566,1.0,0.9970588235294118,,
chain,16,sparse_pulse,16023,0.1,in_distribution,candidate_calibration,,,,,0.13659251985949133,0.325419568510929
chain,16,sparse_pulse,16023,1.1,in_distribution,candidate,1.0,0.9993553636429341,1.0,0.7999999999999999,,
chain,16,sparse_pulse,16023,1.1,in_distribution,activity,0.5,0.791262776348602,0.43333333333333335,0.6558823529411765,,
chain,16,sparse_pulse,16023,1.1,in_distribution,local_error,0.25,0.7079608774170305,0.2992424242424242,0.4058823529411764,,
chain,16,sparse_pulse,16023,1.1,in_distribution,degree,0.25,0.5336856371042951,0.2941849816849817,0.08199200616907878,,
chain,16,sparse_pulse,16023,1.1,in_distribution,random_expected,0.2425,0.5998811630448855,0.37809831141081146,nan,,
chain,16,sparse_pulse,16023,1.1,in_distribution,selected_baseline,0.5,0.791262776348602,0.43333333333333335,0.6558823529411765,,
chain,16,sparse_pulse,16023,1.1,in_distribution,candidate_calibration,,,,,0.19392156757280726,0.2828887394064237
chain,16,sparse_pulse,16024,0.1,in_distribution,candidate,0.75,0.9990189652998714,0.95,0.9941176470588234,,
chain,16,sparse_pulse,16024,0.1,in_distribution,activity,1.0,0.997208055625097,1.0,0.988235294117647,,
chain,16,sparse_pulse,16024,0.1,in_distribution,local_error,0.75,0.9125217129446499,0.8928571428571428,0.7735294117647058,,
chain,16,sparse_pulse,16024,0.1,in_distribution,degree,0.5,0.6910923246356807,0.4333333333333333,-0.08199200616907878,,
chain,16,sparse_pulse,16024,0.1,in_distribution,random_expected,0.2375,0.48819200005476476,0.35672035603285607,nan,,
chain,16,sparse_pulse,16024,0.1,in_distribution,selected_baseline,1.0,0.997208055625097,1.0,0.988235294117647,,
chain,16,sparse_pulse,16024,0.1,in_distribution,candidate_calibration,,,,,0.1163435017467902,0.23412045971689693
chain,16,sparse_pulse,16024,1.1,in_distribution,candidate,0.75,0.9750093229440706,0.8611111111111112,0.8705882352941177,,
chain,16,sparse_pulse,16024,1.1,in_distribution,activity,0.5,0.8784630220914951,0.7333333333333333,0.8029411764705883,,
chain,16,sparse_pulse,16024,1.1,in_distribution,local_error,0.5,0.814838975936006,0.7095238095238094,0.6323529411764706,,
chain,16,sparse_pulse,16024,1.1,in_distribution,degree,0.75,0.6229750109618141,0.5902777777777777,0.32796802467631514,,
chain,16,sparse_pulse,16024,1.1,in_distribution,random_expected,0.2375,0.5316773133279804,0.34455438311688313,nan,,
chain,16,sparse_pulse,16024,1.1,in_distribution,selected_baseline,0.5,0.8784630220914951,0.7333333333333333,0.8029411764705883,,
chain,16,sparse_pulse,16024,1.1,in_distribution,candidate_calibration,,,,,0.1992845431017865,0.27412632494677613
chain,16,sparse_pulse,16025,0.1,in_distribution,candidate,0.75,0.997611309260127,0.9166666666666666,0.9558823529411766,,
chain,16,sparse_pulse,16025,0.1,in_distribution,activity,1.0,1.0,1.0,0.9441176470588234,,
chain,16,sparse_pulse,16025,0.1,in_distribution,local_error,0.75,0.9090472025868761,0.7708333333333333,0.7294117647058823,,
chain,16,sparse_pulse,16025,0.1,in_distribution,degree,0.25,0.5775986339642957,0.3374542124542125,0.32796802467631514,,
chain,16,sparse_pulse,16025,0.1,in_distribution,random_expected,0.235,0.49274958897987553,0.3720638181263181,nan,,
chain,16,sparse_pulse,16025,0.1,in_distribution,selected_baseline,1.0,1.0,1.0,0.9441176470588234,,
chain,16,sparse_pulse,16025,0.1,in_distribution,candidate_calibration,,,,,0.08825063388277306,0.22299170500221496
chain,16,sparse_pulse,16025,1.1,in_distribution,candidate,0.75,0.8660776455690865,0.95,0.7176470588235294,,
chain,16,sparse_pulse,16025,1.1,in_distribution,activity,0.5,0.9110258962910636,0.6083333333333333,0.7647058823529411,,
chain,16,sparse_pulse,16025,1.1,in_distribution,local_error,0.5,0.8454655052080734,0.49652777777777773,0.5176470588235293,,
chain,16,sparse_pulse,16025,1.1,in_distribution,degree,0.0,0.49736644439934313,0.24914529914529915,0.4099600308453939,,
chain,16,sparse_pulse,16025,1.1,in_distribution,random_expected,0.24,0.5766365486661403,0.3671034382284383,nan,,
chain,16,sparse_pulse,16025,1.1,in_distribution,selected_baseline,0.5,0.9110258962910636,0.6083333333333333,0.7647058823529411,,
chain,16,sparse_pulse,16025,1.1,in_distribution,candidate_calibration,,,,,0.2026005874259268,0.2735966667692078
chain,64,sparse_pulse,64021,0.1,in_distribution,candidate,0.9230769230769231,0.9960097409646269,0.9885883347421809,0.9924450549450549,,
chain,64,sparse_pulse,64021,0.1,in_distribution,activity,0.9230769230769231,0.9941552334113707,0.9838264299802761,0.9892399267399264,,
chain,64,sparse_pulse,64021,0.1,in_distribution,local_error,0.6923076923076923,0.8519772044358392,0.8505008063831592,0.5945512820512819,,
chain,64,sparse_pulse,64021,0.1,in_distribution,degree,0.23076923076923078,0.549144703421855,0.32996123421557394,-0.04861304526235506,,
chain,64,sparse_pulse,64021,0.1,in_distribution,random_expected,0.20230769230769227,0.3975497736773964,0.24579187943768946,nan,,
chain,64,sparse_pulse,64021,0.1,in_distribution,selected_baseline,0.9230769230769231,0.9941552334113707,0.9838264299802761,0.9892399267399264,,
chain,64,sparse_pulse,64021,0.1,in_distribution,candidate_calibration,,,,,0.06212985454474097,0.1726005988336169
chain,64,sparse_pulse,64021,1.1,in_distribution,candidate,0.8461538461538461,0.9618802253789693,0.9560080442433383,0.863690476190476,,
chain,64,sparse_pulse,64021,1.1,in_distribution,activity,0.6923076923076923,0.8704315248088882,0.7529712526036054,0.8227106227106227,,
chain,64,sparse_pulse,64021,1.1,in_distribution,local_error,0.6153846153846154,0.792532012692129,0.5762951153843499,0.572069597069597,,
chain,64,sparse_pulse,64021,1.1,in_distribution,degree,0.15384615384615385,0.3614069865010921,0.21496946238735967,0.004861304526235507,,
chain,64,sparse_pulse,64021,1.1,in_distribution,random_expected,0.19076923076923072,0.4178235524935212,0.25290091137489035,nan,,
chain,64,sparse_pulse,64021,1.1,in_distribution,selected_baseline,0.6923076923076923,0.8704315248088882,0.7529712526036054,0.8227106227106227,,
chain,64,sparse_pulse,64021,1.1,in_distribution,candidate_calibration,,,,,0.16157644843819224,0.226712235460054
chain,64,sparse_pulse,64022,0.1,in_distribution,candidate,0.9230769230769231,0.9932242796925805,0.9897435897435898,0.9856227106227103,,
chain,64,sparse_pulse,64022,0.1,in_distribution,activity,0.9230769230769231,0.9926161889229981,0.9945054945054945,0.9875915750915749,,
chain,64,sparse_pulse,64022,0.1,in_distribution,local_error,0.6923076923076923,0.8685991117409969,0.7679280099118155,0.6771978021978021,,
chain,64,sparse_pulse,64022,0.1,in_distribution,degree,0.15384615384615385,0.48143497790919476,0.26634147677922043,-0.19445218104942025,,
chain,64,sparse_pulse,64022,0.1,in_distribution,random_expected,0.20230769230769233,0.3841057734806947,0.23945434295841564,nan,,
chain,64,sparse_pulse,64022,0.1,in_distribution,selected_baseline,0.9230769230769231,0.9926161889229981,0.9945054945054945,0.9875915750915749,,
chain,64,sparse_pulse,64022,0.1,in_distribution,candidate_calibration,,,,,0.12128735956724851,0.2564609367286588
chain,64,sparse_pulse,64022,1.1,in_distribution,candidate,0.7692307692307693,0.9400887725170971,0.7452172827172828,0.8078296703296702,,
chain,64,sparse_pulse,64022,1.1,in_distribution,activity,0.6923076923076923,0.8557228438253052,0.8822954822954822,0.7419871794871794,,
chain,64,sparse_pulse,64022,1.1,in_distribution,local_error,0.6153846153846154,0.8147750422968351,0.8126999634352574,0.5726648351648351,,
chain,64,sparse_pulse,64022,1.1,in_distribution,degree,0.15384615384615385,0.4832455875203737,0.32903228154328673,-0.2090360946281268,,
chain,64,sparse_pulse,64022,1.1,in_distribution,random_expected,0.2123076923076923,0.4321196749006026,0.25483658568600737,nan,,
chain,64,sparse_pulse,64022,1.1,in_distribution,selected_baseline,0.6923076923076923,0.8557228438253052,0.8822954822954822,0.7419871794871794,,
chain,64,sparse_pulse,64022,1.1,in_distribution,candidate_calibration,,,,,0.16234119499075902,0.19262962123595734
chain,64,sparse_pulse,64023,0.1,in_distribution,candidate,0.8461538461538461,0.9976554142189221,0.9676434676434676,0.9932692307692307,,
chain,64,sparse_pulse,64023,0.1,in_distribution,activity,0.9230769230769231,0.9986288046387176,0.9697913422609779,0.9910714285714285,,
chain,64,sparse_pulse,64023,0.1,in_distribution,local_error,0.6153846153846154,0.8576294845599567,0.7659344713898792,0.6652472527472527,,
chain,64,sparse_pulse,64023,0.1,in_distribution,degree,0.23076923076923078,0.46762478619843806,0.22692604706785705,0.23820392178553979,,
chain,64,sparse_pulse,64023,0.1,in_distribution,random_expected,0.2,0.3901618280490798,0.24423032622849983,nan,,
chain,64,sparse_pulse,64023,0.1,in_distribution,selected_baseline,0.9230769230769231,0.9986288046387176,0.9697913422609779,0.9910714285714285,,
chain,64,sparse_pulse,64023,0.1,in_distribution,candidate_calibration,,,,,0.07221890098477081,0.18015349378423548
chain,64,sparse_pulse,64023,1.1,in_distribution,candidate,0.8461538461538461,0.9700503554780362,0.9210692593045533,0.7516941391941391,,
chain,64,sparse_pulse,64023,1.1,in_distribution,activity,0.6923076923076923,0.8174354872030727,0.7434955567308509,0.8405677655677655,,
chain,64,sparse_pulse,64023,1.1,in_distribution,local_error,0.6153846153846154,0.7377709776210836,0.5652987851984507,0.591025641025641,,
chain,64,sparse_pulse,64023,1.1,in_distribution,degree,0.23076923076923078,0.49052632593726025,0.25433927870745265,0.11181000410341664,,
chain,64,sparse_pulse,64023,1.1,in_distribution,random_expected,0.19846153846153844,0.419501278899798,0.24927877572082618,nan,,
chain,64,sparse_pulse,64023,1.1,in_distribution,selected_baseline,0.6923076923076923,0.8174354872030727,0.7434955567308509,0.8405677655677655,,
chain,64,sparse_pulse,64023,1.1,in_distribution,candidate_calibration,,,,,0.16064644007167814,0.20901946209050817
chain,64,sparse_pulse,64024,0.1,in_distribution,candidate,1.0,0.9963368780981509,1.0,0.9876831501831501,,
chain,64,sparse_pulse,64024,0.1,in_distribution,activity,0.9230769230769231,0.9965745939748503,0.9885883347421809,0.9845695970695969,,
chain,64,sparse_pulse,64024,0.1,in_distribution,local_error,0.6923076923076923,0.8803777733080859,0.7457560761378365,0.7719780219780218,,
chain,64,sparse_pulse,64024,0.1,in_distribution,degree,0.23076923076923078,0.5663792377622253,0.4134983918520504,0.10208739505094565,,
chain,64,sparse_pulse,64024,0.1,in_distribution,random_expected,0.1869230769230769,0.33928137364226496,0.24030372152272045,nan,,
chain,64,sparse_pulse,64024,0.1,in_distribution,selected_baseline,0.9230769230769231,0.9965745939748503,0.9885883347421809,0.9845695970695969,,
chain,64,sparse_pulse,64024,0.1,in_distribution,candidate_calibration,,,,,0.05882306955492317,0.18891935942446966
chain,64,sparse_pulse,64024,1.1,in_distribution,candidate,0.6923076923076923,0.922532087591038,0.8060016853753935,0.6732600732600732,,
chain,64,sparse_pulse,64024,1.1,in_distribution,activity,0.6923076923076923,0.9255171761344173,0.8387529137529138,0.8029761904761903,,
chain,64,sparse_pulse,64024,1.1,in_distribution,local_error,0.6923076923076923,0.911929464070697,0.7254527876448835,0.6154304029304029,,
chain,64,sparse_pulse,64024,1.1,in_distribution,degree,0.15384615384615385,0.4193606814874219,0.3564835041735701,0.2576491398904818,,
chain,64,sparse_pulse,64024,1.1,in_distribution,random_expected,0.2123076923076923,0.3673335226652148,0.2551690311067846,nan,,
chain,64,sparse_pulse,64024,1.1,in_distribution,selected_baseline,0.6923076923076923,0.9255171761344173,0.8387529137529138,0.8029761904761903,,
chain,64,sparse_pulse,64024,1.1,in_distribution,candidate_calibration,,,,,0.16347918097341405,0.17980644651013383
chain,64,sparse_pulse,64025,0.1,in_distribution,candidate,0.9230769230769231,0.9940629484176343,0.9796597633136095,0.9856227106227103,,
chain,64,sparse_pulse,64025,0.1,in_distribution,activity,0.9230769230769231,0.9994782140224023,0.9897435897435898,0.9892857142857141,,
chain,64,sparse_pulse,64025,0.1,in_distribution,local_error,0.7692307692307693,0.8546186598815341,0.815118428579967,0.7015567765567764,,
chain,64,sparse_pulse,64025,0.1,in_distribution,degree,0.07692307692307693,0.3588757781817824,0.20162466442929722,0.019445218104942028,,
chain,64,sparse_pulse,64025,0.1,in_distribution,random_expected,0.19846153846153847,0.36055207699976255,0.2447580803710111,nan,,
chain,64,sparse_pulse,64025,0.1,in_distribution,selected_baseline,0.9230769230769231,0.9994782140224023,0.9897435897435898,0.9892857142857141,,
chain,64,sparse_pulse,64025,0.1,in_distribution,candidate_calibration,,,,,0.06033290042472759,0.1594408572166127
chain,64,sparse_pulse,64025,1.1,in_distribution,candidate,0.5384615384615384,0.8500519207670518,0.6090068051606513,0.7411172161172159,,
chain,64,sparse_pulse,64025,1.1,in_distribution,activity,0.6923076923076923,0.90942108785925,0.7632234623613934,0.8342032967032965,,
chain,64,sparse_pulse,64025,1.1,in_distribution,local_error,0.6153846153846154,0.8594024863641293,0.670127038521251,0.6319139194139193,,
chain,64,sparse_pulse,64025,1.1,in_distribution,degree,0.15384615384615385,0.5445736589154887,0.17813878384868495,0.08750348147223912,,
chain,64,sparse_pulse,64025,1.1,in_distribution,random_expected,0.20153846153846153,0.44112420673945996,0.2513626850175614,nan,,
chain,64,sparse_pulse,64025,1.1,in_distribution,selected_baseline,0.6923076923076923,0.90942108785925,0.7632234623613934,0.8342032967032965,,
chain,64,sparse_pulse,64025,1.1,in_distribution,candidate_calibration,,,,,0.16809903420637773,0.17782838571554282
chain,128,sparse_pulse,128021,0.1,in_distribution,candidate,0.9230769230769231,0.9968624268531024,0.9864257294429708,0.9942375480681194,,
chain,128,sparse_pulse,128021,0.1,in_distribution,activity,0.9230769230769231,0.9856689039909685,0.9740287871361285,0.9861975828602819,,
chain,128,sparse_pulse,128021,0.1,in_distribution,local_error,0.6153846153846154,0.8675613620907745,0.7135954134807989,0.6926673228346456,,
chain,128,sparse_pulse,128021,0.1,in_distribution,degree,0.19230769230769232,0.5033073961761398,0.24997843130556066,-0.0358024652380448,,
chain,128,sparse_pulse,128021,0.1,in_distribution,random_expected,0.1965384615384616,0.42911495735555827,0.22886450664787192,nan,,
chain,128,sparse_pulse,128021,0.1,in_distribution,selected_baseline,0.9230769230769231,0.9856689039909685,0.9740287871361285,0.9861975828602819,,
chain,128,sparse_pulse,128021,0.1,in_distribution,candidate_calibration,,,,,0.08110626927740369,0.215544696026091
chain,128,sparse_pulse,128021,1.1,in_distribution,candidate,0.8076923076923077,0.9626929087991848,0.8563093854682786,0.7902856619666726,,
chain,128,sparse_pulse,128021,1.1,in_distribution,activity,0.7692307692307693,0.856667900293191,0.8590341510551049,0.7765233015931148,,
chain,128,sparse_pulse,128021,1.1,in_distribution,local_error,0.6538461538461539,0.7695414118336384,0.6176605354811506,0.5608347830067753,,
chain,128,sparse_pulse,128021,1.1,in_distribution,degree,0.23076923076923078,0.4301261432203144,0.2708647804241523,-0.0323927066439453,,
chain,128,sparse_pulse,128021,1.1,in_distribution,random_expected,0.19923076923076927,0.4487416996227727,0.23253674748807993,nan,,
chain,128,sparse_pulse,128021,1.1,in_distribution,selected_baseline,0.7692307692307693,0.856667900293191,0.8590341510551049,0.7765233015931148,,
chain,128,sparse_pulse,128021,1.1,in_distribution,candidate_calibration,,,,,0.16086687556668366,0.1765595987878985
chain,128,sparse_pulse,128022,0.1,in_distribution,candidate,1.0,0.9989262309475325,1.0,0.9940315418421535,,
chain,128,sparse_pulse,128022,0.1,in_distribution,activity,0.9230769230769231,0.9963813439863408,0.9847141384186913,0.9929557315509978,,
chain,128,sparse_pulse,128022,0.1,in_distribution,local_error,0.6923076923076923,0.9186108433600819,0.7733851675933343,0.7495822651529023,,
chain,128,sparse_pulse,128022,0.1,in_distribution,degree,0.11538461538461539,0.26743460012024456,0.16748893478827712,0.018753672267547275,,
chain,128,sparse_pulse,128022,0.1,in_distribution,random_expected,0.20538461538461536,0.3771673849340653,0.2316772638542446,nan,,
chain,128,sparse_pulse,128022,0.1,in_distribution,selected_baseline,0.9230769230769231,0.9963813439863408,0.9847141384186913,0.9929557315509978,,
chain,128,sparse_pulse,128022,0.1,in_distribution,candidate_calibration,,,,,0.06485956283871445,0.20823310475123963
chain,128,sparse_pulse,128022,1.1,in_distribution,candidate,0.6923076923076923,0.923782371487811,0.7643879683091825,0.7018975462369529,,
chain,128,sparse_pulse,128022,1.1,in_distribution,activity,0.5769230769230769,0.8027893355397,0.679416796072731,0.727819996337667,,
chain,128,sparse_pulse,128022,1.1,in_distribution,local_error,0.5,0.7547847449214985,0.5924195428972594,0.6163477385094305,,
chain,128,sparse_pulse,128022,1.1,in_distribution,degree,0.23076923076923078,0.34951404481109244,0.19100307001016772,-0.06308053399084083,,
chain,128,sparse_pulse,128022,1.1,in_distribution,random_expected,0.20538461538461536,0.42863300557377537,0.2351138824331064,nan,,
chain,128,sparse_pulse,128022,1.1,in_distribution,selected_baseline,0.5769230769230769,0.8027893355397,0.679416796072731,0.727819996337667,,
chain,128,sparse_pulse,128022,1.1,in_distribution,candidate_calibration,,,,,0.16773585926332105,0.16369937452396838
chain,128,sparse_pulse,128023,0.1,in_distribution,candidate,1.0,0.9994484083379959,1.0,0.9930015107123237,,
chain,128,sparse_pulse,128023,0.1,in_distribution,activity,0.9230769230769231,0.9925234544127289,0.9730688403357619,0.9849558231093206,,
chain,128,sparse_pulse,128023,0.1,in_distribution,local_error,0.7307692307692307,0.919300378298928,0.8121970677904049,0.7213193554294085,,
chain,128,sparse_pulse,128023,0.1,in_distribution,degree,0.15384615384615385,0.37043339905473144,0.18199043062207215,-0.08694884414953737,,
chain,128,sparse_pulse,128023,0.1,in_distribution,random_expected,0.20192307692307693,0.3697926616157973,0.22843470008989808,nan,,
chain,128,sparse_pulse,128023,0.1,in_distribution,selected_baseline,0.9230769230769231,0.9925234544127289,0.9730688403357619,0.9849558231093206,,
chain,128,sparse_pulse,128023,0.1,in_distribution,candidate_calibration,,,,,0.06563278892436163,0.20668656446221048
chain,128,sparse_pulse,128023,1.1,in_distribution,candidate,0.6923076923076923,0.9582783096858667,0.7778488440927992,0.7406553286943782,,
chain,128,sparse_pulse,128023,1.1,in_distribution,activity,0.6153846153846154,0.8768244698847191,0.6637534922807145,0.6915800677531587,,
chain,128,sparse_pulse,128023,1.1,in_distribution,local_error,0.5,0.757805438758646,0.5789928843892689,0.4278978209119209,,
chain,128,sparse_pulse,128023,1.1,in_distribution,degree,0.23076923076923078,0.35210808978548735,0.2202030201677601,-0.09206348204068664,,
chain,128,sparse_pulse,128023,1.1,in_distribution,random_expected,0.20000000000000004,0.40706606215616,0.22529283075855314,nan,,
chain,128,sparse_pulse,128023,1.1,in_distribution,selected_baseline,0.6153846153846154,0.8768244698847191,0.6637534922807145,0.6915800677531587,,
chain,128,sparse_pulse,128023,1.1,in_distribution,candidate_calibration,,,,,0.1635806484952982,0.1317499078575912
chain,128,sparse_pulse,128024,0.1,in_distribution,candidate,0.9230769230769231,0.9972168755952089,0.9883589508664472,0.9914736312030763,,
chain,128,sparse_pulse,128024,0.1,in_distribution,activity,1.0,0.9988415562386397,1.0,0.9932532960996154,,
chain,128,sparse_pulse,128024,0.1,in_distribution,local_error,0.7307692307692307,0.883139338370673,0.765983405125998,0.6654287218458158,,
chain,128,sparse_pulse,128024,0.1,in_distribution,degree,0.11538461538461539,0.2755940948766643,0.1781894052576769,-0.1432098609521792,,
chain,128,sparse_pulse,128024,0.1,in_distribution,random_expected,0.21769230769230774,0.42111843969640894,0.24179589148790065,nan,,
chain,128,sparse_pulse,128024,0.1,in_distribution,selected_baseline,1.0,0.9988415562386397,1.0,0.9932532960996154,,
chain,128,sparse_pulse,128024,0.1,in_distribution,candidate_calibration,,,,,0.07515410236539606,0.20638939261140615
chain,128,sparse_pulse,128024,1.1,in_distribution,candidate,0.6923076923076923,0.9211611361281618,0.8141819042501377,0.7557796191173777,,
chain,128,sparse_pulse,128024,1.1,in_distribution,activity,0.6538461538461539,0.8575413336790702,0.7908801958101482,0.7766205823109321,,
chain,128,sparse_pulse,128024,1.1,in_distribution,local_error,0.5,0.7316980390824496,0.5856604748616556,0.6140530580479766,,
chain,128,sparse_pulse,128024,1.1,in_distribution,degree,0.11538461538461539,0.2877088250177873,0.17919264109687433,-0.11252203360528365,,
chain,128,sparse_pulse,128024,1.1,in_distribution,random_expected,0.2034615384615385,0.4007207791492467,0.23116626420223113,nan,,
chain,128,sparse_pulse,128024,1.1,in_distribution,selected_baseline,0.6538461538461539,0.8575413336790702,0.7908801958101482,0.7766205823109321,,
chain,128,sparse_pulse,128024,1.1,in_distribution,candidate_calibration,,,,,0.16321897388983447,0.17198156902048461
chain,128,sparse_pulse,128025,0.1,in_distribution,candidate,0.9615384615384616,0.9990785416090339,0.9957734573119187,0.9895680736128913,,
chain,128,sparse_pulse,128025,0.1,in_distribution,activity,0.9615384615384616,0.997999916213226,0.9922829421909688,0.991828419703351,,
chain,128,sparse_pulse,128025,0.1,in_distribution,local_error,0.6538461538461539,0.8798111527617984,0.7269084980074196,0.6093378044314228,,
chain,128,sparse_pulse,128025,0.1,in_distribution,degree,0.07692307692307693,0.2608141909366679,0.1664991093880927,-0.011934155079348266,,
chain,128,sparse_pulse,128025,0.1,in_distribution,random_expected,0.21538461538461542,0.3664049764498541,0.23712960807240233,nan,,
chain,128,sparse_pulse,128025,0.1,in_distribution,selected_baseline,0.9615384615384616,0.997999916213226,0.9922829421909688,0.991828419703351,,
chain,128,sparse_pulse,128025,0.1,in_distribution,candidate_calibration,,,,,0.06212021955196415,0.20152243063775838
chain,128,sparse_pulse,128025,1.1,in_distribution,candidate,0.8846153846153846,0.9612316679465313,0.9585741041803332,0.801970792895074,,
chain,128,sparse_pulse,128025,1.1,in_distribution,activity,0.5384615384615384,0.8631341389988223,0.5619389562516445,0.7606608221937374,,
chain,128,sparse_pulse,128025,1.1,in_distribution,local_error,0.46153846153846156,0.7537810715276785,0.41802884533767126,0.5092187786119757,,
chain,128,sparse_pulse,128025,1.1,in_distribution,degree,0.11538461538461539,0.32373390938866464,0.16572567150131448,-0.09206348204068664,,
chain,128,sparse_pulse,128025,1.1,in_distribution,random_expected,0.2007692307692308,0.4049347998645348,0.22973664639698912,nan,,
chain,128,sparse_pulse,128025,1.1,in_distribution,selected_baseline,0.5384615384615384,0.8631341389988223,0.5619389562516445,0.7606608221937374,,
chain,128,sparse_pulse,128025,1.1,in_distribution,candidate_calibration,,,,,0.16054577375907902,0.20837827915842835
star,16,sparse_pulse,16021,0.1,in_distribution,candidate,1.0,1.0,1.0,0.9941176470588234,,
star,16,sparse_pulse,16021,0.1,in_distribution,activity,0.75,0.9995019920680223,0.95,0.988235294117647,,
star,16,sparse_pulse,16021,0.1,in_distribution,local_error,0.75,0.9995019920680223,0.8928571428571428,0.7764705882352941,,
star,16,sparse_pulse,16021,0.1,in_distribution,degree,0.5,0.5139613605574762,0.488095238095238,-0.14002800840280097,,
star,16,sparse_pulse,16021,0.1,in_distribution,random_expected,0.26,0.43132285745234505,0.3855734265734265,nan,,
star,16,sparse_pulse,16021,0.1,in_distribution,selected_baseline,0.75,0.9995019920680223,0.95,0.988235294117647,,
star,16,sparse_pulse,16021,0.1,in_distribution,candidate_calibration,,,,,0.0690199288979989,0.22790738574039612
star,16,sparse_pulse,16021,1.1,in_distribution,candidate,0.75,0.9394527540582075,0.8166666666666667,0.5264705882352941,,
star,16,sparse_pulse,16021,1.1,in_distribution,activity,0.5,0.7447481679588162,0.6678571428571429,0.7147058823529412,,
star,16,sparse_pulse,16021,1.1,in_distribution,local_error,0.25,0.6569572453482869,0.6,0.5617647058823529,,
star,16,sparse_pulse,16021,1.1,in_distribution,degree,0.0,0.5093726132754206,0.2624542124542124,0.14002800840280097,,
star,16,sparse_pulse,16021,1.1,in_distribution,random_expected,0.2725,0.5502882011734752,0.37098692973692976,nan,,
star,16,sparse_pulse,16021,1.1,in_distribution,selected_baseline,0.5,0.7447481679588162,0.6678571428571429,0.7147058823529412,,
star,16,sparse_pulse,16021,1.1,in_distribution,candidate_calibration,,,,,0.20594010445919994,0.27840292727373817
star,16,sparse_pulse,16022,0.1,in_distribution,candidate,1.0,1.0,1.0,0.9941176470588234,,
star,16,sparse_pulse,16022,0.1,in_distribution,activity,1.0,1.0,1.0,0.9823529411764707,,
star,16,sparse_pulse,16022,0.1,in_distribution,local_error,0.75,0.9307792323146185,0.8875,0.7617647058823529,,
star,16,sparse_pulse,16022,0.1,in_distribution,degree,0.0,0.251406669082136,0.23115079365079363,-0.028005601680560196,,
star,16,sparse_pulse,16022,0.1,in_distribution,random_expected,0.275,0.40369202166033447,0.38001517926517925,nan,,
star,16,sparse_pulse,16022,0.1,in_distribution,selected_baseline,1.0,1.0,1.0,0.9823529411764707,,
star,16,sparse_pulse,16022,0.1,in_distribution,candidate_calibration,,,,,0.05764417796965925,0.211024599570745
star,16,sparse_pulse,16022,1.1,in_distribution,candidate,0.75,0.9884521037867628,0.95,0.7852941176470588,,
star,16,sparse_pulse,16022,1.1,in_distribution,activity,0.5,0.7890757270383095,0.6083333333333333,0.8058823529411765,,
star,16,sparse_pulse,16022,1.1,in_distribution,local_error,0.5,0.7890757270383095,0.6083333333333333,0.7441176470588236,,
star,16,sparse_pulse,16022,1.1,in_distribution,degree,0.0,0.22049871014354874,0.20704365079365078,-0.14002800840280097,,
star,16,sparse_pulse,16022,1.1,in_distribution,random_expected,0.205,0.40155287328387324,0.32963309607059604,nan,,
star,16,sparse_pulse,16022,1.1,in_distribution,selected_baseline,0.5,0.7890757270383095,0.6083333333333333,0.8058823529411765,,
star,16,sparse_pulse,16022,1.1,in_distribution,candidate_calibration,,,,,0.19549537049946938,0.2664112678392163
star,16,sparse_pulse,16023,0.1,in_distribution,candidate,1.0,1.0,1.0,0.976470588235294,,
star,16,sparse_pulse,16023,0.1,in_distribution,activity,1.0,1.0,1.0,0.9823529411764707,,
star,16,sparse_pulse,16023,0.1,in_distribution,local_error,0.75,0.8308396831748079,0.7470238095238095,0.5352941176470588,,
star,16,sparse_pulse,16023,0.1,in_distribution,degree,0.25,0.4691814784907612,0.4201923076923077,0.30806161848616215,,
star,16,sparse_pulse,16023,0.1,in_distribution,random_expected,0.2525,0.5372707021609884,0.36309611915861906,nan,,
star,16,sparse_pulse,16023,0.1,in_distribution,selected_baseline,1.0,1.0,1.0,0.9823529411764707,,
star,16,sparse_pulse,16023,0.1,in_distribution,candidate_calibration,,,,,0.1123356651394784,0.29438461698783436
star,16,sparse_pulse,16023,1.1,in_distribution,candidate,0.75,0.9274405982435141,0.875,0.8264705882352942,,
star,16,sparse_pulse,16023,1.1,in_distribution,activity,0.75,0.8906027306964596,0.8611111111111112,0.7352941176470589,,
star,16,sparse_pulse,16023,1.1,in_distribution,local_error,0.5,0.794706212840765,0.740909090909091,0.65,,
star,16,sparse_pulse,16023,1.1,in_distribution,degree,0.0,0.30656458256014957,0.18578296703296704,-0.08401680504168059,,
star,16,sparse_pulse,16023,1.1,in_distribution,random_expected,0.25,0.5027922418983596,0.37742035048285044,nan,,
star,16,sparse_pulse,16023,1.1,in_distribution,selected_baseline,0.75,0.8906027306964596,0.8611111111111112,0.7352941176470589,,
star,16,sparse_pulse,16023,1.1,in_distribution,candidate_calibration,,,,,0.2002787711908509,0.2645550853988565
star,16,sparse_pulse,16024,0.1,in_distribution,candidate,1.0,1.0,1.0,0.976470588235294,,
star,16,sparse_pulse,16024,0.1,in_distribution,activity,1.0,1.0,1.0,0.9823529411764707,,
star,16,sparse_pulse,16024,0.1,in_distribution,local_error,0.25,0.6980932722989712,0.575,0.4382352941176471,,
star,16,sparse_pulse,16024,0.1,in_distribution,degree,0.75,0.8774166913880375,0.6950757575757576,0.42008402520840293,,
star,16,sparse_pulse,16024,0.1,in_distribution,random_expected,0.2475,0.5081941916623944,0.3753974220224221,nan,,
star,16,sparse_pulse,16024,0.1,in_distribution,selected_baseline,1.0,1.0,1.0,0.9823529411764707,,
star,16,sparse_pulse,16024,0.1,in_distribution,candidate_calibration,,,,,0.09885267608944365,0.24532097642881126
star,16,sparse_pulse,16024,1.1,in_distribution,candidate,0.75,0.9552234052658812,0.7470238095238095,0.9147058823529413,,
star,16,sparse_pulse,16024,1.1,in_distribution,activity,0.5,0.9000129637995372,0.8166666666666667,0.7735294117647058,,
star,16,sparse_pulse,16024,1.1,in_distribution,local_error,0.75,0.9487169912697836,0.7708333333333333,0.6852941176470588,,
star,16,sparse_pulse,16024,1.1,in_distribution,degree,0.5,0.5935592058037991,0.3547619047619047,-0.028005601680560196,,
star,16,sparse_pulse,16024,1.1,in_distribution,random_expected,0.225,0.539444580737837,0.3712330794205794,nan,,
star,16,sparse_pulse,16024,1.1,in_distribution,selected_baseline,0.5,0.9000129637995372,0.8166666666666667,0.7735294117647058,,
star,16,sparse_pulse,16024,1.1,in_distribution,candidate_calibration,,,,,0.20086132853886396,0.2689266654465058
star,16,sparse_pulse,16025,0.1,in_distribution,candidate,1.0,1.0,1.0,0.9911764705882352,,
star,16,sparse_pulse,16025,0.1,in_distribution,activity,1.0,1.0,1.0,0.9470588235294116,,
star,16,sparse_pulse,16025,0.1,in_distribution,local_error,0.75,0.9852365825227372,0.8541666666666666,0.8352941176470589,,
star,16,sparse_pulse,16025,0.1,in_distribution,degree,0.25,0.5086801973155068,0.275,-0.30806161848616215,,
star,16,sparse_pulse,16025,0.1,in_distribution,random_expected,0.25,0.4887701751625634,0.38303311965811965,nan,,
star,16,sparse_pulse,16025,0.1,in_distribution,selected_baseline,1.0,1.0,1.0,0.9470588235294116,,
star,16,sparse_pulse,16025,0.1,in_distribution,candidate_calibration,,,,,0.08490783541524789,0.26598471644064664
star,16,sparse_pulse,16025,1.1,in_distribution,candidate,0.75,0.9211691638621076,0.8409090909090909,0.711764705882353,,
star,16,sparse_pulse,16025,1.1,in_distribution,activity,0.5,0.8541467511146709,0.6916666666666667,0.75,,
star,16,sparse_pulse,16025,1.1,in_distribution,local_error,0.5,0.7852024765867258,0.6111111111111112,0.6235294117647059,,
star,16,sparse_pulse,16025,1.1,in_distribution,degree,0.25,0.4449553828780984,0.25769230769230766,-0.14002800840280097,,
star,16,sparse_pulse,16025,1.1,in_distribution,random_expected,0.26,0.5120457598607253,0.36523813686313694,nan,,
star,16,sparse_pulse,16025,1.1,in_distribution,selected_baseline,0.5,0.8541467511146709,0.6916666666666667,0.75,,
star,16,sparse_pulse,16025,1.1,in_distribution,candidate_calibration,,,,,0.20401995100623355,0.27409244442075553
star,64,sparse_pulse,64021,0.1,in_distribution,candidate,0.9230769230769231,0.9940840023057712,0.9855769230769231,0.989606227106227,,
star,64,sparse_pulse,64021,0.1,in_distribution,activity,0.9230769230769231,0.9742200114830358,0.9945054945054945,0.98003663003663,,
star,64,sparse_pulse,64021,0.1,in_distribution,local_error,0.5384615384615384,0.7478283608814464,0.6882584005262025,0.3369047619047619,,
star,64,sparse_pulse,64021,0.1,in_distribution,degree,0.3076923076923077,0.6188932048572761,0.4111621523045331,0.1943740372392746,,
star,64,sparse_pulse,64021,0.1,in_distribution,random_expected,0.19307692307692303,0.3908043020871272,0.2466320419122724,nan,,
star,64,sparse_pulse,64021,0.1,in_distribution,selected_baseline,0.9230769230769231,0.9742200114830358,0.9945054945054945,0.98003663003663,,
star,64,sparse_pulse,64021,0.1,in_distribution,candidate_calibration,,,,,0.06318859546586841,0.19806046307516434
star,64,sparse_pulse,64021,1.1,in_distribution,candidate,1.0,0.9915333614230165,1.0,0.8911630036630035,,
star,64,sparse_pulse,64021,1.1,in_distribution,activity,0.5384615384615384,0.8578753779614895,0.7055248114458639,0.54253663003663,,
star,64,sparse_pulse,64021,1.1,in_distribution,local_error,0.46153846153846156,0.8053217116529049,0.5640357646936593,0.18081501831501828,,
star,64,sparse_pulse,64021,1.1,in_distribution,degree,0.23076923076923078,0.46419640331728684,0.2990380923974752,0.17391361226671942,,
star,64,sparse_pulse,64021,1.1,in_distribution,random_expected,0.1823076923076923,0.4435088092093472,0.2491274145495099,nan,,
star,64,sparse_pulse,64021,1.1,in_distribution,selected_baseline,0.5384615384615384,0.8578753779614895,0.7055248114458639,0.54253663003663,,
star,64,sparse_pulse,64021,1.1,in_distribution,candidate_calibration,,,,,0.1615653384532253,0.22133512126246407
star,64,sparse_pulse,64022,0.1,in_distribution,candidate,0.7692307692307693,0.9860050283928627,0.9325712471223306,0.9903846153846152,,
star,64,sparse_pulse,64022,0.1,in_distribution,activity,0.9230769230769231,0.9934364970106687,0.9885883347421809,0.9884615384615383,,
star,64,sparse_pulse,64022,0.1,in_distribution,local_error,0.6153846153846154,0.8121051250129072,0.7379491278370858,0.52257326007326,,
star,64,sparse_pulse,64022,0.1,in_distribution,degree,0.15384615384615385,0.5067054270746859,0.34993971872234525,0.17391361226671942,,
star,64,sparse_pulse,64022,0.1,in_distribution,random_expected,0.19999999999999996,0.38852132741581086,0.24205896208348965,nan,,
star,64,sparse_pulse,64022,0.1,in_distribution,selected_baseline,0.9230769230769231,0.9934364970106687,0.9885883347421809,0.9884615384615383,,
star,64,sparse_pulse,64022,0.1,in_distribution,candidate_calibration,,,,,0.10636694863335863,0.19980781407943307
star,64,sparse_pulse,64022,1.1,in_distribution,candidate,0.6153846153846154,0.8612562090259975,0.7624423708475432,0.8601648351648351,,
star,64,sparse_pulse,64022,1.1,in_distribution,activity,0.6923076923076923,0.9015267909699548,0.835326167309973,0.526510989010989,,
star,64,sparse_pulse,64022,1.1,in_distribution,local_error,0.6153846153846154,0.8846728223152297,0.7573765904341508,0.295054945054945,,
star,64,sparse_pulse,64022,1.1,in_distribution,degree,0.3076923076923077,0.5095691483363427,0.3564772784226856,0.167093470609201,,
star,64,sparse_pulse,64022,1.1,in_distribution,random_expected,0.21076923076923076,0.447056019160975,0.25114386858586657,nan,,
star,64,sparse_pulse,64022,1.1,in_distribution,selected_baseline,0.6923076923076923,0.9015267909699548,0.835326167309973,0.526510989010989,,
star,64,sparse_pulse,64022,1.1,in_distribution,candidate_calibration,,,,,0.16420859941673155,0.1865479778427686
star,64,sparse_pulse,64023,0.1,in_distribution,candidate,1.0,0.9999940098453386,1.0,0.9980311355311355,,
star,64,sparse_pulse,64023,0.1,in_distribution,activity,0.9230769230769231,0.9972576861312753,0.9885883347421809,0.9942307692307691,,
star,64,sparse_pulse,64023,0.1,in_distribution,local_error,0.6923076923076923,0.9071854019319298,0.8501262377860843,0.9336538461538461,,
star,64,sparse_pulse,64023,0.1,in_distribution,degree,0.23076923076923078,0.36241997817369526,0.20357005515284665,-0.20801432055431143,,
star,64,sparse_pulse,64023,0.1,in_distribution,random_expected,0.21615384615384614,0.3983165522880011,0.25842553521022876,nan,,
star,64,sparse_pulse,64023,0.1,in_distribution,selected_baseline,0.9230769230769231,0.9972576861312753,0.9885883347421809,0.9942307692307691,,
star,64,sparse_pulse,64023,0.1,in_distribution,candidate_calibration,,,,,0.06918158030169627,0.21543243189066263
star,64,sparse_pulse,64023,1.1,in_distribution,candidate,0.8461538461538461,0.9718007908855238,0.9626696832579186,0.7462454212454213,,
star,64,sparse_pulse,64023,1.1,in_distribution,activity,0.7692307692307693,0.9330190320541566,0.8101428486043871,0.9341117216117215,,
star,64,sparse_pulse,64023,1.1,in_distribution,local_error,0.6153846153846154,0.8171224074122385,0.7254376194576242,0.897069597069597,,
star,64,sparse_pulse,64023,1.1,in_distribution,degree,0.23076923076923078,0.30030195071858395,0.2163850045285802,-0.1943740372392746,,
star,64,sparse_pulse,64023,1.1,in_distribution,random_expected,0.1946153846153846,0.36292450901372525,0.24816623050391762,nan,,
star,64,sparse_pulse,64023,1.1,in_distribution,selected_baseline,0.7692307692307693,0.9330190320541566,0.8101428486043871,0.9341117216117215,,
star,64,sparse_pulse,64023,1.1,in_distribution,candidate_calibration,,,,,0.15966486956882917,0.22933337660187925
star,64,sparse_pulse,64024,0.1,in_distribution,candidate,1.0,0.9997322154977948,1.0,0.9968406593406592,,
star,64,sparse_pulse,64024,0.1,in_distribution,activity,1.0,0.9997642905859914,1.0,0.9853937728937727,,
star,64,sparse_pulse,64024,0.1,in_distribution,local_error,0.8461538461538461,0.9564906662215067,0.9499330797407721,0.960576923076923,,
star,64,sparse_pulse,64024,0.1,in_distribution,degree,0.3076923076923077,0.4519154539678972,0.34665949592877204,-0.13981290397912735,,
star,64,sparse_pulse,64024,0.1,in_distribution,random_expected,0.2023076923076923,0.3403121264843127,0.255439245501023,nan,,
star,64,sparse_pulse,64024,0.1,in_distribution,selected_baseline,1.0,0.9997642905859914,1.0,0.9853937728937727,,
star,64,sparse_pulse,64024,0.1,in_distribution,candidate_calibration,,,,,0.0636946650840356,0.197485488140373
star,64,sparse_pulse,64024,1.1,in_distribution,candidate,0.6923076923076923,0.9167999959240292,0.8302561089934094,0.7602564102564101,,
star,64,sparse_pulse,64024,1.1,in_distribution,activity,0.8461538461538461,0.9346855613251813,0.9330271036153388,0.9539377289377288,,
star,64,sparse_pulse,64024,1.1,in_distribution,local_error,0.8461538461538461,0.930941100014202,0.8967099140176062,0.9120421245421244,,
star,64,sparse_pulse,64024,1.1,in_distribution,degree,0.23076923076923078,0.460931915203749,0.3228303482349227,-0.11253233734905371,,
star,64,sparse_pulse,64024,1.1,in_distribution,random_expected,0.1923076923076923,0.36942470817476747,0.24634630559992288,nan,,
star,64,sparse_pulse,64024,1.1,in_distribution,selected_baseline,0.8461538461538461,0.9346855613251813,0.9330271036153388,0.9539377289377288,,
star,64,sparse_pulse,64024,1.1,in_distribution,candidate_calibration,,,,,0.1639311380554728,0.19651567971120987
star,64,sparse_pulse,64025,0.1,in_distribution,candidate,1.0,0.9972155156840334,1.0,0.9954670329670329,,
star,64,sparse_pulse,64025,0.1,in_distribution,activity,0.9230769230769231,0.9979085956344163,0.9885883347421809,0.9911630036630036,,
star,64,sparse_pulse,64025,0.1,in_distribution,local_error,0.6153846153846154,0.8692013466016452,0.7751941771678614,0.38699633699633695,,
star,64,sparse_pulse,64025,0.1,in_distribution,degree,0.15384615384615385,0.43710608129633755,0.28414220198843615,0.14663304563664578,,
star,64,sparse_pulse,64025,0.1,in_distribution,random_expected,0.18846153846153843,0.38025857387428497,0.24272158156420087,nan,,
star,64,sparse_pulse,64025,0.1,in_distribution,selected_baseline,0.9230769230769231,0.9979085956344163,0.9885883347421809,0.9911630036630036,,
star,64,sparse_pulse,64025,0.1,in_distribution,candidate_calibration,,,,,0.06016077481846284,0.19357287678397872
star,64,sparse_pulse,64025,1.1,in_distribution,candidate,0.8461538461538461,0.9634716089300104,0.9626696832579186,0.91753663003663,,
star,64,sparse_pulse,64025,1.1,in_distribution,activity,0.6153846153846154,0.849643957454178,0.7307685684027878,0.6291666666666665,,
star,64,sparse_pulse,64025,1.1,in_distribution,local_error,0.38461538461538464,0.6734697820879111,0.5374481350725696,0.31309523809523804,,
star,64,sparse_pulse,64025,1.1,in_distribution,degree,0.3076923076923077,0.579212127422268,0.2555819017076781,0.12617262066409055,,
star,64,sparse_pulse,64025,1.1,in_distribution,random_expected,0.2123076923076923,0.47010487982019805,0.2504854141742139,nan,,
star,64,sparse_pulse,64025,1.1,in_distribution,selected_baseline,0.6153846153846154,0.849643957454178,0.7307685684027878,0.6291666666666665,,
star,64,sparse_pulse,64025,1.1,in_distribution,candidate_calibration,,,,,0.16282614015092622,0.22632461740559215
star,128,sparse_pulse,128021,0.1,in_distribution,candidate,0.9230769230769231,0.9951936563750338,0.9871367143515687,0.9947697308185315,,
star,128,sparse_pulse,128021,0.1,in_distribution,activity,0.8846153846153846,0.9777180262761145,0.9718528520020484,0.9809615912836477,,
star,128,sparse_pulse,128021,0.1,in_distribution,local_error,0.5,0.7863889790569535,0.5294143272698979,0.4829014832448269,,
star,128,sparse_pulse,128021,0.1,in_distribution,degree,0.19230769230769232,0.5508614048144156,0.28443685567177845,0.13568770431168758,,
star,128,sparse_pulse,128021,0.1,in_distribution,random_expected,0.19653846153846158,0.42406975001931435,0.22938895407376328,nan,,
star,128,sparse_pulse,128021,0.1,in_distribution,selected_baseline,0.8846153846153846,0.9777180262761145,0.9718528520020484,0.9809615912836477,,
star,128,sparse_pulse,128021,0.1,in_distribution,candidate_calibration,,,,,0.07131923479176734,0.18239074414573841
star,128,sparse_pulse,128021,1.1,in_distribution,candidate,0.8076923076923077,0.9663280591310841,0.8547817162780856,0.9402353048892144,,
star,128,sparse_pulse,128021,1.1,in_distribution,activity,0.8846153846153846,0.932694832977233,0.9612166856132375,0.5656244277604834,,
star,128,sparse_pulse,128021,1.1,in_distribution,local_error,0.5769230769230769,0.7293216891336025,0.661967246446983,-0.021727934444240978,,
star,128,sparse_pulse,128021,1.1,in_distribution,degree,0.2692307692307692,0.5365084942074909,0.28583216489646684,0.14529391346649734,,
star,128,sparse_pulse,128021,1.1,in_distribution,random_expected,0.1992307692307692,0.43202793682547075,0.22640218153598796,nan,,
star,128,sparse_pulse,128021,1.1,in_distribution,selected_baseline,0.8846153846153846,0.932694832977233,0.9612166856132375,0.5656244277604834,,
star,128,sparse_pulse,128021,1.1,in_distribution,candidate_calibration,,,,,0.15673687213861615,0.17773457155654057
star,128,sparse_pulse,128022,0.1,in_distribution,candidate,0.9615384615384616,0.999165574579169,0.9948717948717949,0.9972303607397911,,
star,128,sparse_pulse,128022,0.1,in_distribution,activity,1.0,0.9978005078426841,1.0,0.9913591832997618,,
star,128,sparse_pulse,128022,0.1,in_distribution,local_error,0.7307692307692307,0.8971380570962786,0.8316500059092685,0.597784288591833,,
star,128,sparse_pulse,128022,0.1,in_distribution,degree,0.11538461538461539,0.3086493648979972,0.16181288461978702,0.07324734480542429,,
star,128,sparse_pulse,128022,0.1,in_distribution,random_expected,0.1884615384615385,0.3758265036543974,0.2203064411037128,nan,,
star,128,sparse_pulse,128022,0.1,in_distribution,selected_baseline,1.0,0.9978005078426841,1.0,0.9913591832997618,,
star,128,sparse_pulse,128022,0.1,in_distribution,candidate_calibration,,,,,0.06712997286544384,0.21015421800864922
star,128,sparse_pulse,128022,1.1,in_distribution,candidate,0.6923076923076923,0.9401580487522159,0.8026272015523715,0.8425139626442043,,
star,128,sparse_pulse,128022,1.1,in_distribution,activity,0.6923076923076923,0.867930913470724,0.8492072900339512,0.7007416224134773,,
star,128,sparse_pulse,128022,1.1,in_distribution,local_error,0.6153846153846154,0.8228505989556895,0.7686268691741511,0.5347807178172496,,
star,128,sparse_pulse,128022,1.1,in_distribution,degree,0.11538461538461539,0.3405628349064081,0.1668160972820147,0.0540349264958048,,
star,128,sparse_pulse,128022,1.1,in_distribution,random_expected,0.1984615384615385,0.42458406558793077,0.22576239146504481,nan,,
star,128,sparse_pulse,128022,1.1,in_distribution,selected_baseline,0.6923076923076923,0.867930913470724,0.8492072900339512,0.7007416224134773,,
star,128,sparse_pulse,128022,1.1,in_distribution,candidate_calibration,,,,,0.1652197904927811,0.16178164468693346
star,128,sparse_pulse,128023,0.1,in_distribution,candidate,0.9230769230769231,0.9962309029132989,0.9870870745945708,0.996085881706647,,
star,128,sparse_pulse,128023,0.1,in_distribution,activity,0.9230769230769231,0.9919746308531231,0.9697703824010813,0.9819229536714886,,
star,128,sparse_pulse,128023,0.1,in_distribution,local_error,0.7692307692307693,0.9051884779058276,0.8275048975072367,0.5119655282915218,,
star,128,sparse_pulse,128023,0.1,in_distribution,degree,0.19230769230769232,0.41747925678779585,0.23323376960205586,0.11167218142466324,,
star,128,sparse_pulse,128023,0.1,in_distribution,random_expected,0.19692307692307698,0.37790638770173984,0.23167259255786582,nan,,
star,128,sparse_pulse,128023,0.1,in_distribution,selected_baseline,0.9230769230769231,0.9919746308531231,0.9697703824010813,0.9819229536714886,,
star,128,sparse_pulse,128023,0.1,in_distribution,candidate_calibration,,,,,0.07076428529091605,0.1946358783032287
star,128,sparse_pulse,128023,1.1,in_distribution,candidate,0.7692307692307693,0.9451572703101049,0.8142907007840355,0.8111495147408899,,
star,128,sparse_pulse,128023,1.1,in_distribution,activity,0.6153846153846154,0.8662987820939103,0.7451216852957324,0.6417322834645669,,
star,128,sparse_pulse,128023,1.1,in_distribution,local_error,0.5384615384615384,0.8183318091238151,0.6178177167606637,0.45118796923640364,,
star,128,sparse_pulse,128023,1.1,in_distribution,degree,0.15384615384615385,0.4828374355429855,0.16609889042371354,0.07084579251672185,,
star,128,sparse_pulse,128023,1.1,in_distribution,random_expected,0.21000000000000005,0.4815316304515582,0.22753176447086124,nan,,
star,128,sparse_pulse,128023,1.1,in_distribution,selected_baseline,0.6153846153846154,0.8662987820939103,0.7451216852957324,0.6417322834645669,,
star,128,sparse_pulse,128023,1.1,in_distribution,candidate_calibration,,,,,0.1658285827736124,0.18112964121162012
star,128,sparse_pulse,128024,0.1,in_distribution,candidate,0.8846153846153846,0.994108585742871,0.96852415378609,0.9927554477201976,,
star,128,sparse_pulse,128024,0.1,in_distribution,activity,0.8846153846153846,0.9910202990345314,0.9742457251227867,0.9869071598608313,,
star,128,sparse_pulse,128024,0.1,in_distribution,local_error,0.5769230769230769,0.8052367218876972,0.6339734116626163,0.321346822926204,,
star,128,sparse_pulse,128024,0.1,in_distribution,degree,0.15384615384615385,0.34871579233978,0.22260034685912686,0.13328615202298516,,
star,128,sparse_pulse,128024,0.1,in_distribution,random_expected,0.1976923076923077,0.39715175945402137,0.2283181332186054,nan,,
star,128,sparse_pulse,128024,0.1,in_distribution,selected_baseline,0.8846153846153846,0.9910202990345314,0.9742457251227867,0.9869071598608313,,
star,128,sparse_pulse,128024,0.1,in_distribution,candidate_calibration,,,,,0.07725331197868987,0.1870088269234431
star,128,sparse_pulse,128024,1.1,in_distribution,candidate,0.8076923076923077,0.976713610727646,0.9139868997866653,0.8771973997436366,,
star,128,sparse_pulse,128024,1.1,in_distribution,activity,0.8076923076923077,0.9092715858217972,0.8824445189497305,0.6811767533418788,,
star,128,sparse_pulse,128024,1.1,in_distribution,local_error,0.6923076923076923,0.8539868978481698,0.7525107274476946,0.5835641366050174,,
star,128,sparse_pulse,128024,1.1,in_distribution,degree,0.19230769230769232,0.32786268617091635,0.21315954900460946,0.058838031073209666,,
star,128,sparse_pulse,128024,1.1,in_distribution,random_expected,0.20653846153846153,0.3771416153895783,0.23352105854213018,nan,,
star,128,sparse_pulse,128024,1.1,in_distribution,selected_baseline,0.8076923076923077,0.9092715858217972,0.8824445189497305,0.6811767533418788,,
star,128,sparse_pulse,128024,1.1,in_distribution,candidate_calibration,,,,,0.16153258746974897,0.18974771141059976
star,128,sparse_pulse,128025,0.1,in_distribution,candidate,0.9230769230769231,0.988282756884529,0.9895904779600431,0.9931388481963009,,
star,128,sparse_pulse,128025,0.1,in_distribution,activity,0.9230769230769231,0.9906160174394584,0.9776635499213971,0.9747356253433437,,
star,128,sparse_pulse,128025,0.1,in_distribution,local_error,0.46153846153846156,0.7464033880619576,0.5145818919502804,0.10675700421168284,,
star,128,sparse_pulse,128025,0.1,in_distribution,degree,0.11538461538461539,0.38000575487557875,0.2296049533080707,0.15009701804390221,,
star,128,sparse_pulse,128025,0.1,in_distribution,random_expected,0.20076923076923076,0.3589011866902694,0.22945202346405305,nan,,
star,128,sparse_pulse,128025,0.1,in_distribution,selected_baseline,0.9230769230769231,0.9906160174394584,0.9776635499213971,0.9747356253433437,,
star,128,sparse_pulse,128025,0.1,in_distribution,candidate_calibration,,,,,0.05500073458838932,0.16284188634566932
star,128,sparse_pulse,128025,1.1,in_distribution,candidate,0.6923076923076923,0.9027765271150533,0.8244967056674768,0.9206303790514558,,
star,128,sparse_pulse,128025,1.1,in_distribution,activity,0.7692307692307693,0.9346254042169942,0.8842910792786282,0.6854399377403405,,
star,128,sparse_pulse,128025,1.1,in_distribution,local_error,0.5769230769230769,0.8400396876166979,0.6918386965137698,0.2482947262406153,,
star,128,sparse_pulse,128025,1.1,in_distribution,degree,0.07692307692307693,0.4690206970527794,0.2322050490726738,0.15009701804390221,,
star,128,sparse_pulse,128025,1.1,in_distribution,random_expected,0.2096153846153846,0.5035732082910802,0.23141551559636558,nan,,
star,128,sparse_pulse,128025,1.1,in_distribution,selected_baseline,0.7692307692307693,0.9346254042169942,0.8842910792786282,0.6854399377403405,,
star,128,sparse_pulse,128025,1.1,in_distribution,candidate_calibration,,,,,0.16141468187095664,0.1771402642753262
feedback_ring,16,sparse_pulse,16021,0.1,in_distribution,candidate,1.0,1.0,1.0,0.9970588235294118,,
feedback_ring,16,sparse_pulse,16021,0.1,in_distribution,activity,1.0,1.0,1.0,0.9970588235294118,,
feedback_ring,16,sparse_pulse,16021,0.1,in_distribution,local_error,0.75,0.9770849342889609,0.95,0.6764705882352942,,
feedback_ring,16,sparse_pulse,16021,0.1,in_distribution,degree,0.5,0.5030901159019858,0.5277777777777777,0.0,,
feedback_ring,16,sparse_pulse,16021,0.1,in_distribution,random_expected,0.2675,0.40220459213098053,0.38905206598956604,nan,,
feedback_ring,16,sparse_pulse,16021,0.1,in_distribution,selected_baseline,1.0,1.0,1.0,0.9970588235294118,,
feedback_ring,16,sparse_pulse,16021,0.1,in_distribution,candidate_calibration,,,,,0.06927450975572158,0.22493793027185235
feedback_ring,16,sparse_pulse,16021,1.1,in_distribution,candidate,0.5,0.7431974925482413,0.6428571428571428,0.6588235294117648,,
feedback_ring,16,sparse_pulse,16021,1.1,in_distribution,activity,0.5,0.9017408280969152,0.65,0.8470588235294119,,
feedback_ring,16,sparse_pulse,16021,1.1,in_distribution,local_error,0.25,0.8782921949326632,0.5583333333333333,0.6764705882352942,,
feedback_ring,16,sparse_pulse,16021,1.1,in_distribution,degree,0.0,0.4256028940508409,0.25357142857142856,0.0,,
feedback_ring,16,sparse_pulse,16021,1.1,in_distribution,random_expected,0.305,0.5615137187629928,0.4047486055611055,nan,,
feedback_ring,16,sparse_pulse,16021,1.1,in_distribution,selected_baseline,0.5,0.9017408280969152,0.65,0.8470588235294119,,
feedback_ring,16,sparse_pulse,16021,1.1,in_distribution,candidate_calibration,,,,,0.20661662872638484,0.2596760163729037
feedback_ring,16,sparse_pulse,16022,0.1,in_distribution,candidate,1.0,1.0,1.0,0.9970588235294118,,
feedback_ring,16,sparse_pulse,16022,0.1,in_distribution,activity,1.0,1.0,1.0,0.9970588235294118,,
feedback_ring,16,sparse_pulse,16022,0.1,in_distribution,local_error,1.0,0.996886890461743,1.0,0.7382352941176471,,
feedback_ring,16,sparse_pulse,16022,0.1,in_distribution,degree,0.0,0.2433415513748264,0.23115079365079363,0.0,,
feedback_ring,16,sparse_pulse,16022,0.1,in_distribution,random_expected,0.255,0.41666745365060154,0.3716261655011654,nan,,
feedback_ring,16,sparse_pulse,16022,0.1,in_distribution,selected_baseline,1.0,1.0,1.0,0.9970588235294118,,
feedback_ring,16,sparse_pulse,16022,0.1,in_distribution,candidate_calibration,,,,,0.05989111059127766,0.2140865998699345
feedback_ring,16,sparse_pulse,16022,1.1,in_distribution,candidate,0.75,0.969322721116353,0.875,0.6705882352941177,,
feedback_ring,16,sparse_pulse,16022,1.1,in_distribution,activity,0.75,0.8548816190325059,0.6791666666666667,0.8823529411764707,,
feedback_ring,16,sparse_pulse,16022,1.1,in_distribution,local_error,0.75,0.8548816190325059,0.6220238095238095,0.8029411764705883,,
feedback_ring,16,sparse_pulse,16022,1.1,in_distribution,degree,0.0,0.21196459851565772,0.22073412698412698,0.0,,
feedback_ring,16,sparse_pulse,16022,1.1,in_distribution,random_expected,0.245,0.5271016288629506,0.3754873945498946,nan,,
feedback_ring,16,sparse_pulse,16022,1.1,in_distribution,selected_baseline,0.75,0.8548816190325059,0.6791666666666667,0.8823529411764707,,
feedback_ring,16,sparse_pulse,16022,1.1,in_distribution,candidate_calibration,,,,,0.19953154161026493,0.2712414700947907
feedback_ring,16,sparse_pulse,16023,0.1,in_distribution,candidate,1.0,1.0,1.0,0.9941176470588234,,
feedback_ring,16,sparse_pulse,16023,0.1,in_distribution,activity,1.0,1.0,1.0,1.0,,
feedback_ring,16,sparse_pulse,16023,0.1,in_distribution,local_error,0.75,0.9239585555363373,0.8875,0.7941176470588236,,
feedback_ring,16,sparse_pulse,16023,0.1,in_distribution,degree,0.25,0.5051273703901875,0.4201923076923077,0.0,,
feedback_ring,16,sparse_pulse,16023,0.1,in_distribution,random_expected,0.27,0.5651654073404286,0.3813810911310911,nan,,
feedback_ring,16,sparse_pulse,16023,0.1,in_distribution,selected_baseline,1.0,1.0,1.0,1.0,,
feedback_ring,16,sparse_pulse,16023,0.1,in_distribution,candidate_calibration,,,,,0.13486768323172077,0.32113983294401516
feedback_ring,16,sparse_pulse,16023,1.1,in_distribution,candidate,0.5,0.9821481158052128,0.698051948051948,0.7764705882352941,,
feedback_ring,16,sparse_pulse,16023,1.1,in_distribution,activity,0.25,0.8046910829102714,0.5821428571428571,0.711764705882353,,
feedback_ring,16,sparse_pulse,16023,1.1,in_distribution,local_error,0.25,0.7810438893005734,0.5381944444444444,0.6058823529411764,,
feedback_ring,16,sparse_pulse,16023,1.1,in_distribution,degree,0.0,0.4776561563900449,0.2375,0.0,,
feedback_ring,16,sparse_pulse,16023,1.1,in_distribution,random_expected,0.245,0.6182769847368413,0.3597155969030969,nan,,
feedback_ring,16,sparse_pulse,16023,1.1,in_distribution,selected_baseline,0.25,0.8046910829102714,0.5821428571428571,0.711764705882353,,
feedback_ring,16,sparse_pulse,16023,1.1,in_distribution,candidate_calibration,,,,,0.1989756574407106,0.26423549579882666
feedback_ring,16,sparse_pulse,16024,0.1,in_distribution,candidate,0.75,0.99548074001333,0.95,0.9970588235294118,,
feedback_ring,16,sparse_pulse,16024,0.1,in_distribution,activity,1.0,0.9989301582292245,1.0,0.988235294117647,,
feedback_ring,16,sparse_pulse,16024,0.1,in_distribution,local_error,0.75,0.9691692611451775,0.8875,0.9147058823529413,,
feedback_ring,16,sparse_pulse,16024,0.1,in_distribution,degree,0.75,0.9162277090423688,0.6950757575757576,0.0,,
feedback_ring,16,sparse_pulse,16024,0.1,in_distribution,random_expected,0.25,0.49656167423755515,0.36135996642246637,nan,,
feedback_ring,16,sparse_pulse,16024,0.1,in_distribution,selected_baseline,1.0,0.9989301582292245,1.0,0.988235294117647,,
feedback_ring,16,sparse_pulse,16024,0.1,in_distribution,candidate_calibration,,,,,0.11251893759766615,0.23628784130292063
feedback_ring,16,sparse_pulse,16024,1.1,in_distribution,candidate,0.5,0.9332594188439964,0.7321428571428571,0.8441176470588234,,
feedback_ring,16,sparse_pulse,16024,1.1,in_distribution,activity,0.75,0.9397835917810177,0.7470238095238095,0.7558823529411764,,
feedback_ring,16,sparse_pulse,16024,1.1,in_distribution,local_error,0.75,0.9397835917810177,0.7041666666666666,0.6911764705882353,,
feedback_ring,16,sparse_pulse,16024,1.1,in_distribution,degree,0.75,0.766944576960262,0.5791666666666666,0.0,,
feedback_ring,16,sparse_pulse,16024,1.1,in_distribution,random_expected,0.245,0.5211068397632207,0.3604745324120324,nan,,
feedback_ring,16,sparse_pulse,16024,1.1,in_distribution,selected_baseline,0.75,0.9397835917810177,0.7470238095238095,0.7558823529411764,,
feedback_ring,16,sparse_pulse,16024,1.1,in_distribution,candidate_calibration,,,,,0.20680053970285422,0.2840994609662699
feedback_ring,16,sparse_pulse,16025,0.1,in_distribution,candidate,1.0,1.0,1.0,0.9941176470588234,,
feedback_ring,16,sparse_pulse,16025,0.1,in_distribution,activity,1.0,1.0,1.0,0.9205882352941176,,
feedback_ring,16,sparse_pulse,16025,0.1,in_distribution,local_error,0.75,0.9454781114947941,0.8041666666666667,0.7764705882352941,,
feedback_ring,16,sparse_pulse,16025,0.1,in_distribution,degree,0.25,0.5160995119383587,0.275,0.0,,
feedback_ring,16,sparse_pulse,16025,0.1,in_distribution,random_expected,0.2175,0.4794316543627618,0.3503604242979243,nan,,
feedback_ring,16,sparse_pulse,16025,0.1,in_distribution,selected_baseline,1.0,1.0,1.0,0.9205882352941176,,
feedback_ring,16,sparse_pulse,16025,0.1,in_distribution,candidate_calibration,,,,,0.08686845900314702,0.26640215734609596
feedback_ring,16,sparse_pulse,16025,1.1,in_distribution,candidate,0.5,0.8964019787318801,0.6846590909090909,0.6852941176470588,,
feedback_ring,16,sparse_pulse,16025,1.1,in_distribution,activity,0.75,0.9757309502569027,0.7875,0.8264705882352942,,
feedback_ring,16,sparse_pulse,16025,1.1,in_distribution,local_error,0.5,0.8539809956940284,0.7048611111111112,0.6882352941176471,,
feedback_ring,16,sparse_pulse,16025,1.1,in_distribution,degree,0.5,0.6471309242414586,0.4380952380952381,0.0,,
feedback_ring,16,sparse_pulse,16025,1.1,in_distribution,random_expected,0.2325,0.5712683566316566,0.3642220557220557,nan,,
feedback_ring,16,sparse_pulse,16025,1.1,in_distribution,selected_baseline,0.75,0.9757309502569027,0.7875,0.8264705882352942,,
feedback_ring,16,sparse_pulse,16025,1.1,in_distribution,candidate_calibration,,,,,0.20899510734112925,0.26477446790522613
feedback_ring,64,sparse_pulse,64021,0.1,in_distribution,candidate,1.0,0.9984045078667824,1.0,0.9943223443223441,,
feedback_ring,64,sparse_pulse,64021,0.1,in_distribution,activity,0.9230769230769231,0.9899475892314965,0.9885883347421809,0.9847527472527472,,
feedback_ring,64,sparse_pulse,64021,0.1,in_distribution,local_error,0.6923076923076923,0.8809008355893476,0.8078066225663479,0.6710164835164834,,
feedback_ring,64,sparse_pulse,64021,0.1,in_distribution,degree,0.3076923076923077,0.6042056676179429,0.4111621523045331,0.0,,
feedback_ring,64,sparse_pulse,64021,0.1,in_distribution,random_expected,0.21076923076923076,0.3983398301163559,0.250096287382581,nan,,
feedback_ring,64,sparse_pulse,64021,0.1,in_distribution,selected_baseline,0.9230769230769231,0.9899475892314965,0.9885883347421809,0.9847527472527472,,
feedback_ring,64,sparse_pulse,64021,0.1,in_distribution,candidate_calibration,,,,,0.0613893490846216,0.20494703716714446
feedback_ring,64,sparse_pulse,64021,1.1,in_distribution,candidate,0.8461538461538461,0.9875430013763172,0.9557605855682779,0.8613553113553112,,
feedback_ring,64,sparse_pulse,64021,1.1,in_distribution,activity,0.7692307692307693,0.9059664864223018,0.774554261289457,0.8287087912087912,,
feedback_ring,64,sparse_pulse,64021,1.1,in_distribution,local_error,0.6153846153846154,0.8169583744598065,0.6851087284285664,0.659478021978022,,
feedback_ring,64,sparse_pulse,64021,1.1,in_distribution,degree,0.15384615384615385,0.4478140707880189,0.27898550687765816,0.0,,
feedback_ring,64,sparse_pulse,64021,1.1,in_distribution,random_expected,0.22461538461538463,0.41107117674589166,0.2543522371920357,nan,,
feedback_ring,64,sparse_pulse,64021,1.1,in_distribution,selected_baseline,0.7692307692307693,0.9059664864223018,0.774554261289457,0.8287087912087912,,
feedback_ring,64,sparse_pulse,64021,1.1,in_distribution,candidate_calibration,,,,,0.16092907173525794,0.22513757851939759
feedback_ring,64,sparse_pulse,64022,0.1,in_distribution,candidate,0.9230769230769231,0.9973207148783974,0.9796597633136095,0.9970238095238094,,
feedback_ring,64,sparse_pulse,64022,0.1,in_distribution,activity,1.0,0.9989081796070105,1.0,0.9927197802197801,,
feedback_ring,64,sparse_pulse,64022,0.1,in_distribution,local_error,0.7692307692307693,0.9296685593725568,0.9113244211928422,0.7368131868131867,,
feedback_ring,64,sparse_pulse,64022,0.1,in_distribution,degree,0.15384615384615385,0.5045283542251001,0.3495738055657344,0.0,,
feedback_ring,64,sparse_pulse,64022,0.1,in_distribution,random_expected,0.20615384615384613,0.4152850932950528,0.2582295497823187,nan,,
feedback_ring,64,sparse_pulse,64022,0.1,in_distribution,selected_baseline,1.0,0.9989081796070105,1.0,0.9927197802197801,,
feedback_ring,64,sparse_pulse,64022,0.1,in_distribution,candidate_calibration,,,,,0.12910291274434085,0.24378084689310836
feedback_ring,64,sparse_pulse,64022,1.1,in_distribution,candidate,0.6923076923076923,0.908337623293725,0.8401923171427815,0.8081959706959706,,
feedback_ring,64,sparse_pulse,64022,1.1,in_distribution,activity,0.8461538461538461,0.897499532187473,0.8562309485386408,0.8363095238095236,,
feedback_ring,64,sparse_pulse,64022,1.1,in_distribution,local_error,0.7692307692307693,0.8407348169212137,0.73013283013283,0.7337912087912087,,
feedback_ring,64,sparse_pulse,64022,1.1,in_distribution,degree,0.3076923076923077,0.5926173862656718,0.40815986329411696,0.0,,
feedback_ring,64,sparse_pulse,64022,1.1,in_distribution,random_expected,0.2123076923076923,0.4293408902911747,0.26422572695499236,nan,,
feedback_ring,64,sparse_pulse,64022,1.1,in_distribution,selected_baseline,0.8461538461538461,0.897499532187473,0.8562309485386408,0.8363095238095236,,
feedback_ring,64,sparse_pulse,64022,1.1,in_distribution,candidate_calibration,,,,,0.1613481317423321,0.18759889312724426
feedback_ring,64,sparse_pulse,64023,0.1,in_distribution,candidate,1.0,0.9995564624218571,1.0,0.9935439560439557,,
feedback_ring,64,sparse_pulse,64023,0.1,in_distribution,activity,1.0,0.9980392579723176,1.0,0.9939560439560439,,
feedback_ring,64,sparse_pulse,64023,0.1,in_distribution,local_error,0.7692307692307693,0.8722896534200015,0.8564286504688982,0.7731684981684981,,
feedback_ring,64,sparse_pulse,64023,0.1,in_distribution,degree,0.3076923076923077,0.3728339503158773,0.2754194974405698,0.0,,
feedback_ring,64,sparse_pulse,64023,0.1,in_distribution,random_expected,0.20153846153846153,0.39712035514828364,0.24965496294741282,nan,,
feedback_ring,64,sparse_pulse,64023,0.1,in_distribution,selected_baseline,1.0,0.9980392579723176,1.0,0.9939560439560439,,
feedback_ring,64,sparse_pulse,64023,0.1,in_distribution,candidate_calibration,,,,,0.0690667448902746,0.21383369711429862
feedback_ring,64,sparse_pulse,64023,1.1,in_distribution,candidate,0.6153846153846154,0.9240569549901538,0.8059827685214682,0.6749084249084248,,
feedback_ring,64,sparse_pulse,64023,1.1,in_distribution,activity,0.7692307692307693,0.8814460976766293,0.865169123499083,0.8113553113553112,,
feedback_ring,64,sparse_pulse,64023,1.1,in_distribution,local_error,0.5384615384615384,0.7470230335000463,0.7199588809882927,0.6613553113553112,,
feedback_ring,64,sparse_pulse,64023,1.1,in_distribution,degree,0.15384615384615385,0.3710740011103628,0.1900148083924978,0.0,,
feedback_ring,64,sparse_pulse,64023,1.1,in_distribution,random_expected,0.2069230769230769,0.40064671145864195,0.24734645998765997,nan,,
feedback_ring,64,sparse_pulse,64023,1.1,in_distribution,selected_baseline,0.7692307692307693,0.8814460976766293,0.865169123499083,0.8113553113553112,,
feedback_ring,64,sparse_pulse,64023,1.1,in_distribution,candidate_calibration,,,,,0.1647490156237576,0.1782964599419008
feedback_ring,64,sparse_pulse,64024,0.1,in_distribution,candidate,1.0,0.999943529015282,1.0,0.9952380952380951,,
feedback_ring,64,sparse_pulse,64024,0.1,in_distribution,activity,0.9230769230769231,0.998192635756456,0.9885883347421809,0.9821886446886448,,
feedback_ring,64,sparse_pulse,64024,0.1,in_distribution,local_error,0.6923076923076923,0.913784795185602,0.7965912641502477,0.7721153846153844,,
feedback_ring,64,sparse_pulse,64024,0.1,in_distribution,degree,0.23076923076923078,0.45010068163164546,0.32423415556864915,0.0,,
feedback_ring,64,sparse_pulse,64024,0.1,in_distribution,random_expected,0.18846153846153843,0.341803427625581,0.25109912996745815,nan,,
feedback_ring,64,sparse_pulse,64024,0.1,in_distribution,selected_baseline,0.9230769230769231,0.998192635756456,0.9885883347421809,0.9821886446886448,,
feedback_ring,64,sparse_pulse,64024,0.1,in_distribution,candidate_calibration,,,,,0.060749407276322595,0.1907856647668344
feedback_ring,64,sparse_pulse,64024,1.1,in_distribution,candidate,0.7692307692307693,0.9273004778938791,0.8311632811632812,0.7407051282051281,,
feedback_ring,64,sparse_pulse,64024,1.1,in_distribution,activity,0.8461538461538461,0.933770903535388,0.9458579881656806,0.8263278388278388,,
feedback_ring,64,sparse_pulse,64024,1.1,in_distribution,local_error,0.7692307692307693,0.8901166935244766,0.8595256879872266,0.6503663003663003,,
feedback_ring,64,sparse_pulse,64024,1.1,in_distribution,degree,0.23076923076923078,0.4504966673115926,0.31549505815511064,0.0,,
feedback_ring,64,sparse_pulse,64024,1.1,in_distribution,random_expected,0.20384615384615384,0.3613162444866378,0.251600402010181,nan,,
feedback_ring,64,sparse_pulse,64024,1.1,in_distribution,selected_baseline,0.8461538461538461,0.933770903535388,0.9458579881656806,0.8263278388278388,,
feedback_ring,64,sparse_pulse,64024,1.1,in_distribution,candidate_calibration,,,,,0.1640472647884818,0.19416090549561288
feedback_ring,64,sparse_pulse,64025,0.1,in_distribution,candidate,0.9230769230769231,0.9979754555910156,0.9855769230769231,0.9938186813186812,,
feedback_ring,64,sparse_pulse,64025,0.1,in_distribution,activity,0.9230769230769231,0.998585391958419,0.9897435897435898,0.9929945054945054,,
feedback_ring,64,sparse_pulse,64025,0.1,in_distribution,local_error,0.9230769230769231,0.9558742350172206,0.9165922752461213,0.7401556776556776,,
feedback_ring,64,sparse_pulse,64025,0.1,in_distribution,degree,0.07692307692307693,0.40396963134637925,0.19015853614197267,0.0,,
feedback_ring,64,sparse_pulse,64025,0.1,in_distribution,random_expected,0.20384615384615387,0.3722954944260784,0.25052262836084904,nan,,
feedback_ring,64,sparse_pulse,64025,0.1,in_distribution,selected_baseline,0.9230769230769231,0.998585391958419,0.9897435897435898,0.9929945054945054,,
feedback_ring,64,sparse_pulse,64025,0.1,in_distribution,candidate_calibration,,,,,0.06015062782765143,0.19133323749847642
feedback_ring,64,sparse_pulse,64025,1.1,in_distribution,candidate,0.5384615384615384,0.880463056572886,0.7186737437406483,0.7836996336996336,,
feedback_ring,64,sparse_pulse,64025,1.1,in_distribution,activity,0.8461538461538461,0.9176176094355928,0.9289719052876946,0.8913919413919413,,
feedback_ring,64,sparse_pulse,64025,1.1,in_distribution,local_error,0.6923076923076923,0.8529342980522329,0.8486273690078038,0.7761446886446886,,
feedback_ring,64,sparse_pulse,64025,1.1,in_distribution,degree,0.07692307692307693,0.4704481942350937,0.17623855747048278,0.0,,
feedback_ring,64,sparse_pulse,64025,1.1,in_distribution,random_expected,0.19538461538461538,0.41537978542203496,0.24580494482309714,nan,,
feedback_ring,64,sparse_pulse,64025,1.1,in_distribution,selected_baseline,0.8461538461538461,0.9176176094355928,0.9289719052876946,0.8913919413919413,,
feedback_ring,64,sparse_pulse,64025,1.1,in_distribution,candidate_calibration,,,,,0.16917340913434303,0.19973276175857038
feedback_ring,128,sparse_pulse,128021,0.1,in_distribution,candidate,1.0,0.998925958524071,1.0,0.9970815784654825,,
feedback_ring,128,sparse_pulse,128021,0.1,in_distribution,activity,0.9230769230769231,0.9829971830888651,0.9726086687929332,0.9877254623695293,,
feedback_ring,128,sparse_pulse,128021,0.1,in_distribution,local_error,0.7307692307692307,0.9244191466302525,0.8129608664571676,0.7812957791613258,,
feedback_ring,128,sparse_pulse,128021,0.1,in_distribution,degree,0.23076923076923078,0.5573271860508163,0.3064531943646019,0.0,,
feedback_ring,128,sparse_pulse,128021,0.1,in_distribution,random_expected,0.19346153846153846,0.43036349392647005,0.2262626325108188,nan,,
feedback_ring,128,sparse_pulse,128021,0.1,in_distribution,selected_baseline,0.9230769230769231,0.9829971830888651,0.9726086687929332,0.9877254623695293,,
feedback_ring,128,sparse_pulse,128021,0.1,in_distribution,candidate_calibration,,,,,0.08289776682380617,0.23668089282702107
feedback_ring,128,sparse_pulse,128021,1.1,in_distribution,candidate,0.7692307692307693,0.9559579957678315,0.8385997421810166,0.7653474638344625,,
feedback_ring,128,sparse_pulse,128021,1.1,in_distribution,activity,0.6538461538461539,0.8211485352959219,0.7181056569226105,0.8332608496612341,,
feedback_ring,128,sparse_pulse,128021,1.1,in_distribution,local_error,0.5769230769230769,0.747076756144662,0.5832536046371576,0.7177028016846732,,
feedback_ring,128,sparse_pulse,128021,1.1,in_distribution,degree,0.3076923076923077,0.6450637677540997,0.3271827203820234,0.0,,
feedback_ring,128,sparse_pulse,128021,1.1,in_distribution,random_expected,0.2065384615384615,0.45025645279457566,0.22864655692834052,nan,,
feedback_ring,128,sparse_pulse,128021,1.1,in_distribution,selected_baseline,0.6538461538461539,0.8211485352959219,0.7181056569226105,0.8332608496612341,,
feedback_ring,128,sparse_pulse,128021,1.1,in_distribution,candidate_calibration,,,,,0.16391916438608786,0.1793255903717902
feedback_ring,128,sparse_pulse,128022,0.1,in_distribution,candidate,0.9615384615384616,0.9982606899585149,0.9972527472527472,0.9968584050540193,,
feedback_ring,128,sparse_pulse,128022,0.1,in_distribution,activity,0.9615384615384616,0.9962672895408093,0.9922829421909688,0.994140267350302,,
feedback_ring,128,sparse_pulse,128022,0.1,in_distribution,local_error,0.6923076923076923,0.9239262990875151,0.8679742107852892,0.7846719923091009,,
feedback_ring,128,sparse_pulse,128022,0.1,in_distribution,degree,0.11538461538461539,0.2998901124239617,0.16592841807809974,0.0,,
feedback_ring,128,sparse_pulse,128022,0.1,in_distribution,random_expected,0.2007692307692308,0.3760879457609843,0.22649497094739157,nan,,
feedback_ring,128,sparse_pulse,128022,0.1,in_distribution,selected_baseline,0.9615384615384616,0.9962672895408093,0.9922829421909688,0.994140267350302,,
feedback_ring,128,sparse_pulse,128022,0.1,in_distribution,candidate_calibration,,,,,0.06576500985892006,0.20907745030930397
feedback_ring,128,sparse_pulse,128022,1.1,in_distribution,candidate,0.6923076923076923,0.8987612500731397,0.7985454846998472,0.6137097143380333,,
feedback_ring,128,sparse_pulse,128022,1.1,in_distribution,activity,0.7307692307692307,0.8756269295595446,0.8118862958871527,0.8108691173777697,,
feedback_ring,128,sparse_pulse,128022,1.1,in_distribution,local_error,0.6153846153846154,0.8314159868759046,0.7066971571998548,0.7253822559970701,,
feedback_ring,128,sparse_pulse,128022,1.1,in_distribution,degree,0.15384615384615385,0.37485247938671384,0.16586123963519098,0.0,,
feedback_ring,128,sparse_pulse,128022,1.1,in_distribution,random_expected,0.2046153846153846,0.42714962767199216,0.2338624581063063,nan,,
feedback_ring,128,sparse_pulse,128022,1.1,in_distribution,selected_baseline,0.7307692307692307,0.8756269295595446,0.8118862958871527,0.8108691173777697,,
feedback_ring,128,sparse_pulse,128022,1.1,in_distribution,candidate_calibration,,,,,0.16833014067928498,0.14010087543205088
feedback_ring,128,sparse_pulse,128023,0.1,in_distribution,candidate,1.0,0.999505631587113,1.0,0.9965722852957333,,
feedback_ring,128,sparse_pulse,128023,0.1,in_distribution,activity,0.9230769230769231,0.9935649193454328,0.9721042210001017,0.9857397912470243,,
feedback_ring,128,sparse_pulse,128023,0.1,in_distribution,local_error,0.7692307692307693,0.9486992580953679,0.8679262186154358,0.8145200054934993,,
feedback_ring,128,sparse_pulse,128023,0.1,in_distribution,degree,0.19230769230769232,0.39252104211055094,0.23323376960205586,0.0,,
feedback_ring,128,sparse_pulse,128023,0.1,in_distribution,random_expected,0.20192307692307698,0.3659884235313751,0.22941223971146754,nan,,
feedback_ring,128,sparse_pulse,128023,0.1,in_distribution,selected_baseline,0.9230769230769231,0.9935649193454328,0.9721042210001017,0.9857397912470243,,
feedback_ring,128,sparse_pulse,128023,0.1,in_distribution,candidate_calibration,,,,,0.06712702906747738,0.20826237181041354
feedback_ring,128,sparse_pulse,128023,1.1,in_distribution,candidate,0.7692307692307693,0.9426322464079302,0.9035369969300062,0.7383320362570958,,
feedback_ring,128,sparse_pulse,128023,1.1,in_distribution,activity,0.6153846153846154,0.884940818928409,0.6626765421891159,0.7630527833730086,,
feedback_ring,128,sparse_pulse,128023,1.1,in_distribution,local_error,0.5,0.742965613137197,0.5302870179922499,0.6166281358725507,,
feedback_ring,128,sparse_pulse,128023,1.1,in_distribution,degree,0.19230769230769232,0.3666300931013594,0.19790743111754075,0.0,,
feedback_ring,128,sparse_pulse,128023,1.1,in_distribution,random_expected,0.20500000000000004,0.39833858652281784,0.23318040070438023,nan,,
feedback_ring,128,sparse_pulse,128023,1.1,in_distribution,selected_baseline,0.6153846153846154,0.884940818928409,0.6626765421891159,0.7630527833730086,,
feedback_ring,128,sparse_pulse,128023,1.1,in_distribution,candidate_calibration,,,,,0.16411478346796368,0.20845560520355572
feedback_ring,128,sparse_pulse,128024,0.1,in_distribution,candidate,0.9615384615384616,0.9985449472085365,0.9909601908682174,0.9945179454312395,,
feedback_ring,128,sparse_pulse,128024,0.1,in_distribution,activity,0.9615384615384616,0.9975187182025178,0.9922829421909688,0.9946381157297199,,
feedback_ring,128,sparse_pulse,128024,0.1,in_distribution,local_error,0.7307692307692307,0.9080575828767246,0.8195526776420053,0.7530500366233289,,
feedback_ring,128,sparse_pulse,128024,0.1,in_distribution,degree,0.15384615384615385,0.33646001568116174,0.22451796092620369,0.0,,
feedback_ring,128,sparse_pulse,128024,0.1,in_distribution,random_expected,0.19692307692307692,0.40049438641881097,0.22718954737474523,nan,,
feedback_ring,128,sparse_pulse,128024,0.1,in_distribution,selected_baseline,0.9615384615384616,0.9975187182025178,0.9922829421909688,0.9946381157297199,,
feedback_ring,128,sparse_pulse,128024,0.1,in_distribution,candidate_calibration,,,,,0.07323224603300621,0.20717415719964957
feedback_ring,128,sparse_pulse,128024,1.1,in_distribution,candidate,0.8076923076923077,0.953204229375124,0.9048695437415711,0.7391160043947994,,
feedback_ring,128,sparse_pulse,128024,1.1,in_distribution,activity,0.7307692307692307,0.8627418024542671,0.862487523645979,0.835864539461637,,
feedback_ring,128,sparse_pulse,128024,1.1,in_distribution,local_error,0.6153846153846154,0.7755041938655047,0.6952135859549601,0.7073509888298847,,
feedback_ring,128,sparse_pulse,128024,1.1,in_distribution,degree,0.07692307692307693,0.32201691030324536,0.16142258067746043,0.0,,
feedback_ring,128,sparse_pulse,128024,1.1,in_distribution,random_expected,0.20653846153846156,0.39514797233568094,0.23309937685086957,nan,,
feedback_ring,128,sparse_pulse,128024,1.1,in_distribution,selected_baseline,0.7307692307692307,0.8627418024542671,0.862487523645979,0.835864539461637,,
feedback_ring,128,sparse_pulse,128024,1.1,in_distribution,candidate_calibration,,,,,0.16277671584686404,0.19223940827562733
feedback_ring,128,sparse_pulse,128025,0.1,in_distribution,candidate,1.0,0.9996804480140858,1.0,0.9940887657938107,,
feedback_ring,128,sparse_pulse,128025,0.1,in_distribution,activity,0.9615384615384616,0.9975569394028072,0.9922829421909688,0.9915766343160592,,
feedback_ring,128,sparse_pulse,128025,0.1,in_distribution,local_error,0.6923076923076923,0.9263693304882669,0.8208780375643983,0.7489871360556675,,
feedback_ring,128,sparse_pulse,128025,0.1,in_distribution,degree,0.11538461538461539,0.38039491730714103,0.20978342050510587,0.0,,
feedback_ring,128,sparse_pulse,128025,0.1,in_distribution,random_expected,0.20192307692307698,0.36712877910173797,0.2304637396385791,nan,,
feedback_ring,128,sparse_pulse,128025,0.1,in_distribution,selected_baseline,0.9615384615384616,0.9975569394028072,0.9922829421909688,0.9915766343160592,,
feedback_ring,128,sparse_pulse,128025,0.1,in_distribution,candidate_calibration,,,,,0.06386924010297026,0.20667769340062248
feedback_ring,128,sparse_pulse,128025,1.1,in_distribution,candidate,0.6923076923076923,0.9429596286862493,0.7846393187958418,0.6864871360556675,,
feedback_ring,128,sparse_pulse,128025,1.1,in_distribution,activity,0.6153846153846154,0.8330355200390774,0.7154404486519882,0.8256901208569858,,
feedback_ring,128,sparse_pulse,128025,1.1,in_distribution,local_error,0.5384615384615384,0.7740305095447997,0.6264557517319721,0.70961705731551,,
feedback_ring,128,sparse_pulse,128025,1.1,in_distribution,degree,0.15384615384615385,0.4052125578068478,0.2308420026334049,0.0,,
feedback_ring,128,sparse_pulse,128025,1.1,in_distribution,random_expected,0.19692307692307692,0.4035767962533577,0.22516267373052806,nan,,
feedback_ring,128,sparse_pulse,128025,1.1,in_distribution,selected_baseline,0.6153846153846154,0.8330355200390774,0.7154404486519882,0.8256901208569858,,
feedback_ring,128,sparse_pulse,128025,1.1,in_distribution,candidate_calibration,,,,,0.16590242670017927,0.1645581857253668
modular_sparse,16,sparse_pulse,16021,0.1,in_distribution,candidate,1.0,1.0,1.0,0.9970588235294118,,
modular_sparse,16,sparse_pulse,16021,0.1,in_distribution,activity,1.0,1.0,1.0,0.9941176470588234,,
modular_sparse,16,sparse_pulse,16021,0.1,in_distribution,local_error,0.75,0.9765530294541838,0.9166666666666666,0.7911764705882354,,
modular_sparse,16,sparse_pulse,16021,0.1,in_distribution,degree,0.25,0.2871659460560468,0.29775641025641025,-0.11234444518590588,,
modular_sparse,16,sparse_pulse,16021,0.1,in_distribution,random_expected,0.275,0.4193296084600381,0.37111728549228545,nan,,
modular_sparse,16,sparse_pulse,16021,0.1,in_distribution,selected_baseline,1.0,1.0,1.0,0.9941176470588234,,
modular_sparse,16,sparse_pulse,16021,0.1,in_distribution,candidate_calibration,,,,,0.06498594464800364,0.2196908841815885
modular_sparse,16,sparse_pulse,16021,1.1,in_distribution,candidate,0.75,0.8308317831749604,0.7291666666666666,0.7147058823529412,,
modular_sparse,16,sparse_pulse,16021,1.1,in_distribution,activity,0.5,0.9248337903640625,0.6916666666666667,0.8823529411764707,,
modular_sparse,16,sparse_pulse,16021,1.1,in_distribution,local_error,0.5,0.9248337903640625,0.65,0.7764705882352941,,
modular_sparse,16,sparse_pulse,16021,1.1,in_distribution,degree,0.25,0.4606132080730711,0.28068181818181814,-0.08130190112137925,,
modular_sparse,16,sparse_pulse,16021,1.1,in_distribution,random_expected,0.2775,0.562409084510078,0.38773757492507493,nan,,
modular_sparse,16,sparse_pulse,16021,1.1,in_distribution,selected_baseline,0.5,0.9248337903640625,0.6916666666666667,0.8823529411764707,,
modular_sparse,16,sparse_pulse,16021,1.1,in_distribution,candidate_calibration,,,,,0.20837344380031475,0.2724518022897795
modular_sparse,16,sparse_pulse,16022,0.1,in_distribution,candidate,1.0,1.0,1.0,0.9941176470588234,,
modular_sparse,16,sparse_pulse,16022,0.1,in_distribution,activity,1.0,1.0,1.0,0.9941176470588234,,
modular_sparse,16,sparse_pulse,16022,0.1,in_distribution,local_error,0.75,0.9104980986879927,0.8303571428571428,0.6735294117647058,,
modular_sparse,16,sparse_pulse,16022,0.1,in_distribution,degree,0.5,0.62754859138486,0.36607142857142855,0.08902429903655706,,
modular_sparse,16,sparse_pulse,16022,0.1,in_distribution,random_expected,0.2525,0.41797111138111426,0.3795452394827395,nan,,
modular_sparse,16,sparse_pulse,16022,0.1,in_distribution,selected_baseline,1.0,1.0,1.0,0.9941176470588234,,
modular_sparse,16,sparse_pulse,16022,0.1,in_distribution,candidate_calibration,,,,,0.05849357292722077,0.21356293178330787
modular_sparse,16,sparse_pulse,16022,1.1,in_distribution,candidate,0.75,0.9648699894855968,0.8333333333333334,0.7205882352941175,,
modular_sparse,16,sparse_pulse,16022,1.1,in_distribution,activity,0.75,0.7701277732722772,0.6791666666666667,0.8617647058823529,,
modular_sparse,16,sparse_pulse,16022,1.1,in_distribution,local_error,0.75,0.7431671228517995,0.6458333333333333,0.7764705882352941,,
modular_sparse,16,sparse_pulse,16022,1.1,in_distribution,degree,0.25,0.5037047843759382,0.22023809523809523,0.0,,
modular_sparse,16,sparse_pulse,16022,1.1,in_distribution,random_expected,0.255,0.509779878187375,0.3812842920967921,nan,,
modular_sparse,16,sparse_pulse,16022,1.1,in_distribution,selected_baseline,0.75,0.7701277732722772,0.6791666666666667,0.8617647058823529,,
modular_sparse,16,sparse_pulse,16022,1.1,in_distribution,candidate_calibration,,,,,0.19773212905488405,0.2705387642219558
modular_sparse,16,sparse_pulse,16023,0.1,in_distribution,candidate,1.0,0.9998633809771645,1.0,0.9941176470588234,,
modular_sparse,16,sparse_pulse,16023,0.1,in_distribution,activity,1.0,0.9998633809771645,1.0,0.9941176470588234,,
modular_sparse,16,sparse_pulse,16023,0.1,in_distribution,local_error,0.75,0.9234185517233092,0.8875,0.7941176470588236,,
modular_sparse,16,sparse_pulse,16023,0.1,in_distribution,degree,0.0,0.3979310604401647,0.21666666666666667,-0.19778181680534623,,
modular_sparse,16,sparse_pulse,16023,0.1,in_distribution,random_expected,0.265,0.5568261173058524,0.3683594044844044,nan,,
modular_sparse,16,sparse_pulse,16023,0.1,in_distribution,selected_baseline,1.0,0.9998633809771645,1.0,0.9941176470588234,,
modular_sparse,16,sparse_pulse,16023,0.1,in_distribution,candidate_calibration,,,,,0.11663770660576321,0.3060771832320599
modular_sparse,16,sparse_pulse,16023,1.1,in_distribution,candidate,1.0,0.9984726427762691,1.0,0.7852941176470588,,
modular_sparse,16,sparse_pulse,16023,1.1,in_distribution,activity,0.0,0.6715592428298388,0.3151785714285714,0.6470588235294118,,
modular_sparse,16,sparse_pulse,16023,1.1,in_distribution,local_error,0.0,0.6863595697721065,0.29775432900432897,0.6029411764705882,,
modular_sparse,16,sparse_pulse,16023,1.1,in_distribution,degree,0.25,0.4879330069917288,0.3410714285714286,0.010409569305544538,,
modular_sparse,16,sparse_pulse,16023,1.1,in_distribution,random_expected,0.265,0.5986330206000593,0.38473670079920086,nan,,
modular_sparse,16,sparse_pulse,16023,1.1,in_distribution,selected_baseline,0.0,0.6715592428298388,0.3151785714285714,0.6470588235294118,,
modular_sparse,16,sparse_pulse,16023,1.1,in_distribution,candidate_calibration,,,,,0.20264781029730544,0.2766523309209842
modular_sparse,16,sparse_pulse,16024,0.1,in_distribution,candidate,0.75,0.9918236595825441,0.95,0.9970588235294118,,
modular_sparse,16,sparse_pulse,16024,0.1,in_distribution,activity,1.0,0.9987684435199512,1.0,0.9852941176470588,,
modular_sparse,16,sparse_pulse,16024,0.1,in_distribution,local_error,0.75,0.9643524517628664,0.8875,0.9,,
modular_sparse,16,sparse_pulse,16024,0.1,in_distribution,degree,0.5,0.6067083674070884,0.47632575757575757,0.1856062685397378,,
modular_sparse,16,sparse_pulse,16024,0.1,in_distribution,random_expected,0.3075,0.5405292783811859,0.4035954531579531,nan,,
modular_sparse,16,sparse_pulse,16024,0.1,in_distribution,selected_baseline,1.0,0.9987684435199512,1.0,0.9852941176470588,,
modular_sparse,16,sparse_pulse,16024,0.1,in_distribution,candidate_calibration,,,,,0.11145831056611333,0.23887912045919873
modular_sparse,16,sparse_pulse,16024,1.1,in_distribution,candidate,0.75,0.976645504365337,0.95,0.8823529411764707,,
modular_sparse,16,sparse_pulse,16024,1.1,in_distribution,activity,0.75,0.9085022930436429,0.7152777777777777,0.8176470588235294,,
modular_sparse,16,sparse_pulse,16024,1.1,in_distribution,local_error,0.5,0.849195090655345,0.6666666666666666,0.7235294117647059,,
modular_sparse,16,sparse_pulse,16024,1.1,in_distribution,degree,0.25,0.499279948599155,0.2682109557109557,-0.0683031068226235,,
modular_sparse,16,sparse_pulse,16024,1.1,in_distribution,random_expected,0.2575,0.5149182313024525,0.36609985847485843,nan,,
modular_sparse,16,sparse_pulse,16024,1.1,in_distribution,selected_baseline,0.75,0.9085022930436429,0.7152777777777777,0.8176470588235294,,
modular_sparse,16,sparse_pulse,16024,1.1,in_distribution,candidate_calibration,,,,,0.20019512108356813,0.267293426566506
modular_sparse,16,sparse_pulse,16025,0.1,in_distribution,candidate,1.0,1.0,1.0,0.9941176470588234,,
modular_sparse,16,sparse_pulse,16025,0.1,in_distribution,activity,1.0,1.0,1.0,0.9323529411764706,,
modular_sparse,16,sparse_pulse,16025,0.1,in_distribution,local_error,0.75,0.986561281443077,0.8875,0.7705882352941176,,
modular_sparse,16,sparse_pulse,16025,0.1,in_distribution,degree,0.5,0.45074013839796806,0.6041666666666666,-0.04428074427700476,,
modular_sparse,16,sparse_pulse,16025,0.1,in_distribution,random_expected,0.245,0.4833526568877675,0.3767714646464646,nan,,
modular_sparse,16,sparse_pulse,16025,0.1,in_distribution,selected_baseline,1.0,1.0,1.0,0.9323529411764706,,
modular_sparse,16,sparse_pulse,16025,0.1,in_distribution,candidate_calibration,,,,,0.09198044698119784,0.27307732099426185
modular_sparse,16,sparse_pulse,16025,1.1,in_distribution,candidate,0.5,0.8550150129739225,0.7048611111111112,0.8147058823529412,,
modular_sparse,16,sparse_pulse,16025,1.1,in_distribution,activity,0.75,0.8785864311417958,0.9166666666666666,0.711764705882353,,
modular_sparse,16,sparse_pulse,16025,1.1,in_distribution,local_error,0.5,0.7462879874987156,0.740909090909091,0.6058823529411764,,
modular_sparse,16,sparse_pulse,16025,1.1,in_distribution,degree,0.0,0.2939922591241354,0.2505952380952381,-0.030996520993903334,,
modular_sparse,16,sparse_pulse,16025,1.1,in_distribution,random_expected,0.2475,0.4975031316478246,0.34809873459873464,nan,,
modular_sparse,16,sparse_pulse,16025,1.1,in_distribution,selected_baseline,0.75,0.8785864311417958,0.9166666666666666,0.711764705882353,,
modular_sparse,16,sparse_pulse,16025,1.1,in_distribution,candidate_calibration,,,,,0.20840504959257594,0.2629636937007496
modular_sparse,64,sparse_pulse,64021,0.1,in_distribution,candidate,1.0,0.9995692626627485,1.0,0.99775641025641,,
modular_sparse,64,sparse_pulse,64021,0.1,in_distribution,activity,0.9230769230769231,0.9888166514639578,0.9945054945054945,0.9915750915750915,,
modular_sparse,64,sparse_pulse,64021,0.1,in_distribution,local_error,0.7692307692307693,0.924791657262783,0.8645807694720739,0.8603479853479853,,
modular_sparse,64,sparse_pulse,64021,0.1,in_distribution,degree,0.15384615384615385,0.3736937454978404,0.19349761733920018,-0.05581321181313584,,
modular_sparse,64,sparse_pulse,64021,0.1,in_distribution,random_expected,0.1923076923076923,0.3880110678722587,0.2453715624371965,nan,,
modular_sparse,64,sparse_pulse,64021,0.1,in_distribution,selected_baseline,0.9230769230769231,0.9888166514639578,0.9945054945054945,0.9915750915750915,,
modular_sparse,64,sparse_pulse,64021,0.1,in_distribution,candidate_calibration,,,,,0.05876733725942554,0.20248960785888767
modular_sparse,64,sparse_pulse,64021,1.1,in_distribution,candidate,0.7692307692307693,0.9595233636191344,0.9047544846457889,0.882051282051282,,
modular_sparse,64,sparse_pulse,64021,1.1,in_distribution,activity,0.6923076923076923,0.8893193304509476,0.7608856955010801,0.8733974358974358,,
modular_sparse,64,sparse_pulse,64021,1.1,in_distribution,local_error,0.6923076923076923,0.878410419322933,0.7071091601455973,0.8116758241758241,,
modular_sparse,64,sparse_pulse,64021,1.1,in_distribution,degree,0.23076923076923078,0.3698969054172212,0.2878641384375198,-0.05086628782805691,,
modular_sparse,64,sparse_pulse,64021,1.1,in_distribution,random_expected,0.2146153846153846,0.4062942946236165,0.25783385003587456,nan,,
modular_sparse,64,sparse_pulse,64021,1.1,in_distribution,selected_baseline,0.6923076923076923,0.8893193304509476,0.7608856955010801,0.8733974358974358,,
modular_sparse,64,sparse_pulse,64021,1.1,in_distribution,candidate_calibration,,,,,0.16347834731176475,0.2077017535334155
modular_sparse,64,sparse_pulse,64022,0.1,in_distribution,candidate,1.0,0.9971006896678515,1.0,0.9991300366300366,,
modular_sparse,64,sparse_pulse,64022,0.1,in_distribution,activity,0.9230769230769231,0.9985598298129563,0.9945054945054945,0.9942307692307691,,
modular_sparse,64,sparse_pulse,64022,0.1,in_distribution,local_error,0.7692307692307693,0.9540375510934519,0.8773320247004458,0.8771520146520145,,
modular_sparse,64,sparse_pulse,64022,0.1,in_distribution,degree,0.15384615384615385,0.3392698516306057,0.23286449059530262,0.006664834976150263,,
modular_sparse,64,sparse_pulse,64022,0.1,in_distribution,random_expected,0.21076923076923074,0.40943048636269475,0.2506620363476438,nan,,
modular_sparse,64,sparse_pulse,64022,0.1,in_distribution,selected_baseline,0.9230769230769231,0.9985598298129563,0.9945054945054945,0.9942307692307691,,
modular_sparse,64,sparse_pulse,64022,0.1,in_distribution,candidate_calibration,,,,,0.11554136482579375,0.25582494983846515
modular_sparse,64,sparse_pulse,64022,1.1,in_distribution,candidate,0.8461538461538461,0.9452825397396522,0.9395212693289617,0.6944597069597068,,
modular_sparse,64,sparse_pulse,64022,1.1,in_distribution,activity,0.6153846153846154,0.8532544324469499,0.7086547510460554,0.863095238095238,,
modular_sparse,64,sparse_pulse,64022,1.1,in_distribution,local_error,0.6153846153846154,0.8106278552285158,0.6397412140398566,0.8075549450549451,,
modular_sparse,64,sparse_pulse,64022,1.1,in_distribution,degree,0.23076923076923078,0.3335931078268201,0.22756425150429438,-0.013283863526347603,,
modular_sparse,64,sparse_pulse,64022,1.1,in_distribution,random_expected,0.1969230769230769,0.3746169335793881,0.24202565038534885,nan,,
modular_sparse,64,sparse_pulse,64022,1.1,in_distribution,selected_baseline,0.6153846153846154,0.8532544324469499,0.7086547510460554,0.863095238095238,,
modular_sparse,64,sparse_pulse,64022,1.1,in_distribution,candidate_calibration,,,,,0.16316844816770368,0.21991966454892814
modular_sparse,64,sparse_pulse,64023,0.1,in_distribution,candidate,0.9230769230769231,0.9998005153043864,0.9945054945054945,0.9963369963369962,,
modular_sparse,64,sparse_pulse,64023,0.1,in_distribution,activity,0.9230769230769231,0.9986949566622745,0.9945054945054945,0.99253663003663,,
modular_sparse,64,sparse_pulse,64023,0.1,in_distribution,local_error,0.7692307692307693,0.911513721006183,0.8758887650191999,0.8421703296703297,,
modular_sparse,64,sparse_pulse,64023,0.1,in_distribution,degree,0.15384615384615385,0.4074044829068778,0.23851213344295788,0.27416363843869646,,
modular_sparse,64,sparse_pulse,64023,0.1,in_distribution,random_expected,0.19307692307692306,0.38619473028050705,0.24358133056937528,nan,,
modular_sparse,64,sparse_pulse,64023,0.1,in_distribution,selected_baseline,0.9230769230769231,0.9986949566622745,0.9945054945054945,0.99253663003663,,
modular_sparse,64,sparse_pulse,64023,0.1,in_distribution,candidate_calibration,,,,,0.06763583312394583,0.21187318655577372
modular_sparse,64,sparse_pulse,64023,1.1,in_distribution,candidate,0.8461538461538461,0.9784847687807058,0.9513649811726735,0.7828754578754578,,
modular_sparse,64,sparse_pulse,64023,1.1,in_distribution,activity,0.6923076923076923,0.9136131998587016,0.7825020377595008,0.8690018315018315,,
modular_sparse,64,sparse_pulse,64023,1.1,in_distribution,local_error,0.5384615384615384,0.8014108735299699,0.6822140822140821,0.7760531135531136,,
modular_sparse,64,sparse_pulse,64023,1.1,in_distribution,degree,0.23076923076923078,0.3790758132893733,0.30400297738132037,0.2509674665738005,,
modular_sparse,64,sparse_pulse,64023,1.1,in_distribution,random_expected,0.20461538461538456,0.3984414729571334,0.2518138392771506,nan,,
modular_sparse,64,sparse_pulse,64023,1.1,in_distribution,selected_baseline,0.6923076923076923,0.9136131998587016,0.7825020377595008,0.8690018315018315,,
modular_sparse,64,sparse_pulse,64023,1.1,in_distribution,candidate_calibration,,,,,0.16481365433842596,0.2268017162587086
modular_sparse,64,sparse_pulse,64024,0.1,in_distribution,candidate,0.9230769230769231,0.9992552700457997,0.9945054945054945,0.9952838827838826,,
modular_sparse,64,sparse_pulse,64024,0.1,in_distribution,activity,1.0,0.9995481272834669,1.0,0.9837912087912087,,
modular_sparse,64,sparse_pulse,64024,0.1,in_distribution,local_error,0.9230769230769231,0.9837462044043849,0.9786324786324786,0.8862637362637362,,
modular_sparse,64,sparse_pulse,64024,0.1,in_distribution,degree,0.15384615384615385,0.27435060927974175,0.22510283701342182,-0.004740096300141446,,
modular_sparse,64,sparse_pulse,64024,0.1,in_distribution,random_expected,0.2030769230769231,0.3405524159625456,0.2493009958566614,nan,,
modular_sparse,64,sparse_pulse,64024,0.1,in_distribution,selected_baseline,1.0,0.9995481272834669,1.0,0.9837912087912087,,
modular_sparse,64,sparse_pulse,64024,0.1,in_distribution,candidate_calibration,,,,,0.06373367152719758,0.19493261867860442
modular_sparse,64,sparse_pulse,64024,1.1,in_distribution,candidate,0.5384615384615384,0.8510567237280946,0.7673183273495539,0.7028846153846153,,
modular_sparse,64,sparse_pulse,64024,1.1,in_distribution,activity,0.8461538461538461,0.9493413334303776,0.9415741121623473,0.932142857142857,,
modular_sparse,64,sparse_pulse,64024,1.1,in_distribution,local_error,0.7692307692307693,0.9221660493653122,0.8918743092656136,0.8758241758241756,,
modular_sparse,64,sparse_pulse,64024,1.1,in_distribution,degree,0.23076923076923078,0.3849407200125677,0.20522903716426552,-0.004511106140714323,,
modular_sparse,64,sparse_pulse,64024,1.1,in_distribution,random_expected,0.20153846153846153,0.36702009466897545,0.24305626383980555,nan,,
modular_sparse,64,sparse_pulse,64024,1.1,in_distribution,selected_baseline,0.8461538461538461,0.9493413334303776,0.9415741121623473,0.932142857142857,,
modular_sparse,64,sparse_pulse,64024,1.1,in_distribution,candidate_calibration,,,,,0.16785237429594135,0.1965532148417216
modular_sparse,64,sparse_pulse,64025,0.1,in_distribution,candidate,1.0,0.9999956653765334,1.0,0.9936355311355312,,
modular_sparse,64,sparse_pulse,64025,0.1,in_distribution,activity,0.9230769230769231,0.998669025715345,0.9897435897435898,0.9944139194139194,,
modular_sparse,64,sparse_pulse,64025,0.1,in_distribution,local_error,0.9230769230769231,0.9871661160446045,0.9855769230769231,0.9298534798534797,,
modular_sparse,64,sparse_pulse,64025,0.1,in_distribution,degree,0.07692307692307693,0.27579511007466145,0.20497732052522513,0.1620402318084643,,
modular_sparse,64,sparse_pulse,64025,0.1,in_distribution,random_expected,0.19076923076923072,0.3574105259398516,0.24639046343308332,nan,,
modular_sparse,64,sparse_pulse,64025,0.1,in_distribution,selected_baseline,0.9230769230769231,0.998669025715345,0.9897435897435898,0.9944139194139194,,
modular_sparse,64,sparse_pulse,64025,0.1,in_distribution,candidate_calibration,,,,,0.058082768538245705,0.19240473618949883
modular_sparse,64,sparse_pulse,64025,1.1,in_distribution,candidate,0.6153846153846154,0.9473071144492102,0.7679198867648483,0.808058608058608,,
modular_sparse,64,sparse_pulse,64025,1.1,in_distribution,activity,0.7692307692307693,0.9088384643204649,0.8549135505017857,0.9533882783882782,,
modular_sparse,64,sparse_pulse,64025,1.1,in_distribution,local_error,0.6923076923076923,0.8824824359011049,0.8110993707147552,0.8959706959706959,,
modular_sparse,64,sparse_pulse,64025,1.1,in_distribution,degree,0.23076923076923078,0.4058454940096193,0.309266309377607,0.23526180369421135,,
modular_sparse,64,sparse_pulse,64025,1.1,in_distribution,random_expected,0.19692307692307692,0.4255981519072754,0.25119303880441995,nan,,
modular_sparse,64,sparse_pulse,64025,1.1,in_distribution,selected_baseline,0.7692307692307693,0.9088384643204649,0.8549135505017857,0.9533882783882782,,
modular_sparse,64,sparse_pulse,64025,1.1,in_distribution,candidate_calibration,,,,,0.16942102499398076,0.19855296568381822
modular_sparse,128,sparse_pulse,128021,0.1,in_distribution,candidate,0.9615384615384616,0.9996477482584978,0.9970962086346701,0.9982947262406154,,
modular_sparse,128,sparse_pulse,128021,0.1,in_distribution,activity,0.9615384615384616,0.986246118610654,0.9753985000443028,0.9899743636696574,,
modular_sparse,128,sparse_pulse,128021,0.1,in_distribution,local_error,0.7307692307692307,0.942057657200678,0.8263452620322429,0.8903875206006227,,
modular_sparse,128,sparse_pulse,128021,0.1,in_distribution,degree,0.19230769230769232,0.4779456459008828,0.24827825133308373,0.06793799494937423,,
modular_sparse,128,sparse_pulse,128021,0.1,in_distribution,random_expected,0.21923076923076923,0.4430122919760043,0.23759373810272677,nan,,
modular_sparse,128,sparse_pulse,128021,0.1,in_distribution,selected_baseline,0.9615384615384616,0.986246118610654,0.9753985000443028,0.9899743636696574,,
modular_sparse,128,sparse_pulse,128021,0.1,in_distribution,candidate_calibration,,,,,0.08177829504410664,0.2347964515045941
modular_sparse,128,sparse_pulse,128021,1.1,in_distribution,candidate,0.7692307692307693,0.9606956412087352,0.8947447711029558,0.7935588720014649,,
modular_sparse,128,sparse_pulse,128021,1.1,in_distribution,activity,0.7307692307692307,0.8933973214907492,0.7612502471597969,0.8985304889214429,,
modular_sparse,128,sparse_pulse,128021,1.1,in_distribution,local_error,0.6538461538461539,0.8386458458144306,0.6890090527498572,0.8354754165903682,,
modular_sparse,128,sparse_pulse,128021,1.1,in_distribution,degree,0.23076923076923078,0.5107929234232418,0.22656331954885667,0.10498467717062013,,
modular_sparse,128,sparse_pulse,128021,1.1,in_distribution,random_expected,0.21000000000000005,0.44601852185416485,0.2335301581628701,nan,,
modular_sparse,128,sparse_pulse,128021,1.1,in_distribution,selected_baseline,0.7307692307692307,0.8933973214907492,0.7612502471597969,0.8985304889214429,,
modular_sparse,128,sparse_pulse,128021,1.1,in_distribution,candidate_calibration,,,,,0.16468344087082898,0.19165700730288904
modular_sparse,128,sparse_pulse,128022,0.1,in_distribution,candidate,0.9615384615384616,0.9999791551992949,0.9970962086346701,0.9980887200146493,,
modular_sparse,128,sparse_pulse,128022,0.1,in_distribution,activity,0.9615384615384616,0.9967275214045657,0.9955577470962086,0.9947697308185315,,
modular_sparse,128,sparse_pulse,128022,0.1,in_distribution,local_error,0.8076923076923077,0.9460222260745456,0.9088646401111959,0.9087277971067569,,
modular_sparse,128,sparse_pulse,128022,0.1,in_distribution,degree,0.23076923076923078,0.42198853172240347,0.21823331064303922,-0.09727650980628719,,
modular_sparse,128,sparse_pulse,128022,0.1,in_distribution,random_expected,0.19884615384615387,0.3793497992988477,0.23151637077044515,nan,,
modular_sparse,128,sparse_pulse,128022,0.1,in_distribution,selected_baseline,0.9615384615384616,0.9967275214045657,0.9955577470962086,0.9947697308185315,,
modular_sparse,128,sparse_pulse,128022,0.1,in_distribution,candidate_calibration,,,,,0.06603225294096064,0.20983464290853124
modular_sparse,128,sparse_pulse,128022,1.1,in_distribution,candidate,0.7307692307692307,0.9552892702011879,0.8076933311364258,0.7602201977659769,,
modular_sparse,128,sparse_pulse,128022,1.1,in_distribution,activity,0.7307692307692307,0.8848906796317854,0.8547058447030236,0.9048594579747299,,
modular_sparse,128,sparse_pulse,128022,1.1,in_distribution,local_error,0.6923076923076923,0.8645903008679127,0.8103896435681096,0.8596697033510345,,
modular_sparse,128,sparse_pulse,128022,1.1,in_distribution,degree,0.2692307692307692,0.4529489317032373,0.33898161012834116,-0.07837403234481131,,
modular_sparse,128,sparse_pulse,128022,1.1,in_distribution,random_expected,0.2003846153846154,0.4010601331317055,0.22859960457654366,nan,,
modular_sparse,128,sparse_pulse,128022,1.1,in_distribution,selected_baseline,0.7307692307692307,0.8848906796317854,0.8547058447030236,0.9048594579747299,,
modular_sparse,128,sparse_pulse,128022,1.1,in_distribution,candidate_calibration,,,,,0.1693857993502543,0.17007188443972748
modular_sparse,128,sparse_pulse,128023,0.1,in_distribution,candidate,1.0,0.9999803282899067,1.0,0.9980372184581577,,
modular_sparse,128,sparse_pulse,128023,0.1,in_distribution,activity,0.9230769230769231,0.9926797964507861,0.9735003804731844,0.9882748123054385,,
modular_sparse,128,sparse_pulse,128023,0.1,in_distribution,local_error,0.7692307692307693,0.9544269639904401,0.867865590411953,0.9044531679179636,,
modular_sparse,128,sparse_pulse,128023,0.1,in_distribution,degree,0.15384615384615385,0.38349943865303826,0.21445092888094971,0.008467482976139902,,
modular_sparse,128,sparse_pulse,128023,0.1,in_distribution,random_expected,0.18923076923076926,0.36472584803351493,0.2250991267880697,nan,,
modular_sparse,128,sparse_pulse,128023,0.1,in_distribution,selected_baseline,0.9230769230769231,0.9926797964507861,0.9735003804731844,0.9882748123054385,,
modular_sparse,128,sparse_pulse,128023,0.1,in_distribution,candidate_calibration,,,,,0.06635192450747136,0.2089498547109301
modular_sparse,128,sparse_pulse,128023,1.1,in_distribution,candidate,0.8076923076923077,0.9551494432224695,0.8826137908840971,0.7362719739974364,,
modular_sparse,128,sparse_pulse,128023,1.1,in_distribution,activity,0.6923076923076923,0.8879581602699382,0.7382366765933324,0.8727739882805348,,
modular_sparse,128,sparse_pulse,128023,1.1,in_distribution,local_error,0.5769230769230769,0.833095099326266,0.675190578138625,0.8033098333638528,,
modular_sparse,128,sparse_pulse,128023,1.1,in_distribution,degree,0.19230769230769232,0.46830062611086043,0.26477008161235766,0.045542410126822086,,
modular_sparse,128,sparse_pulse,128023,1.1,in_distribution,random_expected,0.20961538461538465,0.39687806900133343,0.23439050579856224,nan,,
modular_sparse,128,sparse_pulse,128023,1.1,in_distribution,selected_baseline,0.6923076923076923,0.8879581602699382,0.7382366765933324,0.8727739882805348,,
modular_sparse,128,sparse_pulse,128023,1.1,in_distribution,candidate_calibration,,,,,0.16564407567104764,0.18048555406224526
modular_sparse,128,sparse_pulse,128024,0.1,in_distribution,candidate,1.0,0.9998624572724994,1.0,0.9982031679179636,,
modular_sparse,128,sparse_pulse,128024,0.1,in_distribution,activity,0.9230769230769231,0.9968708550559691,0.9881703596168478,0.9954392510529206,,
modular_sparse,128,sparse_pulse,128024,0.1,in_distribution,local_error,0.7307692307692307,0.9413785175272015,0.8663916045673605,0.8881786760666545,,
modular_sparse,128,sparse_pulse,128024,0.1,in_distribution,degree,0.23076923076923078,0.403954641507458,0.2137504418591572,-0.004790042222658384,,
modular_sparse,128,sparse_pulse,128024,0.1,in_distribution,random_expected,0.20461538461538467,0.41413489069733234,0.234402951614529,nan,,
modular_sparse,128,sparse_pulse,128024,0.1,in_distribution,selected_baseline,0.9230769230769231,0.9968708550559691,0.9881703596168478,0.9954392510529206,,
modular_sparse,128,sparse_pulse,128024,0.1,in_distribution,candidate_calibration,,,,,0.0729222508021206,0.22518339696155087
modular_sparse,128,sparse_pulse,128024,1.1,in_distribution,candidate,0.7307692307692307,0.9691859991493404,0.8327172732352254,0.7419657571873283,,
modular_sparse,128,sparse_pulse,128024,1.1,in_distribution,activity,0.7307692307692307,0.8673416272167953,0.8718716876839312,0.9177119575169383,,
modular_sparse,128,sparse_pulse,128024,1.1,in_distribution,local_error,0.6538461538461539,0.7871005193894868,0.7487136984514849,0.8585137795275589,,
modular_sparse,128,sparse_pulse,128024,1.1,in_distribution,degree,0.15384615384615385,0.32281984962536503,0.1845334157104323,-0.053863652807240994,,
modular_sparse,128,sparse_pulse,128024,1.1,in_distribution,random_expected,0.19269230769230775,0.3786544527907494,0.22360625195379863,nan,,
modular_sparse,128,sparse_pulse,128024,1.1,in_distribution,selected_baseline,0.7307692307692307,0.8673416272167953,0.8718716876839312,0.9177119575169383,,
modular_sparse,128,sparse_pulse,128024,1.1,in_distribution,candidate_calibration,,,,,0.16557026547696507,0.16553732658539738
modular_sparse,128,sparse_pulse,128025,0.1,in_distribution,candidate,1.0,0.9999681929513959,1.0,0.9986552371360555,,
modular_sparse,128,sparse_pulse,128025,0.1,in_distribution,activity,0.9230769230769231,0.9976999754596065,0.9820872026716219,0.9923262680827687,,
modular_sparse,128,sparse_pulse,128025,0.1,in_distribution,local_error,0.7307692307692307,0.9646775299079604,0.8903096779756863,0.8742675334187878,,
modular_sparse,128,sparse_pulse,128025,0.1,in_distribution,degree,0.038461538461538464,0.2016056093323605,0.17431872111591803,-0.1747696171622398,,
modular_sparse,128,sparse_pulse,128025,0.1,in_distribution,random_expected,0.20115384615384616,0.3740960192629004,0.22877274410168646,nan,,
modular_sparse,128,sparse_pulse,128025,0.1,in_distribution,selected_baseline,0.9230769230769231,0.9976999754596065,0.9820872026716219,0.9923262680827687,,
modular_sparse,128,sparse_pulse,128025,0.1,in_distribution,candidate_calibration,,,,,0.066817030989338,0.20999606299785728
modular_sparse,128,sparse_pulse,128025,1.1,in_distribution,candidate,0.7307692307692307,0.9477399555399935,0.8264138176983867,0.6526735030214246,,
modular_sparse,128,sparse_pulse,128025,1.1,in_distribution,activity,0.6923076923076923,0.8454682367581826,0.6956758862831247,0.8880470609778429,,
modular_sparse,128,sparse_pulse,128025,1.1,in_distribution,local_error,0.5769230769230769,0.8084323189177104,0.6554975382659627,0.8229376487822742,,
modular_sparse,128,sparse_pulse,128025,1.1,in_distribution,degree,0.07692307692307693,0.28860830705037444,0.16241589999653744,-0.1520009506632313,,
modular_sparse,128,sparse_pulse,128025,1.1,in_distribution,random_expected,0.1976923076923077,0.4224014407924402,0.234732975646219,nan,,
modular_sparse,128,sparse_pulse,128025,1.1,in_distribution,selected_baseline,0.6923076923076923,0.8454682367581826,0.6956758862831247,0.8880470609778429,,
modular_sparse,128,sparse_pulse,128025,1.1,in_distribution,candidate_calibration,,,,,0.16804855201124208,0.18414989599948298
chain,16,dense_burst,16021,0.1,in_distribution,candidate,1.0,1.0,1.0,0.9941176470588234,,
chain,16,dense_burst,16021,0.1,in_distribution,activity,0.75,0.9999548731190343,0.95,0.988235294117647,,
chain,16,dense_burst,16021,0.1,in_distribution,local_error,0.75,0.9069225467993046,0.8611111111111112,0.5705882352941177,,
chain,16,dense_burst,16021,0.1,in_distribution,degree,0.5,0.6337525293269367,0.726923076923077,0.24597601850723635,,
chain,16,dense_burst,16021,0.1,in_distribution,random_expected,0.245,0.3865046023857566,0.36767186285936293,nan,,
chain,16,dense_burst,16021,0.1,in_distribution,selected_baseline,0.75,0.9999548731190343,0.95,0.988235294117647,,
chain,16,dense_burst,16021,0.1,in_distribution,candidate_calibration,,,,,0.07267437188568716,0.2325329680603892
chain,16,dense_burst,16021,1.1,in_distribution,candidate,0.75,0.8618428141461351,0.7875,0.7294117647058823,,
chain,16,dense_burst,16021,1.1,in_distribution,activity,0.5,0.712008642288915,0.6678571428571429,0.5941176470588235,,
chain,16,dense_burst,16021,1.1,in_distribution,local_error,0.25,0.6458422548619863,0.4833333333333333,0.03823529411764706,,
chain,16,dense_burst,16021,1.1,in_distribution,degree,0.0,0.2872053982521908,0.2207875457875458,-0.16398401233815757,,
chain,16,dense_burst,16021,1.1,in_distribution,random_expected,0.24,0.4858442558305452,0.3475430611055611,nan,,
chain,16,dense_burst,16021,1.1,in_distribution,selected_baseline,0.5,0.712008642288915,0.6678571428571429,0.5941176470588235,,
chain,16,dense_burst,16021,1.1,in_distribution,candidate_calibration,,,,,0.20061006931929626,0.27089362091167407
chain,16,dense_burst,16022,0.1,in_distribution,candidate,1.0,1.0,1.0,0.9911764705882352,,
chain,16,dense_burst,16022,0.1,in_distribution,activity,1.0,1.0,1.0,0.9941176470588234,,
chain,16,dense_burst,16022,0.1,in_distribution,local_error,0.75,0.940273884253195,0.875,0.788235294117647,,
chain,16,dense_burst,16022,0.1,in_distribution,degree,0.0,0.19655748885381605,0.2576048951048951,0.16398401233815757,,
chain,16,dense_burst,16022,0.1,in_distribution,random_expected,0.225,0.3791726076003129,0.346860785048285,nan,,
chain,16,dense_burst,16022,0.1,in_distribution,selected_baseline,1.0,1.0,1.0,0.9941176470588234,,
chain,16,dense_burst,16022,0.1,in_distribution,candidate_calibration,,,,,0.05763129456865576,0.2114434060347287
chain,16,dense_burst,16022,1.1,in_distribution,candidate,0.75,0.9578782856746549,0.9166666666666666,0.4794117647058824,,
chain,16,dense_burst,16022,1.1,in_distribution,activity,0.5,0.7958287020373844,0.5666666666666667,0.7205882352941175,,
chain,16,dense_burst,16022,1.1,in_distribution,local_error,0.5,0.7557285199515323,0.4583333333333333,0.6029411764705882,,
chain,16,dense_burst,16022,1.1,in_distribution,degree,0.0,0.21009986263810732,0.29775432900432897,0.32796802467631514,,
chain,16,dense_burst,16022,1.1,in_distribution,random_expected,0.275,0.5058869038357776,0.38440372821622815,nan,,
chain,16,dense_burst,16022,1.1,in_distribution,selected_baseline,0.5,0.7958287020373844,0.5666666666666667,0.7205882352941175,,
chain,16,dense_burst,16022,1.1,in_distribution,candidate_calibration,,,,,0.19742353661385828,0.2690879356339418
chain,16,dense_burst,16023,0.1,in_distribution,candidate,1.0,1.0,1.0,0.9911764705882352,,
chain,16,dense_burst,16023,0.1,in_distribution,activity,1.0,0.998730810368188,1.0,0.9970588235294118,,
chain,16,dense_burst,16023,0.1,in_distribution,local_error,1.0,0.998730810368188,1.0,0.6941176470588235,,
chain,16,dense_burst,16023,0.1,in_distribution,degree,0.0,0.3569140432047642,0.18194444444444446,-0.4919520370144727,,
chain,16,dense_burst,16023,0.1,in_distribution,random_expected,0.29,0.568285781609238,0.3970358807858807,nan,,
chain,16,dense_burst,16023,0.1,in_distribution,selected_baseline,1.0,0.998730810368188,1.0,0.9970588235294118,,
chain,16,dense_burst,16023,0.1,in_distribution,candidate_calibration,,,,,0.13659251985949133,0.325419568510929
chain,16,dense_burst,16023,1.1,in_distribution,candidate,1.0,0.9993663715779662,1.0,0.7999999999999999,,
chain,16,dense_burst,16023,1.1,in_distribution,activity,0.5,0.7907125815193317,0.43333333333333335,0.6558823529411765,,
chain,16,dense_burst,16023,1.1,in_distribution,local_error,0.0,0.6942403647285516,0.28674242424242424,0.4088235294117647,,
chain,16,dense_burst,16023,1.1,in_distribution,degree,0.25,0.5337278667608714,0.2941849816849817,0.08199200616907878,,
chain,16,dense_burst,16023,1.1,in_distribution,random_expected,0.245,0.6004959384542525,0.3545830627705628,nan,,
chain,16,dense_burst,16023,1.1,in_distribution,selected_baseline,0.5,0.7907125815193317,0.43333333333333335,0.6558823529411765,,
chain,16,dense_burst,16023,1.1,in_distribution,candidate_calibration,,,,,0.19404054736663864,0.2834408845498269
chain,16,dense_burst,16024,0.1,in_distribution,candidate,0.75,0.9990187563856785,0.95,0.9941176470588234,,
chain,16,dense_burst,16024,0.1,in_distribution,activity,1.0,0.9972080556250968,1.0,0.988235294117647,,
chain,16,dense_burst,16024,0.1,in_distribution,local_error,0.75,0.9125215040304572,0.8928571428571428,0.7735294117647058,,
chain,16,dense_burst,16024,0.1,in_distribution,degree,0.5,0.6910923246356814,0.4333333333333333,-0.08199200616907878,,
chain,16,dense_burst,16024,0.1,in_distribution,random_expected,0.2575,0.5204636971811037,0.3694230769230769,nan,,
chain,16,dense_burst,16024,0.1,in_distribution,selected_baseline,1.0,0.9972080556250968,1.0,0.988235294117647,,
chain,16,dense_burst,16024,0.1,in_distribution,candidate_calibration,,,,,0.1163435017467902,0.23412045971689693
chain,16,dense_burst,16024,1.1,in_distribution,candidate,0.75,0.975009322292939,0.8611111111111112,0.8470588235294119,,
chain,16,dense_burst,16024,1.1,in_distribution,activity,0.5,0.8784627187021725,0.7333333333333333,0.8029411764705883,,
chain,16,dense_burst,16024,1.1,in_distribution,local_error,0.5,0.814838672546699,0.7095238095238094,0.65,,
chain,16,dense_burst,16024,1.1,in_distribution,degree,0.75,0.6229750109618263,0.5902777777777777,0.32796802467631514,,
chain,16,dense_burst,16024,1.1,in_distribution,random_expected,0.2375,0.5388280968946497,0.35923939948939954,nan,,
chain,16,dense_burst,16024,1.1,in_distribution,selected_baseline,0.5,0.8784627187021725,0.7333333333333333,0.8029411764705883,,
chain,16,dense_burst,16024,1.1,in_distribution,candidate_calibration,,,,,0.1991790344174979,0.2733663309720106
chain,16,dense_burst,16025,0.1,in_distribution,candidate,0.75,0.9976113100679913,0.9166666666666666,0.9558823529411766,,
chain,16,dense_burst,16025,0.1,in_distribution,activity,1.0,1.0,1.0,0.9441176470588234,,
chain,16,dense_burst,16025,0.1,in_distribution,local_error,0.75,0.9090472025936405,0.7708333333333333,0.7294117647058823,,
chain,16,dense_burst,16025,0.1,in_distribution,degree,0.25,0.5775986339813292,0.3374542124542125,0.32796802467631514,,
chain,16,dense_burst,16025,0.1,in_distribution,random_expected,0.25,0.48425469999313964,0.3805209720834721,nan,,
chain,16,dense_burst,16025,0.1,in_distribution,selected_baseline,1.0,1.0,1.0,0.9441176470588234,,
chain,16,dense_burst,16025,0.1,in_distribution,candidate_calibration,,,,,0.08825063388277306,0.22299170500221496
chain,16,dense_burst,16025,1.1,in_distribution,candidate,0.75,0.8683082059647332,0.95,0.7823529411764706,,
chain,16,dense_burst,16025,1.1,in_distribution,activity,0.5,0.907065720630677,0.5845238095238094,0.6264705882352941,,
chain,16,dense_burst,16025,1.1,in_distribution,local_error,0.5,0.8467742573798522,0.49652777777777773,0.4764705882352941,,
chain,16,dense_burst,16025,1.1,in_distribution,degree,0.0,0.5003984613168946,0.24914529914529915,0.3689640277608545,,
chain,16,dense_burst,16025,1.1,in_distribution,random_expected,0.25,0.5547053555390083,0.3519328726828727,nan,,
chain,16,dense_burst,16025,1.1,in_distribution,selected_baseline,0.5,0.907065720630677,0.5845238095238094,0.6264705882352941,,
chain,16,dense_burst,16025,1.1,in_distribution,candidate_calibration,,,,,0.20237940866101323,0.2714633949650618
chain,64,dense_burst,64021,0.1,in_distribution,candidate,0.9230769230769231,0.9960097409640838,0.9885883347421809,0.9924450549450549,,
chain,64,dense_burst,64021,0.1,in_distribution,activity,0.9230769230769231,0.9941552333156282,0.9838264299802761,0.9892399267399264,,
chain,64,dense_burst,64021,0.1,in_distribution,local_error,0.6923076923076923,0.8519772021150549,0.8505008063831592,0.5945512820512819,,
chain,64,dense_burst,64021,0.1,in_distribution,degree,0.23076923076923078,0.5491446977158378,0.32996123421557394,-0.04861304526235506,,
chain,64,dense_burst,64021,0.1,in_distribution,random_expected,0.20307692307692307,0.3971715663208583,0.24992954719138394,nan,,
chain,64,dense_burst,64021,0.1,in_distribution,selected_baseline,0.9230769230769231,0.9941552333156282,0.9838264299802761,0.9892399267399264,,
chain,64,dense_burst,64021,0.1,in_distribution,candidate_calibration,,,,,0.06212985454474097,0.1726005988336169
chain,64,dense_burst,64021,1.1,in_distribution,candidate,0.8461538461538461,0.9600022682061972,0.8746319641830476,0.8465201465201465,,
chain,64,dense_burst,64021,1.1,in_distribution,activity,0.6923076923076923,0.8636560230619903,0.7493082489406018,0.823580586080586,,
chain,64,dense_burst,64021,1.1,in_distribution,local_error,0.6153846153846154,0.7946143765464829,0.5667255511238142,0.5750457875457875,,
chain,64,dense_burst,64021,1.1,in_distribution,degree,0.15384615384615385,0.3601544378630019,0.21496946238735967,0.004861304526235507,,
chain,64,dense_burst,64021,1.1,in_distribution,random_expected,0.19769230769230767,0.41961973766804056,0.24895514833958984,nan,,
chain,64,dense_burst,64021,1.1,in_distribution,selected_baseline,0.6923076923076923,0.8636560230619903,0.7493082489406018,0.823580586080586,,
chain,64,dense_burst,64021,1.1,in_distribution,candidate_calibration,,,,,0.16178063314391608,0.20802735879115686
chain,64,dense_burst,64022,0.1,in_distribution,candidate,0.9230769230769231,0.9932243094027257,0.9897435897435898,0.9856227106227103,,
chain,64,dense_burst,64022,0.1,in_distribution,activity,0.9230769230769231,0.9926161837131837,0.9945054945054945,0.9875915750915749,,
chain,64,dense_burst,64022,0.1,in_distribution,local_error,0.6923076923076923,0.8685990677350149,0.7679280099118155,0.6771978021978021,,
chain,64,dense_burst,64022,0.1,in_distribution,degree,0.15384615384615385,0.48143500864664973,0.26634147677922043,-0.19445218104942025,,
chain,64,dense_burst,64022,0.1,in_distribution,random_expected,0.18999999999999997,0.40134922535253137,0.2469631859518551,nan,,
chain,64,dense_burst,64022,0.1,in_distribution,selected_baseline,0.9230769230769231,0.9926161837131837,0.9945054945054945,0.9875915750915749,,
chain,64,dense_burst,64022,0.1,in_distribution,candidate_calibration,,,,,0.12128735956724851,0.2564609367286588
chain,64,dense_burst,64022,1.1,in_distribution,candidate,0.7692307692307693,0.9365862940508553,0.7596656112436844,0.8090201465201464,,
chain,64,dense_burst,64022,1.1,in_distribution,activity,0.6923076923076923,0.854032353102144,0.878901817137111,0.7219780219780219,,
chain,64,dense_burst,64022,1.1,in_distribution,local_error,0.6153846153846154,0.8163074588247123,0.8236889744242684,0.5784340659340659,,
chain,64,dense_burst,64022,1.1,in_distribution,degree,0.15384615384615385,0.48401844058985616,0.32903228154328673,-0.2090360946281268,,
chain,64,dense_burst,64022,1.1,in_distribution,random_expected,0.20076923076923076,0.41275332934663944,0.2461727845153704,nan,,
chain,64,dense_burst,64022,1.1,in_distribution,selected_baseline,0.6923076923076923,0.854032353102144,0.878901817137111,0.7219780219780219,,
chain,64,dense_burst,64022,1.1,in_distribution,candidate_calibration,,,,,0.16159786636724938,0.19196294186341362
chain,64,dense_burst,64023,0.1,in_distribution,candidate,0.8461538461538461,0.9976554107616082,0.9676434676434676,0.9932692307692307,,
chain,64,dense_burst,64023,0.1,in_distribution,activity,0.9230769230769231,0.9986288041739387,0.9697913422609779,0.9910714285714285,,
chain,64,dense_burst,64023,0.1,in_distribution,local_error,0.6153846153846154,0.8576294579005638,0.7659344713898792,0.6652472527472527,,
chain,64,dense_burst,64023,0.1,in_distribution,degree,0.23076923076923078,0.4676247809886809,0.22692604706785705,0.23820392178553979,,
chain,64,dense_burst,64023,0.1,in_distribution,random_expected,0.20307692307692307,0.4005691496549716,0.2509470654881847,nan,,
chain,64,dense_burst,64023,0.1,in_distribution,selected_baseline,0.9230769230769231,0.9986288041739387,0.9697913422609779,0.9910714285714285,,
chain,64,dense_burst,64023,0.1,in_distribution,candidate_calibration,,,,,0.07221890098477081,0.18015349378423548
chain,64,dense_burst,64023,1.1,in_distribution,candidate,0.8461538461538461,0.9714410586354667,0.9188034188034186,0.7620421245421244,,
chain,64,dense_burst,64023,1.1,in_distribution,activity,0.6923076923076923,0.798036563718127,0.707342180192859,0.806959706959707,,
chain,64,dense_burst,64023,1.1,in_distribution,local_error,0.6923076923076923,0.7604553719549874,0.5904797125950972,0.6076465201465201,,
chain,64,dense_burst,64023,1.1,in_distribution,degree,0.23076923076923078,0.48903832873173764,0.25433927870745265,0.10694869957718114,,
chain,64,dense_burst,64023,1.1,in_distribution,random_expected,0.19461538461538455,0.41417909998593333,0.24978752597819726,nan,,
chain,64,dense_burst,64023,1.1,in_distribution,selected_baseline,0.6923076923076923,0.798036563718127,0.707342180192859,0.806959706959707,,
chain,64,dense_burst,64023,1.1,in_distribution,candidate_calibration,,,,,0.160088527995134,0.20971840785711518
chain,64,dense_burst,64024,0.1,in_distribution,candidate,1.0,0.9963368773653002,1.0,0.9876831501831501,,
chain,64,dense_burst,64024,0.1,in_distribution,activity,0.9230769230769231,0.9965745762007289,0.9885883347421809,0.9845695970695969,,
chain,64,dense_burst,64024,0.1,in_distribution,local_error,0.6923076923076923,0.8803778153804703,0.7457560761378365,0.7719780219780218,,
chain,64,dense_burst,64024,0.1,in_distribution,degree,0.23076923076923078,0.566379375461537,0.4134983918520504,0.10208739505094565,,
chain,64,dense_burst,64024,0.1,in_distribution,random_expected,0.20076923076923076,0.3455580111692998,0.24818621349406134,nan,,
chain,64,dense_burst,64024,0.1,in_distribution,selected_baseline,0.9230769230769231,0.9965745762007289,0.9885883347421809,0.9845695970695969,,
chain,64,dense_burst,64024,0.1,in_distribution,candidate_calibration,,,,,0.05882306955492317,0.18891935942446966
chain,64,dense_burst,64024,1.1,in_distribution,candidate,0.6923076923076923,0.9209794468001714,0.8156537000274082,0.6314560439560439,,
chain,64,dense_burst,64024,1.1,in_distribution,activity,0.6923076923076923,0.9247133636908156,0.8407675657675658,0.8030219780219778,,
chain,64,dense_burst,64024,1.1,in_distribution,local_error,0.6923076923076923,0.8971840345380987,0.7290183081458879,0.6328296703296703,,
chain,64,dense_burst,64024,1.1,in_distribution,degree,0.15384615384615385,0.42450529685850474,0.3564835041735701,0.23334261725930433,,
chain,64,dense_burst,64024,1.1,in_distribution,random_expected,0.20923076923076928,0.3679700178001656,0.2503596233825009,nan,,
chain,64,dense_burst,64024,1.1,in_distribution,selected_baseline,0.6923076923076923,0.9247133636908156,0.8407675657675658,0.8030219780219778,,
chain,64,dense_burst,64024,1.1,in_distribution,candidate_calibration,,,,,0.16342505143026972,0.1794020698829784
chain,64,dense_burst,64025,0.1,in_distribution,candidate,0.9230769230769231,0.9940629484176773,0.9796597633136095,0.9856227106227103,,
chain,64,dense_burst,64025,0.1,in_distribution,activity,0.9230769230769231,0.9994782139517752,0.9897435897435898,0.9892857142857141,,
chain,64,dense_burst,64025,0.1,in_distribution,local_error,0.7692307692307693,0.8546186340397937,0.815118428579967,0.7015567765567764,,
chain,64,dense_burst,64025,0.1,in_distribution,degree,0.07692307692307693,0.3588757172803887,0.20162466442929722,0.019445218104942028,,
chain,64,dense_burst,64025,0.1,in_distribution,random_expected,0.21769230769230766,0.3835645314802337,0.26402687776295924,nan,,
chain,64,dense_burst,64025,0.1,in_distribution,selected_baseline,0.9230769230769231,0.9994782139517752,0.9897435897435898,0.9892857142857141,,
chain,64,dense_burst,64025,0.1,in_distribution,candidate_calibration,,,,,0.06033290042472759,0.1594408572166127
chain,64,dense_burst,64025,1.1,in_distribution,candidate,0.5384615384615384,0.841478428809547,0.6080142493293857,0.7492673992673993,,
chain,64,dense_burst,64025,1.1,in_distribution,activity,0.6923076923076923,0.9079168697342769,0.7577361960045619,0.8312728937728936,,
chain,64,dense_burst,64025,1.1,in_distribution,local_error,0.6153846153846154,0.8652662846903435,0.6685999873531691,0.6375,,
chain,64,dense_burst,64025,1.1,in_distribution,degree,0.15384615384615385,0.5400750195255163,0.17813878384868495,0.0826421769460036,,
chain,64,dense_burst,64025,1.1,in_distribution,random_expected,0.19769230769230764,0.43945334627783417,0.24415229325484614,nan,,
chain,64,dense_burst,64025,1.1,in_distribution,selected_baseline,0.6923076923076923,0.9079168697342769,0.7577361960045619,0.8312728937728936,,
chain,64,dense_burst,64025,1.1,in_distribution,candidate_calibration,,,,,0.16809942206737374,0.17763655525525363
chain,128,dense_burst,128021,0.1,in_distribution,candidate,0.9230769230769231,0.9968624265594119,0.9864257294429708,0.9942375480681194,,
chain,128,dense_burst,128021,0.1,in_distribution,activity,0.9230769230769231,0.9856689012581209,0.9740287871361285,0.9861975828602819,,
chain,128,dense_burst,128021,0.1,in_distribution,local_error,0.6153846153846154,0.8675614105227496,0.7135954134807989,0.6926673228346456,,
chain,128,dense_burst,128021,0.1,in_distribution,degree,0.19230769230769232,0.503307461234866,0.24997843130556066,-0.0358024652380448,,
chain,128,dense_burst,128021,0.1,in_distribution,random_expected,0.21307692307692314,0.4412374987808865,0.23523476337328522,nan,,
chain,128,dense_burst,128021,0.1,in_distribution,selected_baseline,0.9230769230769231,0.9856689012581209,0.9740287871361285,0.9861975828602819,,
chain,128,dense_burst,128021,0.1,in_distribution,candidate_calibration,,,,,0.08110626927740369,0.215544696026091
chain,128,dense_burst,128021,1.1,in_distribution,candidate,0.8076923076923077,0.9548043663489697,0.8644894503174124,0.7937992125984251,,
chain,128,dense_burst,128021,1.1,in_distribution,activity,0.7692307692307693,0.8554728806560041,0.8450181280647,0.7789896539095404,,
chain,128,dense_burst,128021,1.1,in_distribution,local_error,0.6923076923076923,0.7780455461245652,0.6357877754023185,0.556583043398645,,
chain,128,dense_burst,128021,1.1,in_distribution,degree,0.23076923076923078,0.43040917948867796,0.2712912423890758,-0.0323927066439453,,
chain,128,dense_burst,128021,1.1,in_distribution,random_expected,0.2203846153846154,0.4640296364446772,0.23672646264209163,nan,,
chain,128,dense_burst,128021,1.1,in_distribution,selected_baseline,0.7692307692307693,0.8554728806560041,0.8450181280647,0.7789896539095404,,
chain,128,dense_burst,128021,1.1,in_distribution,candidate_calibration,,,,,0.16036255632113833,0.17642105717518175
chain,128,dense_burst,128022,0.1,in_distribution,candidate,1.0,0.998926226177019,1.0,0.9940315418421535,,
chain,128,dense_burst,128022,0.1,in_distribution,activity,0.9230769230769231,0.9963813503890824,0.9847141384186913,0.9929557315509978,,
chain,128,dense_burst,128022,0.1,in_distribution,local_error,0.6923076923076923,0.9186108641312056,0.7733851675933343,0.7495822651529023,,
chain,128,dense_burst,128022,0.1,in_distribution,degree,0.11538461538461539,0.2674345955914494,0.16748893478827712,0.018753672267547275,,
chain,128,dense_burst,128022,0.1,in_distribution,random_expected,0.19192307692307695,0.376575052195597,0.22294697090306723,nan,,
chain,128,dense_burst,128022,0.1,in_distribution,selected_baseline,0.9230769230769231,0.9963813503890824,0.9847141384186913,0.9929557315509978,,
chain,128,dense_burst,128022,0.1,in_distribution,candidate_calibration,,,,,0.06485956283871445,0.20823310475123963
chain,128,dense_burst,128022,1.1,in_distribution,candidate,0.6923076923076923,0.911562086886046,0.7818563854193807,0.6900464658487456,,
chain,128,dense_burst,128022,1.1,in_distribution,activity,0.5769230769230769,0.8036485394321509,0.672612027533856,0.7251533601904413,,
chain,128,dense_burst,128022,1.1,in_distribution,local_error,0.5,0.757673107663434,0.5903248938587468,0.6190773210034792,,
chain,128,dense_burst,128022,1.1,in_distribution,degree,0.19230769230769232,0.3469680535169339,0.17385324449371417,-0.06137565469379109,,
chain,128,dense_burst,128022,1.1,in_distribution,random_expected,0.21423076923076928,0.42729760549486784,0.23308359823061636,nan,,
chain,128,dense_burst,128022,1.1,in_distribution,selected_baseline,0.5769230769230769,0.8036485394321509,0.672612027533856,0.7251533601904413,,
chain,128,dense_burst,128022,1.1,in_distribution,candidate_calibration,,,,,0.1675972980363446,0.16759659980546843
chain,128,dense_burst,128023,0.1,in_distribution,candidate,1.0,0.9994484054597943,1.0,0.9930015107123237,,
chain,128,dense_burst,128023,0.1,in_distribution,activity,0.9230769230769231,0.9925234627059466,0.9730688403357619,0.9849558231093206,,
chain,128,dense_burst,128023,0.1,in_distribution,local_error,0.7307692307692307,0.9193002755753852,0.8121970677904049,0.7213193554294085,,
chain,128,dense_burst,128023,0.1,in_distribution,degree,0.15384615384615385,0.3704333809552768,0.18199043062207215,-0.08694884414953737,,
chain,128,dense_burst,128023,0.1,in_distribution,random_expected,0.2030769230769231,0.37627326249898,0.22957982892614204,nan,,
chain,128,dense_burst,128023,0.1,in_distribution,selected_baseline,0.9230769230769231,0.9925234627059466,0.9730688403357619,0.9849558231093206,,
chain,128,dense_burst,128023,0.1,in_distribution,candidate_calibration,,,,,0.06563278892436163,0.20668656446221048
chain,128,dense_burst,128023,1.1,in_distribution,candidate,0.7307692307692307,0.9024706863849148,0.8174351157810451,0.7552131019959714,,
chain,128,dense_burst,128023,1.1,in_distribution,activity,0.6153846153846154,0.8622091761123301,0.6465494114538168,0.6806502929866325,,
chain,128,dense_burst,128023,1.1,in_distribution,local_error,0.5,0.7568196934683096,0.582453677150676,0.44056148141366047,,
chain,128,dense_burst,128023,1.1,in_distribution,degree,0.23076923076923078,0.35941523115978957,0.2202030201677601,-0.09206348204068664,,
chain,128,dense_burst,128023,1.1,in_distribution,random_expected,0.20884615384615388,0.4016279894962207,0.2333685599987218,nan,,
chain,128,dense_burst,128023,1.1,in_distribution,selected_baseline,0.6153846153846154,0.8622091761123301,0.6465494114538168,0.6806502929866325,,
chain,128,dense_burst,128023,1.1,in_distribution,candidate_calibration,,,,,0.1611094662429741,0.15120722484311944
chain,128,dense_burst,128024,0.1,in_distribution,candidate,0.9230769230769231,0.9972168755685485,0.9883589508664472,0.9914736312030763,,
chain,128,dense_burst,128024,0.1,in_distribution,activity,1.0,0.998841556150782,1.0,0.9932532960996154,,
chain,128,dense_burst,128024,0.1,in_distribution,local_error,0.7307692307692307,0.8831393688311854,0.765983405125998,0.6654287218458158,,
chain,128,dense_burst,128024,0.1,in_distribution,degree,0.11538461538461539,0.27559409481490754,0.1781894052576769,-0.1432098609521792,,
chain,128,dense_burst,128024,0.1,in_distribution,random_expected,0.21423076923076928,0.4047965898183145,0.23364723455120476,nan,,
chain,128,dense_burst,128024,0.1,in_distribution,selected_baseline,1.0,0.998841556150782,1.0,0.9932532960996154,,
chain,128,dense_burst,128024,0.1,in_distribution,candidate_calibration,,,,,0.07515410236539606,0.20638939261140615
chain,128,dense_burst,128024,1.1,in_distribution,candidate,0.6538461538461539,0.9205540892633429,0.7792202630917792,0.7619311939205273,,
chain,128,dense_burst,128024,1.1,in_distribution,activity,0.6923076923076923,0.8567639880157901,0.837485676582576,0.7537195568577183,,
chain,128,dense_burst,128024,1.1,in_distribution,local_error,0.5384615384615384,0.7318337591348583,0.645367885252677,0.62504005676616,,
chain,128,dense_burst,128024,1.1,in_distribution,degree,0.11538461538461539,0.2873168105988367,0.1809572240347563,-0.11252203360528365,,
chain,128,dense_burst,128024,1.1,in_distribution,random_expected,0.20153846153846153,0.3907735299381281,0.23104805311888568,nan,,
chain,128,dense_burst,128024,1.1,in_distribution,selected_baseline,0.6923076923076923,0.8567639880157901,0.837485676582576,0.7537195568577183,,
chain,128,dense_burst,128024,1.1,in_distribution,candidate_calibration,,,,,0.16364477706470348,0.1717126427462896
chain,128,dense_burst,128025,0.1,in_distribution,candidate,0.9615384615384616,0.9990785367332053,0.9957734573119187,0.9895680736128913,,
chain,128,dense_burst,128025,0.1,in_distribution,activity,0.9615384615384616,0.9979999252001988,0.9922829421909688,0.991828419703351,,
chain,128,dense_burst,128025,0.1,in_distribution,local_error,0.6538461538461539,0.8798112396767832,0.7269084980074196,0.6093378044314228,,
chain,128,dense_burst,128025,0.1,in_distribution,degree,0.07692307692307693,0.26081422901053936,0.1664991093880927,-0.011934155079348266,,
chain,128,dense_burst,128025,0.1,in_distribution,random_expected,0.19692307692307692,0.364722407272579,0.2309875442525792,nan,,
chain,128,dense_burst,128025,0.1,in_distribution,selected_baseline,0.9615384615384616,0.9979999252001988,0.9922829421909688,0.991828419703351,,
chain,128,dense_burst,128025,0.1,in_distribution,candidate_calibration,,,,,0.06212021955196415,0.20152243063775838
chain,128,dense_burst,128025,1.1,in_distribution,candidate,0.8846153846153846,0.959803512903056,0.9545876034078282,0.8016617835561253,,
chain,128,dense_burst,128025,1.1,in_distribution,activity,0.5384615384615384,0.8634642177569419,0.5695716416888843,0.7557452847463834,,
chain,128,dense_burst,128025,1.1,in_distribution,local_error,0.5,0.7569390781810156,0.4438414207745437,0.5060714612708295,,
chain,128,dense_burst,128025,1.1,in_distribution,degree,0.11538461538461539,0.3249793428388356,0.16634721019259713,-0.09206348204068664,,
chain,128,dense_burst,128025,1.1,in_distribution,random_expected,0.19538461538461543,0.39983529910160853,0.22699134005851518,nan,,
chain,128,dense_burst,128025,1.1,in_distribution,selected_baseline,0.5384615384615384,0.8634642177569419,0.5695716416888843,0.7557452847463834,,
chain,128,dense_burst,128025,1.1,in_distribution,candidate_calibration,,,,,0.16079120363696164,0.20790559139728457
star,16,dense_burst,16021,0.1,in_distribution,candidate,1.0,1.0,1.0,0.9941176470588234,,
star,16,dense_burst,16021,0.1,in_distribution,activity,0.75,0.9995019920770126,0.95,0.988235294117647,,
star,16,dense_burst,16021,0.1,in_distribution,local_error,0.75,0.9995019920770126,0.8928571428571428,0.7764705882352941,,
star,16,dense_burst,16021,0.1,in_distribution,degree,0.5,0.5139613742017098,0.488095238095238,-0.14002800840280097,,
star,16,dense_burst,16021,0.1,in_distribution,random_expected,0.23,0.3938468879128784,0.36282894189144194,nan,,
star,16,dense_burst,16021,0.1,in_distribution,selected_baseline,0.75,0.9995019920770126,0.95,0.988235294117647,,
star,16,dense_burst,16021,0.1,in_distribution,candidate_calibration,,,,,0.0690199288979989,0.22790738574039612
star,16,dense_burst,16021,1.1,in_distribution,candidate,0.75,0.9581101489189353,0.7541666666666667,0.6,,
star,16,dense_burst,16021,1.1,in_distribution,activity,0.5,0.7452702987481552,0.6678571428571429,0.6088235294117647,,
star,16,dense_burst,16021,1.1,in_distribution,local_error,0.25,0.657592996179329,0.6,0.4794117647058824,,
star,16,dense_burst,16021,1.1,in_distribution,degree,0.0,0.5090822062363791,0.2624542124542124,0.08401680504168059,,
star,16,dense_burst,16021,1.1,in_distribution,random_expected,0.24,0.5598967488354172,0.3600562215562216,nan,,
star,16,dense_burst,16021,1.1,in_distribution,selected_baseline,0.5,0.7452702987481552,0.6678571428571429,0.6088235294117647,,
star,16,dense_burst,16021,1.1,in_distribution,candidate_calibration,,,,,0.2061651659777142,0.27941921494269906
star,16,dense_burst,16022,0.1,in_distribution,candidate,1.0,1.0,1.0,0.9941176470588234,,
star,16,dense_burst,16022,0.1,in_distribution,activity,1.0,1.0,1.0,0.9823529411764707,,
star,16,dense_burst,16022,0.1,in_distribution,local_error,0.75,0.9307792374528692,0.8875,0.7617647058823529,,
star,16,dense_burst,16022,0.1,in_distribution,degree,0.0,0.2514061120511742,0.23115079365079363,-0.028005601680560196,,
star,16,dense_burst,16022,0.1,in_distribution,random_expected,0.2625,0.43499779093476915,0.39184786741036737,nan,,
star,16,dense_burst,16022,0.1,in_distribution,selected_baseline,1.0,1.0,1.0,0.9823529411764707,,
star,16,dense_burst,16022,0.1,in_distribution,candidate_calibration,,,,,0.05764417796965925,0.211024599570745
star,16,dense_burst,16022,1.1,in_distribution,candidate,0.75,0.9883071791608945,0.95,0.7852941176470588,,
star,16,dense_burst,16022,1.1,in_distribution,activity,0.5,0.7600053596941891,0.6083333333333333,0.8058823529411765,,
star,16,dense_burst,16022,1.1,in_distribution,local_error,0.5,0.8223118737085581,0.7333333333333333,0.7529411764705882,,
star,16,dense_burst,16022,1.1,in_distribution,degree,0.0,0.22041443069151134,0.20704365079365078,-0.14002800840280097,,
star,16,dense_burst,16022,1.1,in_distribution,random_expected,0.2675,0.44098788146271956,0.37533422133422134,nan,,
star,16,dense_burst,16022,1.1,in_distribution,selected_baseline,0.5,0.7600053596941891,0.6083333333333333,0.8058823529411765,,
star,16,dense_burst,16022,1.1,in_distribution,candidate_calibration,,,,,0.19544558666481412,0.26601158648299267
star,16,dense_burst,16023,0.1,in_distribution,candidate,1.0,1.0,1.0,0.976470588235294,,
star,16,dense_burst,16023,0.1,in_distribution,activity,1.0,1.0,1.0,0.9823529411764707,,
star,16,dense_burst,16023,0.1,in_distribution,local_error,0.75,0.8308396886159811,0.7470238095238095,0.5352941176470588,,
star,16,dense_burst,16023,0.1,in_distribution,degree,0.25,0.4691817492272342,0.4201923076923077,0.30806161848616215,,
star,16,dense_burst,16023,0.1,in_distribution,random_expected,0.2475,0.510121530251338,0.3549757534132534,nan,,
star,16,dense_burst,16023,0.1,in_distribution,selected_baseline,1.0,1.0,1.0,0.9823529411764707,,
star,16,dense_burst,16023,0.1,in_distribution,candidate_calibration,,,,,0.1123356651394784,0.29438461698783436
star,16,dense_burst,16023,1.1,in_distribution,candidate,0.75,0.9274451248257521,0.875,0.8323529411764706,,
star,16,dense_burst,16023,1.1,in_distribution,activity,0.75,0.8906241323582862,0.8611111111111112,0.75,,
star,16,dense_burst,16023,1.1,in_distribution,local_error,0.5,0.8077128665153192,0.740909090909091,0.6794117647058824,,
star,16,dense_burst,16023,1.1,in_distribution,degree,0.0,0.306608166000513,0.18578296703296704,-0.08401680504168059,,
star,16,dense_burst,16023,1.1,in_distribution,random_expected,0.2125,0.47780002568326674,0.35304733460983456,nan,,
star,16,dense_burst,16023,1.1,in_distribution,selected_baseline,0.75,0.8906241323582862,0.8611111111111112,0.75,,
star,16,dense_burst,16023,1.1,in_distribution,candidate_calibration,,,,,0.2003579170480064,0.26501677445928407
star,16,dense_burst,16024,0.1,in_distribution,candidate,1.0,1.0,1.0,0.976470588235294,,
star,16,dense_burst,16024,0.1,in_distribution,activity,1.0,1.0,1.0,0.9823529411764707,,
star,16,dense_burst,16024,0.1,in_distribution,local_error,0.25,0.6980930304440105,0.575,0.4382352941176471,,
star,16,dense_burst,16024,0.1,in_distribution,degree,0.75,0.8774165930077631,0.6950757575757576,0.42008402520840293,,
star,16,dense_burst,16024,0.1,in_distribution,random_expected,0.2225,0.46130803687340843,0.3451944236319236,nan,,
star,16,dense_burst,16024,0.1,in_distribution,selected_baseline,1.0,1.0,1.0,0.9823529411764707,,
star,16,dense_burst,16024,0.1,in_distribution,candidate_calibration,,,,,0.09885267608944365,0.24532097642881126
star,16,dense_burst,16024,1.1,in_distribution,candidate,0.75,0.9551563661722221,0.7470238095238095,0.9205882352941176,,
star,16,dense_burst,16024,1.1,in_distribution,activity,0.5,0.9003010814012097,0.8166666666666667,0.7735294117647058,,
star,16,dense_burst,16024,1.1,in_distribution,local_error,0.75,0.9488183093479378,0.7708333333333333,0.6852941176470588,,
star,16,dense_burst,16024,1.1,in_distribution,degree,0.5,0.5938915943005877,0.3547619047619047,-0.028005601680560196,,
star,16,dense_burst,16024,1.1,in_distribution,random_expected,0.2625,0.5732024713059646,0.37799847374847373,nan,,
star,16,dense_burst,16024,1.1,in_distribution,selected_baseline,0.5,0.9003010814012097,0.8166666666666667,0.7735294117647058,,
star,16,dense_burst,16024,1.1,in_distribution,candidate_calibration,,,,,0.20071077514640046,0.2680927981550062
star,16,dense_burst,16025,0.1,in_distribution,candidate,1.0,1.0,1.0,0.9911764705882352,,
star,16,dense_burst,16025,0.1,in_distribution,activity,1.0,1.0,1.0,0.9470588235294116,,
star,16,dense_burst,16025,0.1,in_distribution,local_error,0.75,0.9852365825654648,0.8541666666666666,0.8352941176470589,,
star,16,dense_burst,16025,0.1,in_distribution,degree,0.25,0.5086796422094207,0.275,-0.30806161848616215,,
star,16,dense_burst,16025,0.1,in_distribution,random_expected,0.2575,0.48856805544109766,0.37524655205905205,nan,,
star,16,dense_burst,16025,0.1,in_distribution,selected_baseline,1.0,1.0,1.0,0.9470588235294116,,
star,16,dense_burst,16025,0.1,in_distribution,candidate_calibration,,,,,0.08490783541524789,0.26598471644064664
star,16,dense_burst,16025,1.1,in_distribution,candidate,0.75,0.9211503610822329,0.85,0.7735294117647058,,
star,16,dense_burst,16025,1.1,in_distribution,activity,0.5,0.8543434582536944,0.6916666666666667,0.6794117647058824,,
star,16,dense_burst,16025,1.1,in_distribution,local_error,0.5,0.7852731509142233,0.6111111111111112,0.6411764705882352,,
star,16,dense_burst,16025,1.1,in_distribution,degree,0.25,0.4440514445102599,0.25769230769230766,-0.14002800840280097,,
star,16,dense_burst,16025,1.1,in_distribution,random_expected,0.22,0.4757015656246105,0.36194520757020754,nan,,
star,16,dense_burst,16025,1.1,in_distribution,selected_baseline,0.5,0.8543434582536944,0.6916666666666667,0.6794117647058824,,
star,16,dense_burst,16025,1.1,in_distribution,candidate_calibration,,,,,0.2038225173535858,0.27188574536592003
star,64,dense_burst,64021,0.1,in_distribution,candidate,0.9230769230769231,0.9940840006274998,0.9855769230769231,0.989606227106227,,
star,64,dense_burst,64021,0.1,in_distribution,activity,0.9230769230769231,0.9742200627676046,0.9945054945054945,0.98003663003663,,
star,64,dense_burst,64021,0.1,in_distribution,local_error,0.5384615384615384,0.7478286227716222,0.6882584005262025,0.3369047619047619,,
star,64,dense_burst,64021,0.1,in_distribution,degree,0.3076923076923077,0.6188926075974357,0.4111621523045331,0.1943740372392746,,
star,64,dense_burst,64021,0.1,in_distribution,random_expected,0.2146153846153846,0.40942048862795233,0.25479405342265443,nan,,
star,64,dense_burst,64021,0.1,in_distribution,selected_baseline,0.9230769230769231,0.9742200627676046,0.9945054945054945,0.98003663003663,,
star,64,dense_burst,64021,0.1,in_distribution,candidate_calibration,,,,,0.06318859546586841,0.19806046307516434
star,64,dense_burst,64021,1.1,in_distribution,candidate,1.0,0.966135471142072,1.0,0.8869047619047619,,
star,64,dense_burst,64021,1.1,in_distribution,activity,0.46153846153846156,0.8195729001644346,0.6961841521052047,0.5279761904761905,,
star,64,dense_burst,64021,1.1,in_distribution,local_error,0.46153846153846156,0.8128610159434915,0.5972662083074797,0.1804029304029304,,
star,64,dense_burst,64021,1.1,in_distribution,degree,0.23076923076923078,0.45627205762490936,0.2990380923974752,0.17391361226671942,,
star,64,dense_burst,64021,1.1,in_distribution,random_expected,0.2046153846153846,0.4423895183620267,0.24546079279509775,nan,,
star,64,dense_burst,64021,1.1,in_distribution,selected_baseline,0.46153846153846156,0.8195729001644346,0.6961841521052047,0.5279761904761905,,
star,64,dense_burst,64021,1.1,in_distribution,candidate_calibration,,,,,0.16027641009248783,0.22036079258118826
star,64,dense_burst,64022,0.1,in_distribution,candidate,0.7692307692307693,0.98600502493861,0.9325712471223306,0.9903846153846152,,
star,64,dense_burst,64022,0.1,in_distribution,activity,0.9230769230769231,0.9934364960344134,0.9885883347421809,0.9884615384615383,,
star,64,dense_burst,64022,0.1,in_distribution,local_error,0.6153846153846154,0.8121052661780224,0.7379491278370858,0.52257326007326,,
star,64,dense_burst,64022,0.1,in_distribution,degree,0.15384615384615385,0.5067049968864805,0.34993971872234525,0.17391361226671942,,
star,64,dense_burst,64022,0.1,in_distribution,random_expected,0.19846153846153844,0.3970613973179306,0.24817577387410933,nan,,
star,64,dense_burst,64022,0.1,in_distribution,selected_baseline,0.9230769230769231,0.9934364960344134,0.9885883347421809,0.9884615384615383,,
star,64,dense_burst,64022,0.1,in_distribution,candidate_calibration,,,,,0.10636694863335863,0.19980781407943307
star,64,dense_burst,64022,1.1,in_distribution,candidate,0.6153846153846154,0.8612655748353505,0.7660957350272232,0.8564560439560438,,
star,64,dense_burst,64022,1.1,in_distribution,activity,0.6923076923076923,0.9015253454811945,0.8407904312881688,0.5486263736263736,,
star,64,dense_burst,64022,1.1,in_distribution,local_error,0.6153846153846154,0.8848770658042883,0.752481485539046,0.3051282051282051,,
star,64,dense_burst,64022,1.1,in_distribution,degree,0.3076923076923077,0.5134461372753325,0.3564772784226856,0.167093470609201,,
star,64,dense_burst,64022,1.1,in_distribution,random_expected,0.2023076923076923,0.44376482661276795,0.24862046050621206,nan,,
star,64,dense_burst,64022,1.1,in_distribution,selected_baseline,0.6923076923076923,0.9015253454811945,0.8407904312881688,0.5486263736263736,,
star,64,dense_burst,64022,1.1,in_distribution,candidate_calibration,,,,,0.16422621286372305,0.18706380527170513
star,64,dense_burst,64023,0.1,in_distribution,candidate,1.0,0.9999940098453511,1.0,0.9980311355311355,,
star,64,dense_burst,64023,0.1,in_distribution,activity,0.9230769230769231,0.9972576864845821,0.9885883347421809,0.9942307692307691,,
star,64,dense_burst,64023,0.1,in_distribution,local_error,0.6923076923076923,0.9071854021319836,0.8501262377860843,0.9336538461538461,,
star,64,dense_burst,64023,0.1,in_distribution,degree,0.23076923076923078,0.36241989053597384,0.20357005515284665,-0.20801432055431143,,
star,64,dense_burst,64023,0.1,in_distribution,random_expected,0.21,0.40086895394034916,0.2497151330002253,nan,,
star,64,dense_burst,64023,0.1,in_distribution,selected_baseline,0.9230769230769231,0.9972576864845821,0.9885883347421809,0.9942307692307691,,
star,64,dense_burst,64023,0.1,in_distribution,candidate_calibration,,,,,0.06918158030169627,0.21543243189066263
star,64,dense_burst,64023,1.1,in_distribution,candidate,0.8461538461538461,0.9730650568374519,0.9626696832579186,0.7523351648351647,,
star,64,dense_burst,64023,1.1,in_distribution,activity,0.7692307692307693,0.9059401503009218,0.7735511794040223,0.9160714285714284,,
star,64,dense_burst,64023,1.1,in_distribution,local_error,0.6153846153846154,0.8145014706595668,0.7609554334554335,0.8942765567765567,,
star,64,dense_burst,64023,1.1,in_distribution,degree,0.23076923076923078,0.29909312778580205,0.2163850045285802,-0.20119417889679303,,
star,64,dense_burst,64023,1.1,in_distribution,random_expected,0.21307692307692305,0.3846234072204451,0.2583026345530012,nan,,
star,64,dense_burst,64023,1.1,in_distribution,selected_baseline,0.7692307692307693,0.9059401503009218,0.7735511794040223,0.9160714285714284,,
star,64,dense_burst,64023,1.1,in_distribution,candidate_calibration,,,,,0.15927437335615324,0.22886277861811222
star,64,dense_burst,64024,0.1,in_distribution,candidate,1.0,0.9997322154229263,1.0,0.9968406593406592,,
star,64,dense_burst,64024,0.1,in_distribution,activity,1.0,0.9997642906404961,1.0,0.9853937728937727,,
star,64,dense_burst,64024,0.1,in_distribution,local_error,0.8461538461538461,0.9564906664703235,0.9499330797407721,0.960576923076923,,
star,64,dense_burst,64024,0.1,in_distribution,degree,0.3076923076923077,0.45191544196826994,0.34665949592877204,-0.13981290397912735,,
star,64,dense_burst,64024,0.1,in_distribution,random_expected,0.20692307692307693,0.3518482471242938,0.24783941205938206,nan,,
star,64,dense_burst,64024,0.1,in_distribution,selected_baseline,1.0,0.9997642906404961,1.0,0.9853937728937727,,
star,64,dense_burst,64024,0.1,in_distribution,candidate_calibration,,,,,0.0636946650840356,0.197485488140373
star,64,dense_burst,64024,1.1,in_distribution,candidate,0.6923076923076923,0.910607408692762,0.8223536267653913,0.7782509157509157,,
star,64,dense_burst,64024,1.1,in_distribution,activity,0.8461538461538461,0.9332524864138317,0.9330271036153388,0.9415293040293038,,
star,64,dense_burst,64024,1.1,in_distribution,local_error,0.8461538461538461,0.9420420252358623,0.897431414739107,0.8942765567765567,,
star,64,dense_burst,64024,1.1,in_distribution,degree,0.23076923076923078,0.4738820243702462,0.3228303482349227,-0.09889205403401691,,
star,64,dense_burst,64024,1.1,in_distribution,random_expected,0.2061538461538461,0.39019241994492565,0.2528880847389081,nan,,
star,64,dense_burst,64024,1.1,in_distribution,selected_baseline,0.8461538461538461,0.9332524864138317,0.9330271036153388,0.9415293040293038,,
star,64,dense_burst,64024,1.1,in_distribution,candidate_calibration,,,,,0.16342620257963852,0.19560674512886767
star,64,dense_burst,64025,0.1,in_distribution,candidate,1.0,0.9972155156019749,1.0,0.9954670329670329,,
star,64,dense_burst,64025,0.1,in_distribution,activity,0.9230769230769231,0.9979085972971933,0.9885883347421809,0.9911630036630036,,
star,64,dense_burst,64025,0.1,in_distribution,local_error,0.6153846153846154,0.8692013719509455,0.7751941771678614,0.38699633699633695,,
star,64,dense_burst,64025,0.1,in_distribution,degree,0.15384615384615385,0.4371059886155826,0.28414220198843615,0.14663304563664578,,
star,64,dense_burst,64025,0.1,in_distribution,random_expected,0.21307692307692305,0.38531095324000936,0.2511997230585298,nan,,
star,64,dense_burst,64025,0.1,in_distribution,selected_baseline,0.9230769230769231,0.9979085972971933,0.9885883347421809,0.9911630036630036,,
star,64,dense_burst,64025,0.1,in_distribution,candidate_calibration,,,,,0.06016077481846284,0.19357287678397872
star,64,dense_burst,64025,1.1,in_distribution,candidate,0.8461538461538461,0.963471093292403,0.9626696832579186,0.9062271062271061,,
star,64,dense_burst,64025,1.1,in_distribution,activity,0.6153846153846154,0.8496063160457672,0.7307685684027878,0.6362637362637362,,
star,64,dense_burst,64025,1.1,in_distribution,local_error,0.38461538461538464,0.6440665426796198,0.5360906690092212,0.3051282051282051,,
star,64,dense_burst,64025,1.1,in_distribution,degree,0.3076923076923077,0.5747994091575129,0.2555819017076781,0.12617262066409055,,
star,64,dense_burst,64025,1.1,in_distribution,random_expected,0.1938461538461538,0.44799622397379646,0.24284363310999507,nan,,
star,64,dense_burst,64025,1.1,in_distribution,selected_baseline,0.6153846153846154,0.8496063160457672,0.7307685684027878,0.6362637362637362,,
star,64,dense_burst,64025,1.1,in_distribution,candidate_calibration,,,,,0.1627733779806369,0.22613513834773347
star,128,dense_burst,128021,0.1,in_distribution,candidate,0.9230769230769231,0.9951937664167212,0.9871367143515687,0.9947697308185315,,
star,128,dense_burst,128021,0.1,in_distribution,activity,0.8846153846153846,0.9777182264517063,0.9718528520020484,0.9809615912836477,,
star,128,dense_burst,128021,0.1,in_distribution,local_error,0.5,0.7863897586184453,0.5294143272698979,0.4829014832448269,,
star,128,dense_burst,128021,0.1,in_distribution,degree,0.19230769230769232,0.5508588075811617,0.28443685567177845,0.13568770431168758,,
star,128,dense_burst,128021,0.1,in_distribution,random_expected,0.2,0.4251388863725412,0.22556773164079263,nan,,
star,128,dense_burst,128021,0.1,in_distribution,selected_baseline,0.8846153846153846,0.9777182264517063,0.9718528520020484,0.9809615912836477,,
star,128,dense_burst,128021,0.1,in_distribution,candidate_calibration,,,,,0.07131923479176734,0.18239074414573841
star,128,dense_burst,128021,1.1,in_distribution,candidate,0.8076923076923077,0.9572903823373294,0.8978121037320008,0.9448246658121222,,
star,128,dense_burst,128021,1.1,in_distribution,activity,0.8846153846153846,0.923953416105867,0.9499071618037136,0.5623454953305255,,
star,128,dense_burst,128021,1.1,in_distribution,local_error,0.6153846153846154,0.7463089982298332,0.6905417437534571,-0.008812488555209668,,
star,128,dense_burst,128021,1.1,in_distribution,degree,0.2692307692307692,0.5324958606072118,0.2860471672853823,0.14529391346649734,,
star,128,dense_burst,128021,1.1,in_distribution,random_expected,0.1915384615384615,0.420117416585437,0.2226884473845045,nan,,
star,128,dense_burst,128021,1.1,in_distribution,selected_baseline,0.8846153846153846,0.923953416105867,0.9499071618037136,0.5623454953305255,,
star,128,dense_burst,128021,1.1,in_distribution,candidate_calibration,,,,,0.15474123462770506,0.17674668202283972
star,128,dense_burst,128022,0.1,in_distribution,candidate,0.9615384615384616,0.999165574579221,0.9948717948717949,0.9972303607397911,,
star,128,dense_burst,128022,0.1,in_distribution,activity,1.0,0.9978005078427181,1.0,0.9913591832997618,,
star,128,dense_burst,128022,0.1,in_distribution,local_error,0.7307692307692307,0.897138057096372,0.8316500059092685,0.597784288591833,,
star,128,dense_burst,128022,0.1,in_distribution,degree,0.11538461538461539,0.30864922472589024,0.16181288461978702,0.07324734480542429,,
star,128,dense_burst,128022,0.1,in_distribution,random_expected,0.2030769230769231,0.37888060669442375,0.2276447708962116,nan,,
star,128,dense_burst,128022,0.1,in_distribution,selected_baseline,1.0,0.9978005078427181,1.0,0.9913591832997618,,
star,128,dense_burst,128022,0.1,in_distribution,candidate_calibration,,,,,0.06712997286544384,0.21015421800864922
star,128,dense_burst,128022,1.1,in_distribution,candidate,0.6923076923076923,0.9383651048022867,0.7902409138143517,0.8407915216993225,,
star,128,dense_burst,128022,1.1,in_distribution,activity,0.6923076923076923,0.8675685267523547,0.8342717379037731,0.6925700421168284,,
star,128,dense_burst,128022,1.1,in_distribution,local_error,0.6153846153846154,0.8225111032894177,0.7563768755890917,0.5429522981138986,,
star,128,dense_burst,128022,1.1,in_distribution,degree,0.11538461538461539,0.338146245303284,0.17209588394641645,0.05163337420710236,,
star,128,dense_burst,128022,1.1,in_distribution,random_expected,0.19615384615384612,0.4233681187267751,0.2311905397811443,nan,,
star,128,dense_burst,128022,1.1,in_distribution,selected_baseline,0.6923076923076923,0.8675685267523547,0.8342717379037731,0.6925700421168284,,
star,128,dense_burst,128022,1.1,in_distribution,candidate_calibration,,,,,0.1648941253945807,0.16126780005942074
star,128,dense_burst,128023,0.1,in_distribution,candidate,0.9230769230769231,0.9962309032792532,0.9870870745945708,0.996085881706647,,
star,128,dense_burst,128023,0.1,in_distribution,activity,0.9230769230769231,0.9919746312095525,0.9697703824010813,0.9819229536714886,,
star,128,dense_burst,128023,0.1,in_distribution,local_error,0.7692307692307693,0.9051884851366389,0.8275048975072367,0.5119655282915218,,
star,128,dense_burst,128023,0.1,in_distribution,degree,0.19230769230769232,0.4174792314486204,0.23323376960205586,0.11167218142466324,,
star,128,dense_burst,128023,0.1,in_distribution,random_expected,0.20000000000000004,0.3707141964874892,0.22753632233343402,nan,,
star,128,dense_burst,128023,0.1,in_distribution,selected_baseline,0.9230769230769231,0.9919746312095525,0.9697703824010813,0.9819229536714886,,
star,128,dense_burst,128023,0.1,in_distribution,candidate_calibration,,,,,0.07076428529091605,0.1946358783032287
star,128,dense_burst,128023,1.1,in_distribution,candidate,0.7307692307692307,0.9377907035900785,0.8027499374168039,0.827795962277971,,
star,128,dense_burst,128023,1.1,in_distribution,activity,0.6538461538461539,0.8776880015219118,0.749479005462625,0.6312889122871268,,
star,128,dense_burst,128023,1.1,in_distribution,local_error,0.5769230769230769,0.803537796310564,0.6097171269988599,0.46745673869254706,,
star,128,dense_burst,128023,1.1,in_distribution,degree,0.19230769230769232,0.4905886672195004,0.17742748411024178,0.06604268793931697,,
star,128,dense_burst,128023,1.1,in_distribution,random_expected,0.1984615384615385,0.46580291721613803,0.2323451585206146,nan,,
star,128,dense_burst,128023,1.1,in_distribution,selected_baseline,0.6538461538461539,0.8776880015219118,0.749479005462625,0.6312889122871268,,
star,128,dense_burst,128023,1.1,in_distribution,candidate_calibration,,,,,0.16513808632181615,0.1761066537767281
star,128,dense_burst,128024,0.1,in_distribution,candidate,0.8846153846153846,0.9941086106853545,0.96852415378609,0.9927554477201976,,
star,128,dense_burst,128024,0.1,in_distribution,activity,0.8846153846153846,0.9910203404407776,0.9742457251227867,0.9869071598608313,,
star,128,dense_burst,128024,0.1,in_distribution,local_error,0.5769230769230769,0.8052367341656904,0.6339734116626163,0.321346822926204,,
star,128,dense_burst,128024,0.1,in_distribution,degree,0.15384615384615385,0.3487150252358998,0.22260034685912686,0.13328615202298516,,
star,128,dense_burst,128024,0.1,in_distribution,random_expected,0.21346153846153854,0.39924079386461814,0.23144773199799823,nan,,
star,128,dense_burst,128024,0.1,in_distribution,selected_baseline,0.8846153846153846,0.9910203404407776,0.9742457251227867,0.9869071598608313,,
star,128,dense_burst,128024,0.1,in_distribution,candidate_calibration,,,,,0.07725331197868987,0.1870088269234431
star,128,dense_burst,128024,1.1,in_distribution,candidate,0.8076923076923077,0.9766465113266763,0.9086874016089054,0.8708340963193554,,
star,128,dense_burst,128024,1.1,in_distribution,activity,0.8076923076923077,0.9080619294177864,0.8687973731818416,0.6813026460355246,,
star,128,dense_burst,128024,1.1,in_distribution,local_error,0.6923076923076923,0.8525228868978411,0.7757368782137231,0.5857958707196484,,
star,128,dense_burst,128024,1.1,in_distribution,degree,0.19230769230769232,0.32795556100922324,0.2172403756566175,0.058838031073209666,,
star,128,dense_burst,128024,1.1,in_distribution,random_expected,0.19846153846153847,0.37050041389267724,0.22841305338960072,nan,,
star,128,dense_burst,128024,1.1,in_distribution,selected_baseline,0.8076923076923077,0.9080619294177864,0.8687973731818416,0.6813026460355246,,
star,128,dense_burst,128024,1.1,in_distribution,candidate_calibration,,,,,0.16152688034043494,0.18972878781326102
star,128,dense_burst,128025,0.1,in_distribution,candidate,0.9230769230769231,0.9882828851441491,0.9895904779600431,0.9931388481963009,,
star,128,dense_burst,128025,0.1,in_distribution,activity,0.9230769230769231,0.9906162646130704,0.9776635499213971,0.9747356253433437,,
star,128,dense_burst,128025,0.1,in_distribution,local_error,0.46153846153846156,0.7464036172699949,0.5145818919502804,0.10675700421168284,,
star,128,dense_burst,128025,0.1,in_distribution,degree,0.11538461538461539,0.38000496586353977,0.2296049533080707,0.15009701804390221,,
star,128,dense_burst,128025,0.1,in_distribution,random_expected,0.20307692307692307,0.35501134150408076,0.23433655022520436,nan,,
star,128,dense_burst,128025,0.1,in_distribution,selected_baseline,0.9230769230769231,0.9906162646130704,0.9776635499213971,0.9747356253433437,,
star,128,dense_burst,128025,0.1,in_distribution,candidate_calibration,,,,,0.05500073458838932,0.16284188634566932
star,128,dense_burst,128025,1.1,in_distribution,candidate,0.6923076923076923,0.8787592220708871,0.7385081536128323,0.9185817615821278,,
star,128,dense_burst,128025,1.1,in_distribution,activity,0.7692307692307693,0.943165248645078,0.8782264329906037,0.6752597967405236,,
star,128,dense_burst,128025,1.1,in_distribution,local_error,0.5769230769230769,0.8388374348199306,0.6907443353665447,0.250429179637429,,
star,128,dense_burst,128025,1.1,in_distribution,degree,0.07692307692307693,0.46928608223616236,0.22968452949336343,0.15009701804390221,,
star,128,dense_burst,128025,1.1,in_distribution,random_expected,0.21192307692307696,0.5159989130484326,0.2365678691438624,nan,,
star,128,dense_burst,128025,1.1,in_distribution,selected_baseline,0.7692307692307693,0.943165248645078,0.8782264329906037,0.6752597967405236,,
star,128,dense_burst,128025,1.1,in_distribution,candidate_calibration,,,,,0.16144009590338543,0.17674931871818383
feedback_ring,16,dense_burst,16021,0.1,in_distribution,candidate,1.0,1.0,1.0,0.9970588235294118,,
feedback_ring,16,dense_burst,16021,0.1,in_distribution,activity,1.0,1.0,1.0,0.9970588235294118,,
feedback_ring,16,dense_burst,16021,0.1,in_distribution,local_error,0.75,0.9770849340382326,0.95,0.6764705882352942,,
feedback_ring,16,dense_burst,16021,0.1,in_distribution,degree,0.5,0.5030901170025419,0.5277777777777777,0.0,,
feedback_ring,16,dense_burst,16021,0.1,in_distribution,random_expected,0.2475,0.4154223013397037,0.39346999528249527,nan,,
feedback_ring,16,dense_burst,16021,0.1,in_distribution,selected_baseline,1.0,1.0,1.0,0.9970588235294118,,
feedback_ring,16,dense_burst,16021,0.1,in_distribution,candidate_calibration,,,,,0.06927450975572158,0.22493793027185235
feedback_ring,16,dense_burst,16021,1.1,in_distribution,candidate,0.5,0.7461195792071913,0.6428571428571428,0.6294117647058822,,
feedback_ring,16,dense_burst,16021,1.1,in_distribution,activity,0.5,0.9017406583800398,0.625,0.8352941176470589,,
feedback_ring,16,dense_burst,16021,1.1,in_distribution,local_error,0.25,0.8802826358658765,0.551923076923077,0.5941176470588235,,
feedback_ring,16,dense_burst,16021,1.1,in_distribution,degree,0.0,0.4256037922113655,0.25357142857142856,0.0,,
feedback_ring,16,dense_burst,16021,1.1,in_distribution,random_expected,0.2525,0.5482147672692874,0.3807195165945166,nan,,
feedback_ring,16,dense_burst,16021,1.1,in_distribution,selected_baseline,0.5,0.9017406583800398,0.625,0.8352941176470589,,
feedback_ring,16,dense_burst,16021,1.1,in_distribution,candidate_calibration,,,,,0.20670081670978446,0.2602138224132594
feedback_ring,16,dense_burst,16022,0.1,in_distribution,candidate,1.0,1.0,1.0,0.9970588235294118,,
feedback_ring,16,dense_burst,16022,0.1,in_distribution,activity,1.0,1.0,1.0,0.9970588235294118,,
feedback_ring,16,dense_burst,16022,0.1,in_distribution,local_error,1.0,0.9968868901764237,1.0,0.7382352941176471,,
feedback_ring,16,dense_burst,16022,0.1,in_distribution,degree,0.0,0.2433415737600804,0.23115079365079363,0.0,,
feedback_ring,16,dense_burst,16022,0.1,in_distribution,random_expected,0.2325,0.40022139050279903,0.34929979742479744,nan,,
feedback_ring,16,dense_burst,16022,0.1,in_distribution,selected_baseline,1.0,1.0,1.0,0.9970588235294118,,
feedback_ring,16,dense_burst,16022,0.1,in_distribution,candidate_calibration,,,,,0.05989111059127766,0.2140865998699345
feedback_ring,16,dense_burst,16022,1.1,in_distribution,candidate,0.75,0.9693321721611001,0.875,0.65,,
feedback_ring,16,dense_burst,16022,1.1,in_distribution,activity,0.75,0.8259431061138279,0.6791666666666667,0.8823529411764707,,
feedback_ring,16,dense_burst,16022,1.1,in_distribution,local_error,0.75,0.8259431061138279,0.5902777777777777,0.7529411764705882,,
feedback_ring,16,dense_burst,16022,1.1,in_distribution,degree,0.0,0.21172626138131878,0.22073412698412698,0.0,,
feedback_ring,16,dense_burst,16022,1.1,in_distribution,random_expected,0.2475,0.5188270948458829,0.3721824356199357,nan,,
feedback_ring,16,dense_burst,16022,1.1,in_distribution,selected_baseline,0.75,0.8259431061138279,0.6791666666666667,0.8823529411764707,,
feedback_ring,16,dense_burst,16022,1.1,in_distribution,candidate_calibration,,,,,0.19944403620634527,0.2706556893745269
feedback_ring,16,dense_burst,16023,0.1,in_distribution,candidate,1.0,1.0,1.0,0.9941176470588234,,
feedback_ring,16,dense_burst,16023,0.1,in_distribution,activity,1.0,1.0,1.0,1.0,,
feedback_ring,16,dense_burst,16023,0.1,in_distribution,local_error,0.75,0.9239585025004734,0.8875,0.7941176470588236,,
feedback_ring,16,dense_burst,16023,0.1,in_distribution,degree,0.25,0.5051273416169201,0.4201923076923077,0.0,,
feedback_ring,16,dense_burst,16023,0.1,in_distribution,random_expected,0.25,0.531889434875019,0.36927118020868027,nan,,
feedback_ring,16,dense_burst,16023,0.1,in_distribution,selected_baseline,1.0,1.0,1.0,1.0,,
feedback_ring,16,dense_burst,16023,0.1,in_distribution,candidate_calibration,,,,,0.13486768323172077,0.32113983294401516
feedback_ring,16,dense_burst,16023,1.1,in_distribution,candidate,0.5,0.9813919261643037,0.6846590909090909,0.7705882352941176,,
feedback_ring,16,dense_burst,16023,1.1,in_distribution,activity,0.25,0.8037076530790713,0.5821428571428571,0.7058823529411764,,
feedback_ring,16,dense_burst,16023,1.1,in_distribution,local_error,0.25,0.7802044565447818,0.5262896825396826,0.5882352941176471,,
feedback_ring,16,dense_burst,16023,1.1,in_distribution,degree,0.0,0.4774566099422455,0.2375,0.0,,
feedback_ring,16,dense_burst,16023,1.1,in_distribution,random_expected,0.255,0.6460592942657325,0.3744495643245644,nan,,
feedback_ring,16,dense_burst,16023,1.1,in_distribution,selected_baseline,0.25,0.8037076530790713,0.5821428571428571,0.7058823529411764,,
feedback_ring,16,dense_burst,16023,1.1,in_distribution,candidate_calibration,,,,,0.19905596922587654,0.26393846726298176
feedback_ring,16,dense_burst,16024,0.1,in_distribution,candidate,0.75,0.9954806329348156,0.95,0.9970588235294118,,
feedback_ring,16,dense_burst,16024,0.1,in_distribution,activity,1.0,0.9989301582301394,1.0,0.988235294117647,,
feedback_ring,16,dense_burst,16024,0.1,in_distribution,local_error,0.75,0.9691691368530134,0.8875,0.9147058823529413,,
feedback_ring,16,dense_burst,16024,0.1,in_distribution,degree,0.75,0.9162277091798218,0.6950757575757576,0.0,,
feedback_ring,16,dense_burst,16024,0.1,in_distribution,random_expected,0.275,0.5312803250490064,0.38145083388833384,nan,,
feedback_ring,16,dense_burst,16024,0.1,in_distribution,selected_baseline,1.0,0.9989301582301394,1.0,0.988235294117647,,
feedback_ring,16,dense_burst,16024,0.1,in_distribution,candidate_calibration,,,,,0.11251893759766615,0.23628784130292063
feedback_ring,16,dense_burst,16024,1.1,in_distribution,candidate,0.5,0.9332537672317435,0.7321428571428571,0.8588235294117647,,
feedback_ring,16,dense_burst,16024,1.1,in_distribution,activity,0.5,0.8973045772371837,0.7095238095238094,0.7588235294117647,,
feedback_ring,16,dense_burst,16024,1.1,in_distribution,local_error,0.5,0.8973045772371837,0.6666666666666666,0.6911764705882353,,
feedback_ring,16,dense_burst,16024,1.1,in_distribution,degree,0.75,0.7659377769107351,0.5791666666666666,0.0,,
feedback_ring,16,dense_burst,16024,1.1,in_distribution,random_expected,0.2625,0.524802462750178,0.37593013236763234,nan,,
feedback_ring,16,dense_burst,16024,1.1,in_distribution,selected_baseline,0.5,0.8973045772371837,0.7095238095238094,0.7588235294117647,,
feedback_ring,16,dense_burst,16024,1.1,in_distribution,candidate_calibration,,,,,0.20666485913042898,0.28311324653106906
feedback_ring,16,dense_burst,16025,0.1,in_distribution,candidate,1.0,1.0,1.0,0.9941176470588234,,
feedback_ring,16,dense_burst,16025,0.1,in_distribution,activity,1.0,1.0,1.0,0.9205882352941176,,
feedback_ring,16,dense_burst,16025,0.1,in_distribution,local_error,0.75,0.9454781113911463,0.8041666666666667,0.7764705882352941,,
feedback_ring,16,dense_burst,16025,0.1,in_distribution,degree,0.25,0.5160995115420759,0.275,0.0,,
feedback_ring,16,dense_burst,16025,0.1,in_distribution,random_expected,0.2475,0.4840445422001873,0.3642711038961039,nan,,
feedback_ring,16,dense_burst,16025,0.1,in_distribution,selected_baseline,1.0,1.0,1.0,0.9205882352941176,,
feedback_ring,16,dense_burst,16025,0.1,in_distribution,candidate_calibration,,,,,0.08686845900314702,0.26640215734609596
feedback_ring,16,dense_burst,16025,1.1,in_distribution,candidate,0.5,0.8937996365136749,0.69375,0.711764705882353,,
feedback_ring,16,dense_burst,16025,1.1,in_distribution,activity,0.75,0.9761863433225954,0.7875,0.8323529411764706,,
feedback_ring,16,dense_burst,16025,1.1,in_distribution,local_error,0.5,0.8548190093602012,0.7048611111111112,0.6294117647058822,,
feedback_ring,16,dense_burst,16025,1.1,in_distribution,degree,0.5,0.6485471470952973,0.4380952380952381,0.0,,
feedback_ring,16,dense_burst,16025,1.1,in_distribution,random_expected,0.2225,0.571400289254166,0.34749464424464416,nan,,
feedback_ring,16,dense_burst,16025,1.1,in_distribution,selected_baseline,0.75,0.9761863433225954,0.7875,0.8323529411764706,,
feedback_ring,16,dense_burst,16025,1.1,in_distribution,candidate_calibration,,,,,0.20902506703767304,0.26310602001017014
feedback_ring,64,dense_burst,64021,0.1,in_distribution,candidate,1.0,0.9984045078173082,1.0,0.9943223443223441,,
feedback_ring,64,dense_burst,64021,0.1,in_distribution,activity,0.9230769230769231,0.9899475886026212,0.9885883347421809,0.9847527472527472,,
feedback_ring,64,dense_burst,64021,0.1,in_distribution,local_error,0.6923076923076923,0.8809008682967508,0.8078066225663479,0.6710164835164834,,
feedback_ring,64,dense_burst,64021,0.1,in_distribution,degree,0.3076923076923077,0.6042056851757754,0.4111621523045331,0.0,,
feedback_ring,64,dense_burst,64021,0.1,in_distribution,random_expected,0.18307692307692305,0.3882972314305245,0.24081373341455334,nan,,
feedback_ring,64,dense_burst,64021,0.1,in_distribution,selected_baseline,0.9230769230769231,0.9899475886026212,0.9885883347421809,0.9847527472527472,,
feedback_ring,64,dense_burst,64021,0.1,in_distribution,candidate_calibration,,,,,0.0613893490846216,0.20494703716714446
feedback_ring,64,dense_burst,64021,1.1,in_distribution,candidate,0.8461538461538461,0.9606167594549967,0.9394966144966145,0.8596153846153846,,
feedback_ring,64,dense_burst,64021,1.1,in_distribution,activity,0.6923076923076923,0.8966238738782958,0.7467307202601319,0.8179945054945055,,
feedback_ring,64,dense_burst,64021,1.1,in_distribution,local_error,0.6153846153846154,0.8154929434328997,0.7089987215493287,0.6739010989010988,,
feedback_ring,64,dense_burst,64021,1.1,in_distribution,degree,0.15384615384615385,0.44423198797104946,0.28041289190828206,0.0,,
feedback_ring,64,dense_burst,64021,1.1,in_distribution,random_expected,0.21692307692307689,0.4083234330967057,0.25946087323187705,nan,,
feedback_ring,64,dense_burst,64021,1.1,in_distribution,selected_baseline,0.6923076923076923,0.8966238738782958,0.7467307202601319,0.8179945054945055,,
feedback_ring,64,dense_burst,64021,1.1,in_distribution,candidate_calibration,,,,,0.15958574867783645,0.22422277608043242
feedback_ring,64,dense_burst,64022,0.1,in_distribution,candidate,0.9230769230769231,0.9973207152081935,0.9796597633136095,0.9970238095238094,,
feedback_ring,64,dense_burst,64022,0.1,in_distribution,activity,1.0,0.998908177425971,1.0,0.9927197802197801,,
feedback_ring,64,dense_burst,64022,0.1,in_distribution,local_error,0.7692307692307693,0.9296685475566405,0.9113244211928422,0.7368131868131867,,
feedback_ring,64,dense_burst,64022,0.1,in_distribution,degree,0.15384615384615385,0.5045283269557826,0.3495738055657344,0.0,,
feedback_ring,64,dense_burst,64022,0.1,in_distribution,random_expected,0.20153846153846153,0.40635231962356516,0.24495838044602852,nan,,
feedback_ring,64,dense_burst,64022,0.1,in_distribution,selected_baseline,1.0,0.998908177425971,1.0,0.9927197802197801,,
feedback_ring,64,dense_burst,64022,0.1,in_distribution,candidate_calibration,,,,,0.12910291274434085,0.24378084689310836
feedback_ring,64,dense_burst,64022,1.1,in_distribution,candidate,0.6923076923076923,0.914465323672136,0.8498077017581662,0.8200091575091575,,
feedback_ring,64,dense_burst,64022,1.1,in_distribution,activity,0.7692307692307693,0.8711593449894176,0.8446284709442603,0.8019688644688644,,
feedback_ring,64,dense_burst,64022,1.1,in_distribution,local_error,0.7692307692307693,0.8386218351110056,0.73013283013283,0.7371336996336996,,
feedback_ring,64,dense_burst,64022,1.1,in_distribution,degree,0.3076923076923077,0.5932354916013758,0.40815986329411696,0.0,,
feedback_ring,64,dense_burst,64022,1.1,in_distribution,random_expected,0.23384615384615384,0.4406912943737401,0.2608864363325367,nan,,
feedback_ring,64,dense_burst,64022,1.1,in_distribution,selected_baseline,0.7692307692307693,0.8711593449894176,0.8446284709442603,0.8019688644688644,,
feedback_ring,64,dense_burst,64022,1.1,in_distribution,candidate_calibration,,,,,0.1605219407537458,0.18685431381449513
feedback_ring,64,dense_burst,64023,0.1,in_distribution,candidate,1.0,0.9995564723724766,1.0,0.9935439560439557,,
feedback_ring,64,dense_burst,64023,0.1,in_distribution,activity,1.0,0.9980392485729259,1.0,0.9939560439560439,,
feedback_ring,64,dense_burst,64023,0.1,in_distribution,local_error,0.7692307692307693,0.8722896111285905,0.8564286504688982,0.7731684981684981,,
feedback_ring,64,dense_burst,64023,0.1,in_distribution,degree,0.3076923076923077,0.37283397173643246,0.2754194974405698,0.0,,
feedback_ring,64,dense_burst,64023,0.1,in_distribution,random_expected,0.20769230769230768,0.4030652938707664,0.2519970012537501,nan,,
feedback_ring,64,dense_burst,64023,0.1,in_distribution,selected_baseline,1.0,0.9980392485729259,1.0,0.9939560439560439,,
feedback_ring,64,dense_burst,64023,0.1,in_distribution,candidate_calibration,,,,,0.0690667448902746,0.21383369711429862
feedback_ring,64,dense_burst,64023,1.1,in_distribution,candidate,0.6153846153846154,0.927776198753478,0.8020780961957432,0.6966575091575091,,
feedback_ring,64,dense_burst,64023,1.1,in_distribution,activity,0.7692307692307693,0.8646902826144562,0.8523253066691979,0.7515109890109889,,
feedback_ring,64,dense_burst,64023,1.1,in_distribution,local_error,0.6153846153846154,0.7595785427527639,0.7498965087200381,0.6209249084249083,,
feedback_ring,64,dense_burst,64023,1.1,in_distribution,degree,0.15384615384615385,0.36915687602172315,0.1900148083924978,0.0,,
feedback_ring,64,dense_burst,64023,1.1,in_distribution,random_expected,0.19999999999999996,0.3869811700685297,0.25070482588531573,nan,,
feedback_ring,64,dense_burst,64023,1.1,in_distribution,selected_baseline,0.7692307692307693,0.8646902826144562,0.8523253066691979,0.7515109890109889,,
feedback_ring,64,dense_burst,64023,1.1,in_distribution,candidate_calibration,,,,,0.1644955336850675,0.1777323616011116
feedback_ring,64,dense_burst,64024,0.1,in_distribution,candidate,1.0,0.9999435290110829,1.0,0.9952380952380951,,
feedback_ring,64,dense_burst,64024,0.1,in_distribution,activity,0.9230769230769231,0.9981926290267653,0.9885883347421809,0.9821886446886448,,
feedback_ring,64,dense_burst,64024,0.1,in_distribution,local_error,0.6923076923076923,0.9137848069008381,0.7965912641502477,0.7721153846153844,,
feedback_ring,64,dense_burst,64024,0.1,in_distribution,degree,0.23076923076923078,0.45010072795347994,0.32423415556864915,0.0,,
feedback_ring,64,dense_burst,64024,0.1,in_distribution,random_expected,0.19999999999999996,0.34340981939821996,0.24173972155900653,nan,,
feedback_ring,64,dense_burst,64024,0.1,in_distribution,selected_baseline,0.9230769230769231,0.9981926290267653,0.9885883347421809,0.9821886446886448,,
feedback_ring,64,dense_burst,64024,0.1,in_distribution,candidate_calibration,,,,,0.060749407276322595,0.1907856647668344
feedback_ring,64,dense_burst,64024,1.1,in_distribution,candidate,0.7692307692307693,0.927996799043226,0.8316294816294817,0.7363553113553113,,
feedback_ring,64,dense_burst,64024,1.1,in_distribution,activity,0.8461538461538461,0.9337296711308921,0.9458579881656806,0.816620879120879,,
feedback_ring,64,dense_burst,64024,1.1,in_distribution,local_error,0.7692307692307693,0.8920084290450248,0.8566810682195298,0.679532967032967,,
feedback_ring,64,dense_burst,64024,1.1,in_distribution,degree,0.23076923076923078,0.46048656901782664,0.31549505815511064,0.0,,
feedback_ring,64,dense_burst,64024,1.1,in_distribution,random_expected,0.20923076923076922,0.3636272950779225,0.25231532443797156,nan,,
feedback_ring,64,dense_burst,64024,1.1,in_distribution,selected_baseline,0.8461538461538461,0.9337296711308921,0.9458579881656806,0.816620879120879,,
feedback_ring,64,dense_burst,64024,1.1,in_distribution,candidate_calibration,,,,,0.1640400462237001,0.19456080576321494
feedback_ring,64,dense_burst,64025,0.1,in_distribution,candidate,0.9230769230769231,0.9979754558214272,0.9855769230769231,0.9938186813186812,,
feedback_ring,64,dense_burst,64025,0.1,in_distribution,activity,0.9230769230769231,0.9985853834176908,0.9897435897435898,0.9929945054945054,,
feedback_ring,64,dense_burst,64025,0.1,in_distribution,local_error,0.9230769230769231,0.9558742361869907,0.9165922752461213,0.7401556776556776,,
feedback_ring,64,dense_burst,64025,0.1,in_distribution,degree,0.07692307692307693,0.40396960660439685,0.19015853614197267,0.0,,
feedback_ring,64,dense_burst,64025,0.1,in_distribution,random_expected,0.2015384615384615,0.36407675047877786,0.24914698578549882,nan,,
feedback_ring,64,dense_burst,64025,0.1,in_distribution,selected_baseline,0.9230769230769231,0.9985853834176908,0.9897435897435898,0.9929945054945054,,
feedback_ring,64,dense_burst,64025,0.1,in_distribution,candidate_calibration,,,,,0.06015062782765143,0.19133323749847642
feedback_ring,64,dense_burst,64025,1.1,in_distribution,candidate,0.5384615384615384,0.8835984128644183,0.6787423103212575,0.7828296703296702,,
feedback_ring,64,dense_burst,64025,1.1,in_distribution,activity,0.8461538461538461,0.9168749762772103,0.9319884965395799,0.895558608058608,,
feedback_ring,64,dense_burst,64025,1.1,in_distribution,local_error,0.6923076923076923,0.8516430331174114,0.8374667533321378,0.7853479853479853,,
feedback_ring,64,dense_burst,64025,1.1,in_distribution,degree,0.07692307692307693,0.4654475570094801,0.17623855747048278,0.0,,
feedback_ring,64,dense_burst,64025,1.1,in_distribution,random_expected,0.21384615384615382,0.43092212513115996,0.25278639549982546,nan,,
feedback_ring,64,dense_burst,64025,1.1,in_distribution,selected_baseline,0.8461538461538461,0.9168749762772103,0.9319884965395799,0.895558608058608,,
feedback_ring,64,dense_burst,64025,1.1,in_distribution,candidate_calibration,,,,,0.16920762249989324,0.19676081908256296
feedback_ring,128,dense_burst,128021,0.1,in_distribution,candidate,1.0,0.9989259585006345,1.0,0.9970815784654825,,
feedback_ring,128,dense_burst,128021,0.1,in_distribution,activity,0.9230769230769231,0.9829971761152205,0.9726086687929332,0.9877254623695293,,
feedback_ring,128,dense_burst,128021,0.1,in_distribution,local_error,0.7307692307692307,0.9244191522803945,0.8129608664571676,0.7812957791613258,,
feedback_ring,128,dense_burst,128021,0.1,in_distribution,degree,0.23076923076923078,0.5573272098726624,0.3064531943646019,0.0,,
feedback_ring,128,dense_burst,128021,0.1,in_distribution,random_expected,0.19653846153846158,0.43746520736174105,0.23307536294273265,nan,,
feedback_ring,128,dense_burst,128021,0.1,in_distribution,selected_baseline,0.9230769230769231,0.9829971761152205,0.9726086687929332,0.9877254623695293,,
feedback_ring,128,dense_burst,128021,0.1,in_distribution,candidate_calibration,,,,,0.08289776682380617,0.23668089282702107
feedback_ring,128,dense_burst,128021,1.1,in_distribution,candidate,0.7692307692307693,0.9591180062471841,0.8433055199494964,0.7716363761215894,,
feedback_ring,128,dense_burst,128021,1.1,in_distribution,activity,0.6538461538461539,0.8185218158950002,0.7192377665712038,0.83592748580846,,
feedback_ring,128,dense_burst,128021,1.1,in_distribution,local_error,0.5769230769230769,0.7355499258000991,0.6076708667033521,0.7286840780076909,,
feedback_ring,128,dense_burst,128021,1.1,in_distribution,degree,0.3076923076923077,0.643915896458433,0.32780382500929134,0.0,,
feedback_ring,128,dense_burst,128021,1.1,in_distribution,random_expected,0.2034615384615385,0.448872944621531,0.22874932101879641,nan,,
feedback_ring,128,dense_burst,128021,1.1,in_distribution,selected_baseline,0.6538461538461539,0.8185218158950002,0.7192377665712038,0.83592748580846,,
feedback_ring,128,dense_burst,128021,1.1,in_distribution,candidate_calibration,,,,,0.16339119207412572,0.17453826485301827
feedback_ring,128,dense_burst,128022,0.1,in_distribution,candidate,0.9615384615384616,0.9982606902101113,0.9972527472527472,0.9968584050540193,,
feedback_ring,128,dense_burst,128022,0.1,in_distribution,activity,0.9615384615384616,0.9962672917444967,0.9922829421909688,0.994140267350302,,
feedback_ring,128,dense_burst,128022,0.1,in_distribution,local_error,0.6923076923076923,0.9239263046705507,0.8679742107852892,0.7846719923091009,,
feedback_ring,128,dense_burst,128022,0.1,in_distribution,degree,0.11538461538461539,0.29989008037144316,0.16592841807809974,0.0,,
feedback_ring,128,dense_burst,128022,0.1,in_distribution,random_expected,0.1996153846153846,0.3768084470373329,0.2275642315891736,nan,,
feedback_ring,128,dense_burst,128022,0.1,in_distribution,selected_baseline,0.9615384615384616,0.9962672917444967,0.9922829421909688,0.994140267350302,,
feedback_ring,128,dense_burst,128022,0.1,in_distribution,candidate_calibration,,,,,0.06576500985892006,0.20907745030930397
feedback_ring,128,dense_burst,128022,1.1,in_distribution,candidate,0.6923076923076923,0.8943109888656958,0.7913964792273934,0.6126052920710492,,
feedback_ring,128,dense_burst,128022,1.1,in_distribution,activity,0.7307692307692307,0.8755740001085976,0.8104930245250432,0.8017361746932795,,
feedback_ring,128,dense_burst,128022,1.1,in_distribution,local_error,0.6153846153846154,0.8321273405483994,0.7092756420704984,0.7232420802050906,,
feedback_ring,128,dense_burst,128022,1.1,in_distribution,degree,0.15384615384615385,0.37287890606486424,0.16586123963519098,0.0,,
feedback_ring,128,dense_burst,128022,1.1,in_distribution,random_expected,0.1953846153846154,0.4129070831284959,0.22422277950263017,nan,,
feedback_ring,128,dense_burst,128022,1.1,in_distribution,selected_baseline,0.7307692307692307,0.8755740001085976,0.8104930245250432,0.8017361746932795,,
feedback_ring,128,dense_burst,128022,1.1,in_distribution,candidate_calibration,,,,,0.16836833990201316,0.14104721292411354
feedback_ring,128,dense_burst,128023,0.1,in_distribution,candidate,1.0,0.9995056103064507,1.0,0.9965722852957333,,
feedback_ring,128,dense_burst,128023,0.1,in_distribution,activity,0.9230769230769231,0.993564858932522,0.9721042210001017,0.9857397912470243,,
feedback_ring,128,dense_burst,128023,0.1,in_distribution,local_error,0.7692307692307693,0.9486992531799626,0.8679262186154358,0.8145200054934993,,
feedback_ring,128,dense_burst,128023,0.1,in_distribution,degree,0.19230769230769232,0.3925210096736943,0.23323376960205586,0.0,,
feedback_ring,128,dense_burst,128023,0.1,in_distribution,random_expected,0.21846153846153843,0.38224444400587715,0.24231481475146588,nan,,
feedback_ring,128,dense_burst,128023,0.1,in_distribution,selected_baseline,0.9230769230769231,0.993564858932522,0.9721042210001017,0.9857397912470243,,
feedback_ring,128,dense_burst,128023,0.1,in_distribution,candidate_calibration,,,,,0.06712702906747738,0.20826237181041354
feedback_ring,128,dense_burst,128023,1.1,in_distribution,candidate,0.8076923076923077,0.9383717886951087,0.9310223135457577,0.7460401025453213,,
feedback_ring,128,dense_burst,128023,1.1,in_distribution,activity,0.5769230769230769,0.8692227993357985,0.6391618375799809,0.7457310932063724,,
feedback_ring,128,dense_burst,128023,1.1,in_distribution,local_error,0.5384615384615384,0.7911551069584042,0.5703277112988017,0.6399354513825307,,
feedback_ring,128,dense_burst,128023,1.1,in_distribution,degree,0.23076923076923078,0.37106669009392695,0.21396964315800962,0.0,,
feedback_ring,128,dense_burst,128023,1.1,in_distribution,random_expected,0.2,0.3998631802293529,0.23171546317882685,nan,,
feedback_ring,128,dense_burst,128023,1.1,in_distribution,selected_baseline,0.5769230769230769,0.8692227993357985,0.6391618375799809,0.7457310932063724,,
feedback_ring,128,dense_burst,128023,1.1,in_distribution,candidate_calibration,,,,,0.16162398949994686,0.2070648406775604
feedback_ring,128,dense_burst,128024,0.1,in_distribution,candidate,0.9615384615384616,0.9985449470399199,0.9909601908682174,0.9945179454312395,,
feedback_ring,128,dense_burst,128024,0.1,in_distribution,activity,0.9615384615384616,0.9975187167172813,0.9922829421909688,0.9946381157297199,,
feedback_ring,128,dense_burst,128024,0.1,in_distribution,local_error,0.7307692307692307,0.9080575896162355,0.8195526776420053,0.7530500366233289,,
feedback_ring,128,dense_burst,128024,0.1,in_distribution,degree,0.15384615384615385,0.33646001496873074,0.22451796092620369,0.0,,
feedback_ring,128,dense_burst,128024,0.1,in_distribution,random_expected,0.20230769230769227,0.39570887631939583,0.23050970690115022,nan,,
feedback_ring,128,dense_burst,128024,0.1,in_distribution,selected_baseline,0.9615384615384616,0.9975187167172813,0.9922829421909688,0.9946381157297199,,
feedback_ring,128,dense_burst,128024,0.1,in_distribution,candidate_calibration,,,,,0.07323224603300621,0.20717415719964957
feedback_ring,128,dense_burst,128024,1.1,in_distribution,candidate,0.8076923076923077,0.9531346662586151,0.9058773670701036,0.7478026002563632,,
feedback_ring,128,dense_burst,128024,1.1,in_distribution,activity,0.7307692307692307,0.8626362404063296,0.8607180169229118,0.8198590001831166,,
feedback_ring,128,dense_burst,128024,1.1,in_distribution,local_error,0.5769230769230769,0.7616139767704461,0.6909567412390234,0.715390954037722,,
feedback_ring,128,dense_burst,128024,1.1,in_distribution,degree,0.07692307692307693,0.3217286236342423,0.16142258067746043,0.0,,
feedback_ring,128,dense_burst,128024,1.1,in_distribution,random_expected,0.2173076923076923,0.4041594028814103,0.24006989460618441,nan,,
feedback_ring,128,dense_burst,128024,1.1,in_distribution,selected_baseline,0.7307692307692307,0.8626362404063296,0.8607180169229118,0.8198590001831166,,
feedback_ring,128,dense_burst,128024,1.1,in_distribution,candidate_calibration,,,,,0.16266922054538835,0.1918701212753871
feedback_ring,128,dense_burst,128025,0.1,in_distribution,candidate,1.0,0.9996804479711299,1.0,0.9940887657938107,,
feedback_ring,128,dense_burst,128025,0.1,in_distribution,activity,0.9615384615384616,0.99755695003575,0.9922829421909688,0.9915766343160592,,
feedback_ring,128,dense_burst,128025,0.1,in_distribution,local_error,0.6923076923076923,0.9263693692344585,0.8208780375643983,0.7489871360556675,,
feedback_ring,128,dense_burst,128025,0.1,in_distribution,degree,0.11538461538461539,0.38039493846757894,0.20978342050510587,0.0,,
feedback_ring,128,dense_burst,128025,0.1,in_distribution,random_expected,0.19730769230769232,0.36573289680213206,0.2293078370609728,nan,,
feedback_ring,128,dense_burst,128025,0.1,in_distribution,selected_baseline,0.9615384615384616,0.99755695003575,0.9922829421909688,0.9915766343160592,,
feedback_ring,128,dense_burst,128025,0.1,in_distribution,candidate_calibration,,,,,0.06386924010297026,0.20667769340062248
feedback_ring,128,dense_burst,128025,1.1,in_distribution,candidate,0.6923076923076923,0.9433869806241213,0.7797825545102387,0.6858290606116095,,
feedback_ring,128,dense_burst,128025,1.1,in_distribution,activity,0.6153846153846154,0.8342789159568788,0.7161724495703244,0.820465574070683,,
feedback_ring,128,dense_burst,128025,1.1,in_distribution,local_error,0.5384615384615384,0.775725489970852,0.6318130116928126,0.7091020417505951,,
feedback_ring,128,dense_burst,128025,1.1,in_distribution,degree,0.15384615384615385,0.40663743961348975,0.2308420026334049,0.0,,
feedback_ring,128,dense_burst,128025,1.1,in_distribution,random_expected,0.19999999999999996,0.4093573743247753,0.23052743074125234,nan,,
feedback_ring,128,dense_burst,128025,1.1,in_distribution,selected_baseline,0.6153846153846154,0.8342789159568788,0.7161724495703244,0.820465574070683,,
feedback_ring,128,dense_burst,128025,1.1,in_distribution,candidate_calibration,,,,,0.16609937619549442,0.16472525283920908
modular_sparse,16,dense_burst,16021,0.1,in_distribution,candidate,1.0,1.0,1.0,0.9970588235294118,,
modular_sparse,16,dense_burst,16021,0.1,in_distribution,activity,1.0,1.0,1.0,0.9941176470588234,,
modular_sparse,16,dense_burst,16021,0.1,in_distribution,local_error,0.75,0.9765530295039309,0.9166666666666666,0.7911764705882354,,
modular_sparse,16,dense_burst,16021,0.1,in_distribution,degree,0.25,0.287165945392561,0.29775641025641025,-0.11234444518590588,,
modular_sparse,16,dense_burst,16021,0.1,in_distribution,random_expected,0.255,0.4042180691738673,0.36664743589743587,nan,,
modular_sparse,16,dense_burst,16021,0.1,in_distribution,selected_baseline,1.0,1.0,1.0,0.9941176470588234,,
modular_sparse,16,dense_burst,16021,0.1,in_distribution,candidate_calibration,,,,,0.06498594464800364,0.2196908841815885
modular_sparse,16,dense_burst,16021,1.1,in_distribution,candidate,0.75,0.8332641378910123,0.7152777777777777,0.6529411764705881,,
modular_sparse,16,dense_burst,16021,1.1,in_distribution,activity,0.5,0.9234663389539766,0.6916666666666667,0.8823529411764707,,
modular_sparse,16,dense_burst,16021,1.1,in_distribution,local_error,0.5,0.9234663389539766,0.6361111111111111,0.7735294117647058,,
modular_sparse,16,dense_burst,16021,1.1,in_distribution,degree,0.25,0.48295946490705394,0.28068181818181814,-0.05321578982490278,,
modular_sparse,16,dense_burst,16021,1.1,in_distribution,random_expected,0.2475,0.5677897328891933,0.3662184412809413,nan,,
modular_sparse,16,dense_burst,16021,1.1,in_distribution,selected_baseline,0.5,0.9234663389539766,0.6916666666666667,0.8823529411764707,,
modular_sparse,16,dense_burst,16021,1.1,in_distribution,candidate_calibration,,,,,0.20829015443921792,0.2741940109729806
modular_sparse,16,dense_burst,16022,0.1,in_distribution,candidate,1.0,1.0,1.0,0.9941176470588234,,
modular_sparse,16,dense_burst,16022,0.1,in_distribution,activity,1.0,1.0,1.0,0.9941176470588234,,
modular_sparse,16,dense_burst,16022,0.1,in_distribution,local_error,0.75,0.9104980914352215,0.8303571428571428,0.6735294117647058,,
modular_sparse,16,dense_burst,16022,0.1,in_distribution,degree,0.5,0.6275485875536466,0.36607142857142855,0.08902429903655706,,
modular_sparse,16,dense_burst,16022,0.1,in_distribution,random_expected,0.2175,0.391688614941043,0.36030768537018537,nan,,
modular_sparse,16,dense_burst,16022,0.1,in_distribution,selected_baseline,1.0,1.0,1.0,0.9941176470588234,,
modular_sparse,16,dense_burst,16022,0.1,in_distribution,candidate_calibration,,,,,0.05849357292722077,0.21356293178330787
modular_sparse,16,dense_burst,16022,1.1,in_distribution,candidate,0.75,0.9649108993630549,0.8333333333333334,0.8058823529411765,,
modular_sparse,16,dense_burst,16022,1.1,in_distribution,activity,0.75,0.7429518681739004,0.6791666666666667,0.7735294117647058,,
modular_sparse,16,dense_burst,16022,1.1,in_distribution,local_error,0.75,0.7544159128842295,0.7708333333333333,0.6970588235294117,,
modular_sparse,16,dense_burst,16022,1.1,in_distribution,degree,0.25,0.4863472125546435,0.22023809523809523,-0.04154467288372663,,
modular_sparse,16,dense_burst,16022,1.1,in_distribution,random_expected,0.26,0.47771362240330006,0.3798194097569097,nan,,
modular_sparse,16,dense_burst,16022,1.1,in_distribution,selected_baseline,0.75,0.7429518681739004,0.6791666666666667,0.7735294117647058,,
modular_sparse,16,dense_burst,16022,1.1,in_distribution,candidate_calibration,,,,,0.19774622479383672,0.2701859880466129
modular_sparse,16,dense_burst,16023,0.1,in_distribution,candidate,1.0,0.9998633794455754,1.0,0.9941176470588234,,
modular_sparse,16,dense_burst,16023,0.1,in_distribution,activity,1.0,0.9998633794455754,1.0,0.9941176470588234,,
modular_sparse,16,dense_burst,16023,0.1,in_distribution,local_error,0.75,0.9234185412371599,0.8875,0.7941176470588236,,
modular_sparse,16,dense_burst,16023,0.1,in_distribution,degree,0.0,0.39793106505691234,0.21666666666666667,-0.19778181680534623,,
modular_sparse,16,dense_burst,16023,0.1,in_distribution,random_expected,0.25,0.5522767922288818,0.37791865773115774,nan,,
modular_sparse,16,dense_burst,16023,0.1,in_distribution,selected_baseline,1.0,0.9998633794455754,1.0,0.9941176470588234,,
modular_sparse,16,dense_burst,16023,0.1,in_distribution,candidate_calibration,,,,,0.11663770660576321,0.3060771832320599
modular_sparse,16,dense_burst,16023,1.1,in_distribution,candidate,1.0,0.9985638332214483,1.0,0.7970588235294117,,
modular_sparse,16,dense_burst,16023,1.1,in_distribution,activity,0.0,0.6709582179135891,0.32628968253968255,0.6764705882352942,,
modular_sparse,16,dense_burst,16023,1.1,in_distribution,local_error,0.0,0.6819749973294815,0.28733766233766234,0.5911764705882353,,
modular_sparse,16,dense_burst,16023,1.1,in_distribution,degree,0.25,0.5035129715963896,0.3410714285714286,0.03866411456345114,,
modular_sparse,16,dense_burst,16023,1.1,in_distribution,random_expected,0.265,0.5759417948092103,0.3637421536796536,nan,,
modular_sparse,16,dense_burst,16023,1.1,in_distribution,selected_baseline,0.0,0.6709582179135891,0.32628968253968255,0.6764705882352942,,
modular_sparse,16,dense_burst,16023,1.1,in_distribution,candidate_calibration,,,,,0.2026503278724316,0.2770442417709388
modular_sparse,16,dense_burst,16024,0.1,in_distribution,candidate,0.75,0.991823642292014,0.95,0.9970588235294118,,
modular_sparse,16,dense_burst,16024,0.1,in_distribution,activity,1.0,0.9987684434961965,1.0,0.9852941176470588,,
modular_sparse,16,dense_burst,16024,0.1,in_distribution,local_error,0.75,0.9643524312017633,0.8875,0.9,,
modular_sparse,16,dense_burst,16024,0.1,in_distribution,degree,0.5,0.6067083656254899,0.47632575757575757,0.1856062685397378,,
modular_sparse,16,dense_burst,16024,0.1,in_distribution,random_expected,0.2475,0.47666355049813325,0.3738181124431124,nan,,
modular_sparse,16,dense_burst,16024,0.1,in_distribution,selected_baseline,1.0,0.9987684434961965,1.0,0.9852941176470588,,
modular_sparse,16,dense_burst,16024,0.1,in_distribution,candidate_calibration,,,,,0.11145831056611333,0.23887912045919873
modular_sparse,16,dense_burst,16024,1.1,in_distribution,candidate,0.75,0.9766561870661078,0.95,0.8852941176470588,,
modular_sparse,16,dense_burst,16024,1.1,in_distribution,activity,0.75,0.9083608864881539,0.7152777777777777,0.823529411764706,,
modular_sparse,16,dense_burst,16024,1.1,in_distribution,local_error,0.5,0.8506087811649534,0.6666666666666666,0.7235294117647059,,
modular_sparse,16,dense_burst,16024,1.1,in_distribution,degree,0.25,0.4979873784876979,0.2682109557109557,-0.060878856081034,,
modular_sparse,16,dense_burst,16024,1.1,in_distribution,random_expected,0.2575,0.4947933243822378,0.3855472929847929,nan,,
modular_sparse,16,dense_burst,16024,1.1,in_distribution,selected_baseline,0.75,0.9083608864881539,0.7152777777777777,0.823529411764706,,
modular_sparse,16,dense_burst,16024,1.1,in_distribution,candidate_calibration,,,,,0.20014674533140184,0.26699424347929657
modular_sparse,16,dense_burst,16025,0.1,in_distribution,candidate,1.0,1.0,1.0,0.9941176470588234,,
modular_sparse,16,dense_burst,16025,0.1,in_distribution,activity,1.0,1.0,1.0,0.9323529411764706,,
modular_sparse,16,dense_burst,16025,0.1,in_distribution,local_error,0.75,0.9865613077644005,0.8875,0.7705882352941176,,
modular_sparse,16,dense_burst,16025,0.1,in_distribution,degree,0.5,0.4507401139836309,0.6041666666666666,-0.04428074427700476,,
modular_sparse,16,dense_burst,16025,0.1,in_distribution,random_expected,0.245,0.49353823139789116,0.3642630702630702,nan,,
modular_sparse,16,dense_burst,16025,0.1,in_distribution,selected_baseline,1.0,1.0,1.0,0.9323529411764706,,
modular_sparse,16,dense_burst,16025,0.1,in_distribution,candidate_calibration,,,,,0.09198044698119784,0.27307732099426185
modular_sparse,16,dense_burst,16025,1.1,in_distribution,candidate,0.5,0.8523937853344348,0.7048611111111112,0.8058823529411765,,
modular_sparse,16,dense_burst,16025,1.1,in_distribution,activity,0.75,0.8805796313231512,0.9166666666666666,0.7323529411764707,,
modular_sparse,16,dense_burst,16025,1.1,in_distribution,local_error,0.5,0.7478434567208742,0.740909090909091,0.5911764705882353,,
modular_sparse,16,dense_burst,16025,1.1,in_distribution,degree,0.0,0.29261176407319645,0.2505952380952381,-0.08413341412630905,,
modular_sparse,16,dense_burst,16025,1.1,in_distribution,random_expected,0.255,0.5512401007983165,0.38932554251304247,nan,,
modular_sparse,16,dense_burst,16025,1.1,in_distribution,selected_baseline,0.75,0.8805796313231512,0.9166666666666666,0.7323529411764707,,
modular_sparse,16,dense_burst,16025,1.1,in_distribution,candidate_calibration,,,,,0.20876053901599723,0.2629955707750869
modular_sparse,64,dense_burst,64021,0.1,in_distribution,candidate,1.0,0.9995692621327597,1.0,0.99775641025641,,
modular_sparse,64,dense_burst,64021,0.1,in_distribution,activity,0.9230769230769231,0.9888166521717268,0.9945054945054945,0.9915750915750915,,
modular_sparse,64,dense_burst,64021,0.1,in_distribution,local_error,0.7692307692307693,0.9247916617801984,0.8645807694720739,0.8603479853479853,,
modular_sparse,64,dense_burst,64021,0.1,in_distribution,degree,0.15384615384615385,0.37369374641068986,0.19349761733920018,-0.05581321181313584,,
modular_sparse,64,dense_burst,64021,0.1,in_distribution,random_expected,0.2046153846153846,0.40320220841263044,0.2538055845470362,nan,,
modular_sparse,64,dense_burst,64021,0.1,in_distribution,selected_baseline,0.9230769230769231,0.9888166521717268,0.9945054945054945,0.9915750915750915,,
modular_sparse,64,dense_burst,64021,0.1,in_distribution,candidate_calibration,,,,,0.05876733725942554,0.20248960785888767
modular_sparse,64,dense_burst,64021,1.1,in_distribution,candidate,0.8461538461538461,0.9590949469863255,0.945054945054945,0.8767857142857143,,
modular_sparse,64,dense_burst,64021,1.1,in_distribution,activity,0.6153846153846154,0.8792929721370826,0.722871466140697,0.8762362637362637,,
modular_sparse,64,dense_burst,64021,1.1,in_distribution,local_error,0.6923076923076923,0.8747487996257857,0.714734127770565,0.8077838827838828,,
modular_sparse,64,dense_burst,64021,1.1,in_distribution,degree,0.15384615384615385,0.35796093735392004,0.18944817527114746,-0.05505743175985989,,
modular_sparse,64,dense_burst,64021,1.1,in_distribution,random_expected,0.20923076923076922,0.4042646421006107,0.2570577735294542,nan,,
modular_sparse,64,dense_burst,64021,1.1,in_distribution,selected_baseline,0.6153846153846154,0.8792929721370826,0.722871466140697,0.8762362637362637,,
modular_sparse,64,dense_burst,64021,1.1,in_distribution,candidate_calibration,,,,,0.16227599639331924,0.2072979140677746
modular_sparse,64,dense_burst,64022,0.1,in_distribution,candidate,1.0,0.9971006881151737,1.0,0.9991300366300366,,
modular_sparse,64,dense_burst,64022,0.1,in_distribution,activity,0.9230769230769231,0.9985598284357302,0.9945054945054945,0.9942307692307691,,
modular_sparse,64,dense_burst,64022,0.1,in_distribution,local_error,0.7692307692307693,0.9540375482929428,0.8773320247004458,0.8771520146520145,,
modular_sparse,64,dense_burst,64022,0.1,in_distribution,degree,0.15384615384615385,0.33926985076564303,0.23286449059530262,0.006664834976150263,,
modular_sparse,64,dense_burst,64022,0.1,in_distribution,random_expected,0.1938461538461538,0.40256379216461896,0.24679456994996188,nan,,
modular_sparse,64,dense_burst,64022,0.1,in_distribution,selected_baseline,0.9230769230769231,0.9985598284357302,0.9945054945054945,0.9942307692307691,,
modular_sparse,64,dense_burst,64022,0.1,in_distribution,candidate_calibration,,,,,0.11554136482579375,0.25582494983846515
modular_sparse,64,dense_burst,64022,1.1,in_distribution,candidate,0.8461538461538461,0.9461795846914206,0.9395212693289617,0.7062728937728937,,
modular_sparse,64,dense_burst,64022,1.1,in_distribution,activity,0.5384615384615384,0.8044719580898084,0.6980320404233447,0.8475274725274725,,
modular_sparse,64,dense_burst,64022,1.1,in_distribution,local_error,0.6153846153846154,0.8132370778125946,0.6579966053721709,0.8167124542124541,,
modular_sparse,64,dense_burst,64022,1.1,in_distribution,degree,0.23076923076923078,0.33047865232074825,0.22756425150429438,-0.030323853980834876,,
modular_sparse,64,dense_burst,64022,1.1,in_distribution,random_expected,0.20076923076923073,0.38405653726578914,0.25102075377913413,nan,,
modular_sparse,64,dense_burst,64022,1.1,in_distribution,selected_baseline,0.5384615384615384,0.8044719580898084,0.6980320404233447,0.8475274725274725,,
modular_sparse,64,dense_burst,64022,1.1,in_distribution,candidate_calibration,,,,,0.16245286535320114,0.21930593608806986
modular_sparse,64,dense_burst,64023,0.1,in_distribution,candidate,0.9230769230769231,0.9998005223090575,0.9945054945054945,0.9963369963369962,,
modular_sparse,64,dense_burst,64023,0.1,in_distribution,activity,0.9230769230769231,0.9986949611794687,0.9945054945054945,0.99253663003663,,
modular_sparse,64,dense_burst,64023,0.1,in_distribution,local_error,0.7692307692307693,0.9115137124283118,0.8758887650191999,0.8421703296703297,,
modular_sparse,64,dense_burst,64023,0.1,in_distribution,degree,0.15384615384615385,0.4074044406385757,0.23851213344295788,0.27416363843869646,,
modular_sparse,64,dense_burst,64023,0.1,in_distribution,random_expected,0.19461538461538463,0.38196241747987514,0.24231227989191603,nan,,
modular_sparse,64,dense_burst,64023,0.1,in_distribution,selected_baseline,0.9230769230769231,0.9986949611794687,0.9945054945054945,0.99253663003663,,
modular_sparse,64,dense_burst,64023,0.1,in_distribution,candidate_calibration,,,,,0.06763583312394583,0.21187318655577372
modular_sparse,64,dense_burst,64023,1.1,in_distribution,candidate,0.8461538461538461,0.9793051316096636,0.9149056072132995,0.8212454212454212,,
modular_sparse,64,dense_burst,64023,1.1,in_distribution,activity,0.6923076923076923,0.8609445350852422,0.8185149817502756,0.8108974358974358,,
modular_sparse,64,dense_burst,64023,1.1,in_distribution,local_error,0.6923076923076923,0.8206517256075841,0.7976800830307617,0.7540750915750913,,
modular_sparse,64,dense_burst,64023,1.1,in_distribution,degree,0.15384615384615385,0.36366278418751724,0.24182525179179032,0.2213139201127538,,
modular_sparse,64,dense_burst,64023,1.1,in_distribution,random_expected,0.19307692307692303,0.36988481483487606,0.24368509459564144,nan,,
modular_sparse,64,dense_burst,64023,1.1,in_distribution,selected_baseline,0.6923076923076923,0.8609445350852422,0.8185149817502756,0.8108974358974358,,
modular_sparse,64,dense_burst,64023,1.1,in_distribution,candidate_calibration,,,,,0.16477742468260687,0.2101978187744178
modular_sparse,64,dense_burst,64024,0.1,in_distribution,candidate,0.9230769230769231,0.9992552701771483,0.9945054945054945,0.9952838827838826,,
modular_sparse,64,dense_burst,64024,0.1,in_distribution,activity,1.0,0.9995481271874654,1.0,0.9837912087912087,,
modular_sparse,64,dense_burst,64024,0.1,in_distribution,local_error,0.9230769230769231,0.9837462043415413,0.9786324786324786,0.8862637362637362,,
modular_sparse,64,dense_burst,64024,0.1,in_distribution,degree,0.15384615384615385,0.2743506098121193,0.22510283701342182,-0.004740096300141446,,
modular_sparse,64,dense_burst,64024,0.1,in_distribution,random_expected,0.19692307692307687,0.3447180539331691,0.24826762383412782,nan,,
modular_sparse,64,dense_burst,64024,0.1,in_distribution,selected_baseline,1.0,0.9995481271874654,1.0,0.9837912087912087,,
modular_sparse,64,dense_burst,64024,0.1,in_distribution,candidate_calibration,,,,,0.06373367152719758,0.19493261867860442
modular_sparse,64,dense_burst,64024,1.1,in_distribution,candidate,0.5384615384615384,0.8548155939798572,0.7544986713264503,0.6853937728937728,,
modular_sparse,64,dense_burst,64024,1.1,in_distribution,activity,0.8461538461538461,0.9493788408832575,0.9415741121623473,0.9202838827838826,,
modular_sparse,64,dense_burst,64024,1.1,in_distribution,local_error,0.7692307692307693,0.9216446526643293,0.8918743092656136,0.8773351648351646,,
modular_sparse,64,dense_burst,64024,1.1,in_distribution,degree,0.23076923076923078,0.38917824366084125,0.20522903716426552,-0.028348981737077825,,
modular_sparse,64,dense_burst,64024,1.1,in_distribution,random_expected,0.1838461538461538,0.3597789867545677,0.2378274853324866,nan,,
modular_sparse,64,dense_burst,64024,1.1,in_distribution,selected_baseline,0.8461538461538461,0.9493788408832575,0.9415741121623473,0.9202838827838826,,
modular_sparse,64,dense_burst,64024,1.1,in_distribution,candidate_calibration,,,,,0.16792530657417729,0.18286821506994322
modular_sparse,64,dense_burst,64025,0.1,in_distribution,candidate,1.0,0.9999956653765606,1.0,0.9936355311355312,,
modular_sparse,64,dense_burst,64025,0.1,in_distribution,activity,0.9230769230769231,0.9986690248712138,0.9897435897435898,0.9944139194139194,,
modular_sparse,64,dense_burst,64025,0.1,in_distribution,local_error,0.9230769230769231,0.9871661145350502,0.9855769230769231,0.9298534798534797,,
modular_sparse,64,dense_burst,64025,0.1,in_distribution,degree,0.07692307692307693,0.27579510679840175,0.20497732052522513,0.1620402318084643,,
modular_sparse,64,dense_burst,64025,0.1,in_distribution,random_expected,0.22307692307692306,0.39831440972383897,0.26875669176849537,nan,,
modular_sparse,64,dense_burst,64025,0.1,in_distribution,selected_baseline,0.9230769230769231,0.9986690248712138,0.9897435897435898,0.9944139194139194,,
modular_sparse,64,dense_burst,64025,0.1,in_distribution,candidate_calibration,,,,,0.058082768538245705,0.19240473618949883
modular_sparse,64,dense_burst,64025,1.1,in_distribution,candidate,0.6923076923076923,0.9498764356217986,0.8288567416356462,0.8070054945054944,,
modular_sparse,64,dense_burst,64025,1.1,in_distribution,activity,0.6923076923076923,0.9026314550170801,0.8227679183561535,0.9480769230769229,,
modular_sparse,64,dense_burst,64025,1.1,in_distribution,local_error,0.6923076923076923,0.8842173245888579,0.8042617638771484,0.8983974358974357,,
modular_sparse,64,dense_burst,64025,1.1,in_distribution,degree,0.23076923076923078,0.4036028134435492,0.29883646144775905,0.23622373863922272,,
modular_sparse,64,dense_burst,64025,1.1,in_distribution,random_expected,0.2076923076923077,0.4290549517699347,0.25107089284595774,nan,,
modular_sparse,64,dense_burst,64025,1.1,in_distribution,selected_baseline,0.6923076923076923,0.9026314550170801,0.8227679183561535,0.9480769230769229,,
modular_sparse,64,dense_burst,64025,1.1,in_distribution,candidate_calibration,,,,,0.16849459894967372,0.19832067797824637
modular_sparse,128,dense_burst,128021,0.1,in_distribution,candidate,0.9615384615384616,0.9996477410801218,0.9970962086346701,0.9982947262406154,,
modular_sparse,128,dense_burst,128021,0.1,in_distribution,activity,0.9615384615384616,0.9862461167617216,0.9753985000443028,0.9899743636696574,,
modular_sparse,128,dense_burst,128021,0.1,in_distribution,local_error,0.7307692307692307,0.9420576567698135,0.8263452620322429,0.8903875206006227,,
modular_sparse,128,dense_burst,128021,0.1,in_distribution,degree,0.19230769230769232,0.4779456479264062,0.24827825133308373,0.06793799494937423,,
modular_sparse,128,dense_burst,128021,0.1,in_distribution,random_expected,0.19192307692307695,0.4274743013084308,0.22494981181022497,nan,,
modular_sparse,128,dense_burst,128021,0.1,in_distribution,selected_baseline,0.9615384615384616,0.9862461167617216,0.9753985000443028,0.9899743636696574,,
modular_sparse,128,dense_burst,128021,0.1,in_distribution,candidate_calibration,,,,,0.08177829504410664,0.2347964515045941
modular_sparse,128,dense_burst,128021,1.1,in_distribution,candidate,0.8076923076923077,0.9634915048001674,0.9202199372174559,0.7985774125618019,,
modular_sparse,128,dense_burst,128021,1.1,in_distribution,activity,0.6923076923076923,0.8909753443170875,0.7207377557949245,0.9006706647134224,,
modular_sparse,128,dense_burst,128021,1.1,in_distribution,local_error,0.6153846153846154,0.8206047032400204,0.6598842710535281,0.8395154275773667,,
modular_sparse,128,dense_burst,128021,1.1,in_distribution,degree,0.23076923076923078,0.5063295301083076,0.22636705939511956,0.09145202150676475,,
modular_sparse,128,dense_burst,128021,1.1,in_distribution,random_expected,0.2084615384615385,0.43741834719881195,0.23045851368028594,nan,,
modular_sparse,128,dense_burst,128021,1.1,in_distribution,selected_baseline,0.6923076923076923,0.8909753443170875,0.7207377557949245,0.9006706647134224,,
modular_sparse,128,dense_burst,128021,1.1,in_distribution,candidate_calibration,,,,,0.16397989895643506,0.20659738958656199
modular_sparse,128,dense_burst,128022,0.1,in_distribution,candidate,0.9615384615384616,0.9999791550703444,0.9970962086346701,0.9980887200146493,,
modular_sparse,128,dense_burst,128022,0.1,in_distribution,activity,0.9615384615384616,0.9967275214526411,0.9955577470962086,0.9947697308185315,,
modular_sparse,128,dense_burst,128022,0.1,in_distribution,local_error,0.8076923076923077,0.9460222270013484,0.9088646401111959,0.9087277971067569,,
modular_sparse,128,dense_burst,128022,0.1,in_distribution,degree,0.23076923076923078,0.421988531718196,0.21823331064303922,-0.09727650980628719,,
modular_sparse,128,dense_burst,128022,0.1,in_distribution,random_expected,0.21461538461538462,0.39732117778805787,0.2367704525977305,nan,,
modular_sparse,128,dense_burst,128022,0.1,in_distribution,selected_baseline,0.9615384615384616,0.9967275214526411,0.9955577470962086,0.9947697308185315,,
modular_sparse,128,dense_burst,128022,0.1,in_distribution,candidate_calibration,,,,,0.06603225294096064,0.20983464290853124
modular_sparse,128,dense_burst,128022,1.1,in_distribution,candidate,0.6923076923076923,0.9448864079294663,0.7829339703752324,0.7582288042483061,,
modular_sparse,128,dense_burst,128022,1.1,in_distribution,activity,0.7307692307692307,0.8851895105711084,0.8543136878402784,0.8937007874015748,,
modular_sparse,128,dense_burst,128022,1.1,in_distribution,local_error,0.6923076923076923,0.8645228404188721,0.8077639039231391,0.8577240889946895,,
modular_sparse,128,dense_burst,128022,1.1,in_distribution,degree,0.2692307692307692,0.45271554745209425,0.33898161012834116,-0.08020247362514481,,
modular_sparse,128,dense_burst,128022,1.1,in_distribution,random_expected,0.1934615384615385,0.404241142816948,0.22922390337795023,nan,,
modular_sparse,128,dense_burst,128022,1.1,in_distribution,selected_baseline,0.7307692307692307,0.8851895105711084,0.8543136878402784,0.8937007874015748,,
modular_sparse,128,dense_burst,128022,1.1,in_distribution,candidate_calibration,,,,,0.1694271036859703,0.16992127754737762
modular_sparse,128,dense_burst,128023,0.1,in_distribution,candidate,1.0,0.9999803283362937,1.0,0.9980372184581577,,
modular_sparse,128,dense_burst,128023,0.1,in_distribution,activity,0.9230769230769231,0.9926797965707411,0.9735003804731844,0.9882748123054385,,
modular_sparse,128,dense_burst,128023,0.1,in_distribution,local_error,0.7692307692307693,0.954426965827057,0.867865590411953,0.9044531679179636,,
modular_sparse,128,dense_burst,128023,0.1,in_distribution,degree,0.15384615384615385,0.38349942804245496,0.21445092888094971,0.008467482976139902,,
modular_sparse,128,dense_burst,128023,0.1,in_distribution,random_expected,0.20461538461538464,0.3688539268032141,0.23089205445402677,nan,,
modular_sparse,128,dense_burst,128023,0.1,in_distribution,selected_baseline,0.9230769230769231,0.9926797965707411,0.9735003804731844,0.9882748123054385,,
modular_sparse,128,dense_burst,128023,0.1,in_distribution,candidate_calibration,,,,,0.06635192450747136,0.2089498547109301
modular_sparse,128,dense_burst,128023,1.1,in_distribution,candidate,0.8076923076923077,0.9266389786130038,0.9158191506820538,0.750183116645303,,
modular_sparse,128,dense_burst,128023,1.1,in_distribution,activity,0.6538461538461539,0.86035862880844,0.7221922395452778,0.8495238967222121,,
modular_sparse,128,dense_burst,128023,1.1,in_distribution,local_error,0.5769230769230769,0.8378579234228027,0.6960824660912037,0.8103598242080204,,
modular_sparse,128,dense_burst,128023,1.1,in_distribution,degree,0.23076923076923078,0.49529789706711924,0.2726691822290696,0.04199688413579899,,
modular_sparse,128,dense_burst,128023,1.1,in_distribution,random_expected,0.2176923076923077,0.4059387564713045,0.23774088458946385,nan,,
modular_sparse,128,dense_burst,128023,1.1,in_distribution,selected_baseline,0.6538461538461539,0.86035862880844,0.7221922395452778,0.8495238967222121,,
modular_sparse,128,dense_burst,128023,1.1,in_distribution,candidate_calibration,,,,,0.16305087365564885,0.1951143405890782
modular_sparse,128,dense_burst,128024,0.1,in_distribution,candidate,1.0,0.9998624574773121,1.0,0.9982031679179636,,
modular_sparse,128,dense_burst,128024,0.1,in_distribution,activity,0.9230769230769231,0.9968708551706253,0.9881703596168478,0.9954392510529206,,
modular_sparse,128,dense_burst,128024,0.1,in_distribution,local_error,0.7307692307692307,0.9413785174229881,0.8663916045673605,0.8881786760666545,,
modular_sparse,128,dense_burst,128024,0.1,in_distribution,degree,0.23076923076923078,0.40395464101192396,0.2137504418591572,-0.004790042222658384,,
modular_sparse,128,dense_burst,128024,0.1,in_distribution,random_expected,0.19730769230769238,0.40342650583108025,0.2310190498002834,nan,,
modular_sparse,128,dense_burst,128024,0.1,in_distribution,selected_baseline,0.9230769230769231,0.9968708551706253,0.9881703596168478,0.9954392510529206,,
modular_sparse,128,dense_burst,128024,0.1,in_distribution,candidate_calibration,,,,,0.0729222508021206,0.22518339696155087
modular_sparse,128,dense_burst,128024,1.1,in_distribution,candidate,0.7307692307692307,0.9695278874195353,0.8343177158867874,0.7444721662699139,,
modular_sparse,128,dense_burst,128024,1.1,in_distribution,activity,0.7307692307692307,0.8671797706057179,0.8718716876839312,0.9039495971433803,,
modular_sparse,128,dense_burst,128024,1.1,in_distribution,local_error,0.6538461538461539,0.7878881769734463,0.7545846543680342,0.863120307635964,,
modular_sparse,128,dense_burst,128024,1.1,in_distribution,degree,0.15384615384615385,0.32544251063240653,0.1845334157104323,-0.04829816169429561,,
modular_sparse,128,dense_burst,128024,1.1,in_distribution,random_expected,0.21346153846153848,0.390687119059812,0.23610782188474658,nan,,
modular_sparse,128,dense_burst,128024,1.1,in_distribution,selected_baseline,0.7307692307692307,0.8671797706057179,0.8718716876839312,0.9039495971433803,,
modular_sparse,128,dense_burst,128024,1.1,in_distribution,candidate_calibration,,,,,0.16548784227029661,0.16562374782642028
modular_sparse,128,dense_burst,128025,0.1,in_distribution,candidate,1.0,0.9999681928894553,1.0,0.9986552371360555,,
modular_sparse,128,dense_burst,128025,0.1,in_distribution,activity,0.9230769230769231,0.997699976106149,0.9820872026716219,0.9923262680827687,,
modular_sparse,128,dense_burst,128025,0.1,in_distribution,local_error,0.7307692307692307,0.9646775305910731,0.8903096779756863,0.8742675334187878,,
modular_sparse,128,dense_burst,128025,0.1,in_distribution,degree,0.038461538461538464,0.20160560927630117,0.17431872111591803,-0.1747696171622398,,
modular_sparse,128,dense_burst,128025,0.1,in_distribution,random_expected,0.2111538461538462,0.3745886242713793,0.2358253906590911,nan,,
modular_sparse,128,dense_burst,128025,0.1,in_distribution,selected_baseline,0.9230769230769231,0.997699976106149,0.9820872026716219,0.9923262680827687,,
modular_sparse,128,dense_burst,128025,0.1,in_distribution,candidate_calibration,,,,,0.066817030989338,0.20999606299785728
modular_sparse,128,dense_burst,128025,1.1,in_distribution,candidate,0.7307692307692307,0.9480585344905949,0.8255208904452013,0.6535146951107855,,
modular_sparse,128,dense_burst,128025,1.1,in_distribution,activity,0.6923076923076923,0.8460833309871227,0.6956758862831247,0.8851629738143197,,
modular_sparse,128,dense_burst,128025,1.1,in_distribution,local_error,0.5769230769230769,0.8049391174435004,0.6544333850278965,0.8211579838857351,,
modular_sparse,128,dense_burst,128025,1.1,in_distribution,degree,0.07692307692307693,0.290094166033507,0.16241589999653744,-0.15297957124167305,,
modular_sparse,128,dense_burst,128025,1.1,in_distribution,random_expected,0.2007692307692308,0.41903825685376733,0.2277565036459546,nan,,
modular_sparse,128,dense_burst,128025,1.1,in_distribution,selected_baseline,0.6923076923076923,0.8460833309871227,0.6956758862831247,0.8851629738143197,,
modular_sparse,128,dense_burst,128025,1.1,in_distribution,candidate_calibration,,,,,0.16821643967612682,0.1976348884198233
chain,16,state_switch,16021,0.1,ood,candidate,1.0,1.0,1.0,0.9970588235294118,,
chain,16,state_switch,16021,0.1,ood,activity,0.75,0.9999547939477226,0.95,0.9970588235294118,,
chain,16,state_switch,16021,0.1,ood,local_error,0.75,0.932755368890396,0.875,0.6705882352941177,,
chain,16,state_switch,16021,0.1,ood,degree,0.5,0.6337525252443024,0.726923076923077,0.24597601850723635,,
chain,16,state_switch,16021,0.1,ood,random_expected,0.2675,0.3954722838022143,0.3774993131868132,nan,,
chain,16,state_switch,16021,0.1,ood,selected_baseline,0.75,0.9999547939477226,0.95,0.9970588235294118,,
chain,16,state_switch,16021,0.1,ood,candidate_calibration,,,,,0.07587902505245839,0.24050290867081775
chain,16,state_switch,16021,1.1,ood,candidate,0.75,0.9025223330196024,0.85,0.7705882352941176,,
chain,16,state_switch,16021,1.1,ood,activity,0.5,0.6383805463456376,0.5875,0.27058823529411763,,
chain,16,state_switch,16021,1.1,ood,local_error,0.5,0.7335045109850865,0.69375,0.12941176470588234,,
chain,16,state_switch,16021,1.1,ood,degree,0.0,0.2574958524352225,0.2449786324786325,-0.08199200616907878,,
chain,16,state_switch,16021,1.1,ood,random_expected,0.225,0.49121324012583245,0.3492246434121435,nan,,
chain,16,state_switch,16021,1.1,ood,selected_baseline,0.5,0.6383805463456376,0.5875,0.27058823529411763,,
chain,16,state_switch,16021,1.1,ood,candidate_calibration,,,,,0.17817574387867585,0.25815042808876365
chain,16,state_switch,16022,0.1,ood,candidate,1.0,1.0,1.0,0.9911764705882352,,
chain,16,state_switch,16022,0.1,ood,activity,1.0,1.0,1.0,0.9941176470588234,,
chain,16,state_switch,16022,0.1,ood,local_error,0.75,0.9026702834391968,0.8125,0.7558823529411764,,
chain,16,state_switch,16022,0.1,ood,degree,0.0,0.18141525087224672,0.2576048951048951,0.16398401233815757,,
chain,16,state_switch,16022,0.1,ood,random_expected,0.265,0.4067537700994402,0.3816039516039516,nan,,
chain,16,state_switch,16022,0.1,ood,selected_baseline,1.0,1.0,1.0,0.9941176470588234,,
chain,16,state_switch,16022,0.1,ood,candidate_calibration,,,,,0.05751009692839658,0.2096063336109712
chain,16,state_switch,16022,1.1,ood,candidate,1.0,1.0,1.0,0.6352941176470589,,
chain,16,state_switch,16022,1.1,ood,activity,0.5,0.9222562123005486,0.8166666666666667,0.7588235294117647,,
chain,16,state_switch,16022,1.1,ood,local_error,0.5,0.8890608940946294,0.5863095238095237,0.4617647058823529,,
chain,16,state_switch,16022,1.1,ood,degree,0.0,0.17389523018268715,0.36547619047619045,0.32796802467631514,,
chain,16,state_switch,16022,1.1,ood,random_expected,0.2725,0.45819820394535893,0.36823596542346543,nan,,
chain,16,state_switch,16022,1.1,ood,selected_baseline,0.5,0.9222562123005486,0.8166666666666667,0.7588235294117647,,
chain,16,state_switch,16022,1.1,ood,candidate_calibration,,,,,0.182122191337983,0.2732040198637887
chain,16,state_switch,16023,0.1,ood,candidate,1.0,1.0,1.0,0.9911764705882352,,
chain,16,state_switch,16023,0.1,ood,activity,1.0,0.9987306958248082,1.0,0.9911764705882352,,
chain,16,state_switch,16023,0.1,ood,local_error,1.0,0.9987306958248082,1.0,0.7235294117647059,,
chain,16,state_switch,16023,0.1,ood,degree,0.0,0.35692701950564065,0.18194444444444446,-0.4919520370144727,,
chain,16,state_switch,16023,0.1,ood,random_expected,0.2525,0.5382590721772009,0.3817940601065601,nan,,
chain,16,state_switch,16023,0.1,ood,selected_baseline,1.0,0.9987306958248082,1.0,0.9911764705882352,,
chain,16,state_switch,16023,0.1,ood,candidate_calibration,,,,,0.12962291220545213,0.31744075428414553
chain,16,state_switch,16023,1.1,ood,candidate,1.0,0.999368649617162,1.0,0.8176470588235294,,
chain,16,state_switch,16023,1.1,ood,activity,0.5,0.791314307961093,0.43333333333333335,0.6,,
chain,16,state_switch,16023,1.1,ood,local_error,0.25,0.7080045818421067,0.35297619047619044,0.4323529411764706,,
chain,16,state_switch,16023,1.1,ood,degree,0.25,0.5337357831101097,0.2941849816849817,0.04099600308453939,,
chain,16,state_switch,16023,1.1,ood,random_expected,0.24,0.5558379100715095,0.3483290737040738,nan,,
chain,16,state_switch,16023,1.1,ood,selected_baseline,0.5,0.791314307961093,0.43333333333333335,0.6,,
chain,16,state_switch,16023,1.1,ood,candidate_calibration,,,,,0.19343302019457312,0.2794875801243038
chain,16,state_switch,16024,0.1,ood,candidate,0.75,0.9990180288033091,0.9166666666666666,0.961764705882353,,
chain,16,state_switch,16024,0.1,ood,activity,1.0,0.9972080556250988,1.0,0.9941176470588234,,
chain,16,state_switch,16024,0.1,ood,local_error,0.75,0.9125207764481177,0.8928571428571428,0.7382352941176471,,
chain,16,state_switch,16024,0.1,ood,degree,0.5,0.6910923246356672,0.4333333333333333,0.0,,
chain,16,state_switch,16024,0.1,ood,random_expected,0.2225,0.5155467972960605,0.365663412975913,nan,,
chain,16,state_switch,16024,0.1,ood,selected_baseline,1.0,0.9972080556250988,1.0,0.9941176470588234,,
chain,16,state_switch,16024,0.1,ood,candidate_calibration,,,,,0.1393494249051803,0.2675028288848222
chain,16,state_switch,16024,1.1,ood,candidate,1.0,1.0,1.0,0.8705882352941177,,
chain,16,state_switch,16024,1.1,ood,activity,0.25,0.7025759833897927,0.5464285714285714,0.5558823529411765,,
chain,16,state_switch,16024,1.1,ood,local_error,0.5,0.7707664738849511,0.4583333333333333,0.6029411764705882,,
chain,16,state_switch,16024,1.1,ood,degree,0.5,0.49824284903438404,0.363095238095238,0.3689640277608545,,
chain,16,state_switch,16024,1.1,ood,random_expected,0.2425,0.5031819854382297,0.36178911366411365,nan,,
chain,16,state_switch,16024,1.1,ood,selected_baseline,0.25,0.7025759833897927,0.5464285714285714,0.5558823529411765,,
chain,16,state_switch,16024,1.1,ood,candidate_calibration,,,,,0.15828951140043027,0.25563691449978554
chain,16,state_switch,16025,0.1,ood,candidate,1.0,0.9788105466791946,1.0,0.9529411764705882,,
chain,16,state_switch,16025,0.1,ood,activity,1.0,1.0,1.0,0.988235294117647,,
chain,16,state_switch,16025,0.1,ood,local_error,0.5,0.8489626398967802,0.7095238095238094,0.7588235294117647,,
chain,16,state_switch,16025,0.1,ood,degree,0.25,0.5208965695258746,0.3534382284382284,0.3689640277608545,,
chain,16,state_switch,16025,0.1,ood,random_expected,0.1975,0.4491550242963743,0.32073049173049173,nan,,
chain,16,state_switch,16025,0.1,ood,selected_baseline,1.0,1.0,1.0,0.988235294117647,,
chain,16,state_switch,16025,0.1,ood,candidate_calibration,,,,,0.06194376677359145,0.2313191021661798
chain,16,state_switch,16025,1.1,ood,candidate,1.0,0.9877475070493624,1.0,0.788235294117647,,
chain,16,state_switch,16025,1.1,ood,activity,0.25,0.464793940526774,0.475,0.6823529411764706,,
chain,16,state_switch,16025,1.1,ood,local_error,0.5,0.9649464443639423,0.5583333333333333,0.5882352941176471,,
chain,16,state_switch,16025,1.1,ood,degree,0.0,0.25291251408848564,0.22288267288267288,0.4099600308453939,,
chain,16,state_switch,16025,1.1,ood,random_expected,0.2025,0.375720878601183,0.33763376207126206,nan,,
chain,16,state_switch,16025,1.1,ood,selected_baseline,0.25,0.464793940526774,0.475,0.6823529411764706,,
chain,16,state_switch,16025,1.1,ood,candidate_calibration,,,,,0.15325113481444128,0.23902298555403398
chain,64,state_switch,64021,0.1,ood,candidate,1.0,0.995047382228132,1.0,0.9835164835164832,,
chain,64,state_switch,64021,0.1,ood,activity,1.0,0.9947417999220461,1.0,0.9936355311355312,,
chain,64,state_switch,64021,0.1,ood,local_error,0.7692307692307693,0.9017731676920523,0.8798125485625484,0.5823260073260073,,
chain,64,state_switch,64021,0.1,ood,degree,0.23076923076923078,0.5433292804318625,0.34560132025436874,-0.04861304526235506,,
chain,64,state_switch,64021,0.1,ood,random_expected,0.21615384615384614,0.4065676781875473,0.26233767847290473,nan,,
chain,64,state_switch,64021,0.1,ood,selected_baseline,1.0,0.9947417999220461,1.0,0.9936355311355312,,
chain,64,state_switch,64021,0.1,ood,candidate_calibration,,,,,0.06316709852035463,0.20824077456392756
chain,64,state_switch,64021,1.1,ood,candidate,0.8461538461538461,0.9771022238510704,0.9340725513802438,0.8709706959706958,,
chain,64,state_switch,64021,1.1,ood,activity,0.6153846153846154,0.7088444612055663,0.7115520100814218,0.7744047619047619,,
chain,64,state_switch,64021,1.1,ood,local_error,0.5384615384615384,0.8182141787673263,0.6713927376970855,0.5993131868131868,,
chain,64,state_switch,64021,1.1,ood,degree,0.07692307692307693,0.30113730940548045,0.19462959434465185,0.019445218104942028,,
chain,64,state_switch,64021,1.1,ood,random_expected,0.17538461538461536,0.3612023069936117,0.23774014001746696,nan,,
chain,64,state_switch,64021,1.1,ood,selected_baseline,0.6153846153846154,0.7088444612055663,0.7115520100814218,0.7744047619047619,,
chain,64,state_switch,64021,1.1,ood,candidate_calibration,,,,,0.13974655345103731,0.2104561818211585
chain,64,state_switch,64022,0.1,ood,candidate,1.0,0.9975928938794612,1.0,0.9860805860805859,,
chain,64,state_switch,64022,0.1,ood,activity,0.9230769230769231,0.9924067536728414,0.9945054945054945,0.9920787545787544,,
chain,64,state_switch,64022,0.1,ood,local_error,0.6923076923076923,0.8942935622429317,0.7619732190886037,0.6893772893772893,,
chain,64,state_switch,64022,0.1,ood,degree,0.15384615384615385,0.4548089855347545,0.26634147677922043,-0.19445218104942025,,
chain,64,state_switch,64022,0.1,ood,random_expected,0.20538461538461536,0.40449970165169397,0.24954749785957855,nan,,
chain,64,state_switch,64022,0.1,ood,selected_baseline,0.9230769230769231,0.9924067536728414,0.9945054945054945,0.9920787545787544,,
chain,64,state_switch,64022,0.1,ood,candidate_calibration,,,,,0.11818779290053966,0.256473714823649
chain,64,state_switch,64022,1.1,ood,candidate,0.7692307692307693,0.9084221095609726,0.7003454878454879,0.7915750915750914,,
chain,64,state_switch,64022,1.1,ood,activity,0.6153846153846154,0.8170183892258097,0.8018421192334235,0.6736263736263736,,
chain,64,state_switch,64022,1.1,ood,local_error,0.6153846153846154,0.8491143339482345,0.756847384944592,0.6000915750915751,,
chain,64,state_switch,64022,1.1,ood,degree,0.15384615384615385,0.40674940815382654,0.28939552940653457,-0.2090360946281268,,
chain,64,state_switch,64022,1.1,ood,random_expected,0.2076923076923077,0.4258706892409477,0.25560855176301017,nan,,
chain,64,state_switch,64022,1.1,ood,selected_baseline,0.6153846153846154,0.8170183892258097,0.8018421192334235,0.6736263736263736,,
chain,64,state_switch,64022,1.1,ood,candidate_calibration,,,,,0.15823080111828186,0.1894238594076931
chain,64,state_switch,64023,0.1,ood,candidate,0.9230769230769231,0.9959144167840889,0.9819004524886878,0.9928113553113552,,
chain,64,state_switch,64023,0.1,ood,activity,0.9230769230769231,0.9967922625665657,0.9945054945054945,0.9936813186813186,,
chain,64,state_switch,64023,0.1,ood,local_error,0.6923076923076923,0.894138838133785,0.8130753233694411,0.6692307692307692,,
chain,64,state_switch,64023,0.1,ood,degree,0.23076923076923078,0.4066747208588749,0.22876240699440265,0.24792653083801086,,
chain,64,state_switch,64023,0.1,ood,random_expected,0.21538461538461537,0.36893745359912555,0.253259792273685,nan,,
chain,64,state_switch,64023,0.1,ood,selected_baseline,0.9230769230769231,0.9967922625665657,0.9945054945054945,0.9936813186813186,,
chain,64,state_switch,64023,0.1,ood,candidate_calibration,,,,,0.07001218041240947,0.20725191803532594
chain,64,state_switch,64023,1.1,ood,candidate,0.8461538461538461,0.9860963132506466,0.9647194910352805,0.7875,,
chain,64,state_switch,64023,1.1,ood,activity,0.5384615384615384,0.5163663863588588,0.528108928108928,0.7855311355311354,,
chain,64,state_switch,64023,1.1,ood,local_error,0.38461538461538464,0.8514016383218814,0.5721411027912574,0.5999542124542123,,
chain,64,state_switch,64023,1.1,ood,degree,0.15384615384615385,0.28801172138746645,0.20775788712826102,0.11667130862965217,,
chain,64,state_switch,64023,1.1,ood,random_expected,0.2069230769230769,0.3077610332007834,0.2516258988770419,nan,,
chain,64,state_switch,64023,1.1,ood,selected_baseline,0.5384615384615384,0.5163663863588588,0.528108928108928,0.7855311355311354,,
chain,64,state_switch,64023,1.1,ood,candidate_calibration,,,,,0.13215577269472417,0.18333549981550418
chain,64,state_switch,64024,0.1,ood,candidate,0.9230769230769231,0.9902529553833342,0.9751850713389174,0.9870421245421244,,
chain,64,state_switch,64024,0.1,ood,activity,0.9230769230769231,0.9965765746047606,0.9885883347421809,0.9929945054945054,,
chain,64,state_switch,64024,0.1,ood,local_error,0.6923076923076923,0.8801862722599044,0.760533584062996,0.7183608058608058,,
chain,64,state_switch,64024,0.1,ood,degree,0.23076923076923078,0.5549085130080215,0.4134983918520504,0.04375174073611956,,
chain,64,state_switch,64024,0.1,ood,random_expected,0.20076923076923076,0.3512042958172868,0.2432172420169265,nan,,
chain,64,state_switch,64024,0.1,ood,selected_baseline,0.9230769230769231,0.9965765746047606,0.9885883347421809,0.9929945054945054,,
chain,64,state_switch,64024,0.1,ood,candidate_calibration,,,,,0.06926737136993603,0.17166367989424922
chain,64,state_switch,64024,1.1,ood,candidate,0.6923076923076923,0.8990833530277197,0.7066106606249336,0.7224816849816849,,
chain,64,state_switch,64024,1.1,ood,activity,0.6923076923076923,0.7789174386393473,0.8181719004021561,0.6932234432234431,,
chain,64,state_switch,64024,1.1,ood,local_error,0.6153846153846154,0.9017431570873631,0.7559366878332395,0.6641941391941392,,
chain,64,state_switch,64024,1.1,ood,degree,0.15384615384615385,0.37065627768464143,0.3631173918080209,0.0729195678935326,,
chain,64,state_switch,64024,1.1,ood,random_expected,0.20461538461538456,0.3640493921861188,0.2539338479219603,nan,,
chain,64,state_switch,64024,1.1,ood,selected_baseline,0.6923076923076923,0.7789174386393473,0.8181719004021561,0.6932234432234431,,
chain,64,state_switch,64024,1.1,ood,candidate_calibration,,,,,0.14722443148845588,0.1796861055042799
chain,64,state_switch,64025,0.1,ood,candidate,0.9230769230769231,0.9934315466167881,0.9855769230769231,0.9833333333333332,,
chain,64,state_switch,64025,0.1,ood,activity,1.0,0.9996106255896937,1.0,0.9908882783882783,,
chain,64,state_switch,64025,0.1,ood,local_error,0.7692307692307693,0.866360765392109,0.7811785380611291,0.6894688644688645,,
chain,64,state_switch,64025,0.1,ood,degree,0.15384615384615385,0.37754514106557874,0.22418277707253953,0.019445218104942028,,
chain,64,state_switch,64025,0.1,ood,random_expected,0.1992307692307692,0.376938603582401,0.24831546621034686,nan,,
chain,64,state_switch,64025,0.1,ood,selected_baseline,1.0,0.9996106255896937,1.0,0.9908882783882783,,
chain,64,state_switch,64025,0.1,ood,candidate_calibration,,,,,0.05939907536052365,0.1919750734814278
chain,64,state_switch,64025,1.1,ood,candidate,0.6923076923076923,0.91778538845409,0.7560326959365421,0.7591117216117215,,
chain,64,state_switch,64025,1.1,ood,activity,0.5384615384615384,0.7555264859538865,0.6308050480923689,0.8050824175824175,,
chain,64,state_switch,64025,1.1,ood,local_error,0.6153846153846154,0.8261232796622056,0.7373709471862687,0.6834249084249083,,
chain,64,state_switch,64025,1.1,ood,degree,0.15384615384615385,0.5043795373502171,0.1812364830134749,0.09236478599847463,,
chain,64,state_switch,64025,1.1,ood,random_expected,0.23,0.42234659078355835,0.2709799546749926,nan,,
chain,64,state_switch,64025,1.1,ood,selected_baseline,0.5384615384615384,0.7555264859538865,0.6308050480923689,0.8050824175824175,,
chain,64,state_switch,64025,1.1,ood,candidate_calibration,,,,,0.15306065932345886,0.1861021566992185
chain,128,state_switch,128021,0.1,ood,candidate,0.9230769230769231,0.9965980876804045,0.9869808788078019,0.99221754257462,,
chain,128,state_switch,128021,0.1,ood,activity,0.9615384615384616,0.9975783081256875,0.9970962086346701,0.9951702984801318,,
chain,128,state_switch,128021,0.1,ood,local_error,0.6923076923076923,0.9147587495489327,0.7559048551144885,0.7082951840322285,,
chain,128,state_switch,128021,0.1,ood,degree,0.19230769230769232,0.43780055124718775,0.2490892491460628,-0.0358024652380448,,
chain,128,state_switch,128021,0.1,ood,random_expected,0.20115384615384616,0.39353702848259575,0.2330812668444484,nan,,
chain,128,state_switch,128021,0.1,ood,selected_baseline,0.9615384615384616,0.9975783081256875,0.9970962086346701,0.9951702984801318,,
chain,128,state_switch,128021,0.1,ood,candidate_calibration,,,,,0.08290351065521588,0.21605880993361884
chain,128,state_switch,128021,1.1,ood,candidate,0.7692307692307693,0.9643081812959,0.7959354517318107,0.8037790697674418,,
chain,128,state_switch,128021,1.1,ood,activity,0.7307692307692307,0.5168819494063432,0.7916766442960609,0.753725279252884,,
chain,128,state_switch,128021,1.1,ood,local_error,0.5769230769230769,0.8729590363035294,0.5872956512231388,0.5515473356528109,,
chain,128,state_switch,128021,1.1,ood,degree,0.19230769230769232,0.26558783544932907,0.2590305253862624,-0.02898294804984579,,
chain,128,state_switch,128021,1.1,ood,random_expected,0.20384615384615387,0.31194636221823585,0.23638603245187234,nan,,
chain,128,state_switch,128021,1.1,ood,selected_baseline,0.7307692307692307,0.5168819494063432,0.7916766442960609,0.753725279252884,,
chain,128,state_switch,128021,1.1,ood,candidate_calibration,,,,,0.14819159255445605,0.164353150997704
chain,128,state_switch,128022,0.1,ood,candidate,0.9615384615384616,0.9975484705598635,0.9972527472527472,0.9914106848562534,,
chain,128,state_switch,128022,0.1,ood,activity,0.9230769230769231,0.9948536730971401,0.9869388325232519,0.9957768723676981,,
chain,128,state_switch,128022,0.1,ood,local_error,0.7307692307692307,0.924383247658377,0.7789813971795579,0.747562259659403,,
chain,128,state_switch,128022,0.1,ood,degree,0.15384615384615385,0.27548482057831747,0.1793281433840941,-0.015343913673447772,,
chain,128,state_switch,128022,0.1,ood,random_expected,0.19692307692307692,0.37818409955351845,0.22758943761440584,nan,,
chain,128,state_switch,128022,0.1,ood,selected_baseline,0.9230769230769231,0.9948536730971401,0.9869388325232519,0.9957768723676981,,
chain,128,state_switch,128022,0.1,ood,candidate_calibration,,,,,0.0694074657554099,0.2159682865162104
chain,128,state_switch,128022,1.1,ood,candidate,0.7692307692307693,0.9490131057936277,0.8071249218685346,0.7254623695293901,,
chain,128,state_switch,128022,1.1,ood,activity,0.5769230769230769,0.683719616103324,0.6246648936947415,0.6478895806628822,,
chain,128,state_switch,128022,1.1,ood,local_error,0.6538461538461539,0.7241539581239604,0.5566202661139854,0.6486678264054202,,
chain,128,state_switch,128022,1.1,ood,degree,0.15384615384615385,0.3258244141080741,0.1761654547385863,-0.1005878785259354,,
chain,128,state_switch,128022,1.1,ood,random_expected,0.20846153846153848,0.40079742211778546,0.23643932966866774,nan,,
chain,128,state_switch,128022,1.1,ood,selected_baseline,0.5769230769230769,0.683719616103324,0.6246648936947415,0.6478895806628822,,
chain,128,state_switch,128022,1.1,ood,candidate_calibration,,,,,0.15430996905992747,0.15932650358158146
chain,128,state_switch,128023,0.1,ood,candidate,0.9615384615384616,0.9916175768350528,0.9726414231492948,0.9822147958249404,,
chain,128,state_switch,128023,0.1,ood,activity,0.9615384615384616,0.9973436778584844,0.9957734573119187,0.9954964750045779,,
chain,128,state_switch,128023,0.1,ood,local_error,0.8076923076923077,0.9260408512440127,0.8485312677723409,0.7222463834462552,,
chain,128,state_switch,128023,0.1,ood,degree,0.11538461538461539,0.3664711514372918,0.1767017001699383,-0.08865372344658712,,
chain,128,state_switch,128023,0.1,ood,random_expected,0.1976923076923077,0.3683213366147387,0.2248614511120441,nan,,
chain,128,state_switch,128023,0.1,ood,selected_baseline,0.9615384615384616,0.9973436778584844,0.9957734573119187,0.9954964750045779,,
chain,128,state_switch,128023,0.1,ood,candidate_calibration,,,,,0.07012667793140902,0.19188005193907706
chain,128,state_switch,128023,1.1,ood,candidate,0.7307692307692307,0.9687280386448138,0.7757468150467302,0.7478026002563632,,
chain,128,state_switch,128023,1.1,ood,activity,0.6153846153846154,0.6691072368283898,0.6439219912953656,0.6777890954037722,,
chain,128,state_switch,128023,1.1,ood,local_error,0.5384615384615384,0.8410252461202573,0.584211249177539,0.46640954037722027,,
chain,128,state_switch,128023,1.1,ood,degree,0.19230769230769232,0.2863794802289054,0.2071150242376521,-0.08694884414953737,,
chain,128,state_switch,128023,1.1,ood,random_expected,0.19730769230769232,0.32098112506577237,0.22810304395404224,nan,,
chain,128,state_switch,128023,1.1,ood,selected_baseline,0.6153846153846154,0.6691072368283898,0.6439219912953656,0.6777890954037722,,
chain,128,state_switch,128023,1.1,ood,candidate_calibration,,,,,0.13741939616595078,0.11905318778695598
chain,128,state_switch,128024,0.1,ood,candidate,0.8846153846153846,0.998052966330427,0.9715969763491674,0.9900544772019776,,
chain,128,state_switch,128024,0.1,ood,activity,0.9230769230769231,0.9989405022241841,0.9859872890642123,0.9942375480681194,,
chain,128,state_switch,128024,0.1,ood,local_error,0.7307692307692307,0.882373698397945,0.7585040254299046,0.6587735762680828,,
chain,128,state_switch,128024,0.1,ood,degree,0.11538461538461539,0.26925513646391164,0.18150228173267785,-0.13809522306102995,,
chain,128,state_switch,128024,0.1,ood,random_expected,0.19846153846153847,0.394616422678923,0.22879906578111736,nan,,
chain,128,state_switch,128024,0.1,ood,selected_baseline,0.9230769230769231,0.9989405022241841,0.9859872890642123,0.9942375480681194,,
chain,128,state_switch,128024,0.1,ood,candidate_calibration,,,,,0.07711761377940926,0.190223207336674
chain,128,state_switch,128024,1.1,ood,candidate,0.6923076923076923,0.9357927221051155,0.7562803245645775,0.7766263047060977,,
chain,128,state_switch,128024,1.1,ood,activity,0.6153846153846154,0.7150720340210404,0.7532850683794693,0.740517991210401,,
chain,128,state_switch,128024,1.1,ood,local_error,0.5,0.7971775670908793,0.5846782501490504,0.6152547610327779,,
chain,128,state_switch,128024,1.1,ood,degree,0.07692307692307693,0.24243707046389787,0.16969639349841958,-0.10229275782298514,,
chain,128,state_switch,128024,1.1,ood,random_expected,0.195,0.3574637813153987,0.22916416669992962,nan,,
chain,128,state_switch,128024,1.1,ood,selected_baseline,0.6153846153846154,0.7150720340210404,0.7532850683794693,0.740517991210401,,
chain,128,state_switch,128024,1.1,ood,candidate_calibration,,,,,0.15315674113968658,0.1831092784387176
chain,128,state_switch,128025,0.1,ood,candidate,0.9615384615384616,0.9972190600335255,0.9909601908682174,0.9902433162424462,,
chain,128,state_switch,128025,0.1,ood,activity,0.9230769230769231,0.9961537892493841,0.9912627187627188,0.9946667277055485,,
chain,128,state_switch,128025,0.1,ood,local_error,0.6538461538461539,0.8749091558850951,0.7234673059704428,0.6234148965390954,,
chain,128,state_switch,128025,0.1,ood,degree,0.038461538461538464,0.2575736300164591,0.16295159936245668,-0.011934155079348266,,
chain,128,state_switch,128025,0.1,ood,random_expected,0.20961538461538465,0.3733332426770977,0.2375215231963647,nan,,
chain,128,state_switch,128025,0.1,ood,selected_baseline,0.9230769230769231,0.9961537892493841,0.9912627187627188,0.9946667277055485,,
chain,128,state_switch,128025,0.1,ood,candidate_calibration,,,,,0.06503688720731488,0.1878088879931457
chain,128,state_switch,128025,1.1,ood,candidate,0.8846153846153846,0.9754983590989167,0.9495671448117099,0.8069034975279251,,
chain,128,state_switch,128025,1.1,ood,activity,0.5384615384615384,0.781913215932454,0.5565873311325775,0.7522374565097968,,
chain,128,state_switch,128025,1.1,ood,local_error,0.5,0.8610165693853874,0.5344256849901046,0.5223688427028016,,
chain,128,state_switch,128025,1.1,ood,degree,0.11538461538461539,0.27765079320360514,0.17088209209843763,-0.08524396485248761,,
chain,128,state_switch,128025,1.1,ood,random_expected,0.1907692307692308,0.3620673794362692,0.22289137466626474,nan,,
chain,128,state_switch,128025,1.1,ood,selected_baseline,0.5384615384615384,0.781913215932454,0.5565873311325775,0.7522374565097968,,
chain,128,state_switch,128025,1.1,ood,candidate_calibration,,,,,0.1490985292035245,0.2001976445328152
star,16,state_switch,16021,0.1,ood,candidate,1.0,1.0,1.0,0.9941176470588234,,
star,16,state_switch,16021,0.1,ood,activity,0.75,0.9995051151119625,0.95,0.9911764705882352,,
star,16,state_switch,16021,0.1,ood,local_error,0.75,0.9995051151119625,0.875,0.7000000000000001,,
star,16,state_switch,16021,0.1,ood,degree,0.5,0.5137514176009785,0.488095238095238,-0.14002800840280097,,
star,16,state_switch,16021,0.1,ood,random_expected,0.2625,0.4254277108280966,0.37737570762570755,nan,,
star,16,state_switch,16021,0.1,ood,selected_baseline,0.75,0.9995051151119625,0.95,0.9911764705882352,,
star,16,state_switch,16021,0.1,ood,candidate_calibration,,,,,0.06907755402536714,0.2280730289636014
star,16,state_switch,16021,1.1,ood,candidate,0.75,0.9394217440756829,0.8166666666666667,0.6294117647058822,,
star,16,state_switch,16021,1.1,ood,activity,0.5,0.7174458538994807,0.6083333333333334,0.5911764705882353,,
star,16,state_switch,16021,1.1,ood,local_error,0.5,0.7065228936787997,0.6527777777777777,0.5588235294117647,,
star,16,state_switch,16021,1.1,ood,degree,0.0,0.49078659186697876,0.2207875457875458,0.08401680504168059,,
star,16,state_switch,16021,1.1,ood,random_expected,0.255,0.5680921404044667,0.36609316378066376,nan,,
star,16,state_switch,16021,1.1,ood,selected_baseline,0.5,0.7174458538994807,0.6083333333333334,0.5911764705882353,,
star,16,state_switch,16021,1.1,ood,candidate_calibration,,,,,0.19646985258041966,0.2729504668204271
star,16,state_switch,16022,0.1,ood,candidate,1.0,1.0,1.0,0.9941176470588234,,
star,16,state_switch,16022,0.1,ood,activity,1.0,1.0,1.0,0.9823529411764707,,
star,16,state_switch,16022,0.1,ood,local_error,0.75,0.9361227430173226,0.8875,0.7617647058823529,,
star,16,state_switch,16022,0.1,ood,degree,0.0,0.2323808233630843,0.23115079365079363,-0.028005601680560196,,
star,16,state_switch,16022,0.1,ood,random_expected,0.23,0.3852188778676583,0.35068695887445883,nan,,
star,16,state_switch,16022,0.1,ood,selected_baseline,1.0,1.0,1.0,0.9823529411764707,,
star,16,state_switch,16022,0.1,ood,candidate_calibration,,,,,0.05753059517014052,0.20885567031025884
star,16,state_switch,16022,1.1,ood,candidate,0.75,0.9920918511695951,0.9166666666666666,0.9470588235294116,,
star,16,state_switch,16022,1.1,ood,activity,0.75,0.9674662722068266,0.95,0.85,,
star,16,state_switch,16022,1.1,ood,local_error,0.75,0.9674662722068266,0.9166666666666666,0.7970588235294117,,
star,16,state_switch,16022,1.1,ood,degree,0.0,0.19420653621706743,0.21746031746031746,-0.14002800840280097,,
star,16,state_switch,16022,1.1,ood,random_expected,0.2575,0.4527886770483367,0.36607046425796425,nan,,
star,16,state_switch,16022,1.1,ood,selected_baseline,0.75,0.9674662722068266,0.95,0.85,,
star,16,state_switch,16022,1.1,ood,candidate_calibration,,,,,0.191217656836439,0.26569590368603696
star,16,state_switch,16023,0.1,ood,candidate,1.0,1.0,1.0,0.9735294117647059,,
star,16,state_switch,16023,0.1,ood,activity,1.0,1.0,1.0,0.9794117647058824,,
star,16,state_switch,16023,0.1,ood,local_error,0.75,0.8308322255427187,0.7470238095238095,0.5794117647058823,,
star,16,state_switch,16023,0.1,ood,degree,0.25,0.4694269256395152,0.4201923076923077,0.30806161848616215,,
star,16,state_switch,16023,0.1,ood,random_expected,0.2925,0.5471987758801299,0.4029845362970363,nan,,
star,16,state_switch,16023,0.1,ood,selected_baseline,1.0,1.0,1.0,0.9794117647058824,,
star,16,state_switch,16023,0.1,ood,candidate_calibration,,,,,0.10427416318675761,0.2852165222657041
star,16,state_switch,16023,1.1,ood,candidate,0.75,0.9274668887416523,0.8928571428571428,0.85,,
star,16,state_switch,16023,1.1,ood,activity,0.75,0.8904897086002979,0.8611111111111112,0.5705882352941177,,
star,16,state_switch,16023,1.1,ood,local_error,0.75,0.874221945250691,0.7875,0.65,,
star,16,state_switch,16023,1.1,ood,degree,0.0,0.30637024044767286,0.18578296703296704,-0.028005601680560196,,
star,16,state_switch,16023,1.1,ood,random_expected,0.2575,0.4659322368776672,0.37658740564990567,nan,,
star,16,state_switch,16023,1.1,ood,selected_baseline,0.75,0.8904897086002979,0.8611111111111112,0.5705882352941177,,
star,16,state_switch,16023,1.1,ood,candidate_calibration,,,,,0.19992256017748194,0.262703888042217
star,16,state_switch,16024,0.1,ood,candidate,1.0,1.0,1.0,0.976470588235294,,
star,16,state_switch,16024,0.1,ood,activity,1.0,1.0,1.0,0.9735294117647059,,
star,16,state_switch,16024,0.1,ood,local_error,0.25,0.6982725471586946,0.586111111111111,0.3529411764705882,,
star,16,state_switch,16024,0.1,ood,degree,0.75,0.8774891193655647,0.6950757575757576,0.42008402520840293,,
star,16,state_switch,16024,0.1,ood,random_expected,0.2125,0.4843405317189247,0.3317052183927183,nan,,
star,16,state_switch,16024,0.1,ood,selected_baseline,1.0,1.0,1.0,0.9735294117647059,,
star,16,state_switch,16024,0.1,ood,candidate_calibration,,,,,0.12239429442055189,0.27960823755739517
star,16,state_switch,16024,1.1,ood,candidate,0.75,0.954413456249412,0.8875,0.9264705882352942,,
star,16,state_switch,16024,1.1,ood,activity,0.5,0.7393022997179844,0.7019230769230769,0.5647058823529412,,
star,16,state_switch,16024,1.1,ood,local_error,0.5,0.7794820394828886,0.6845238095238095,0.6794117647058824,,
star,16,state_switch,16024,1.1,ood,degree,0.5,0.4872586990709046,0.35,-0.08401680504168059,,
star,16,state_switch,16024,1.1,ood,random_expected,0.24,0.529521367967724,0.38005985680985677,nan,,
star,16,state_switch,16024,1.1,ood,selected_baseline,0.5,0.7393022997179844,0.7019230769230769,0.5647058823529412,,
star,16,state_switch,16024,1.1,ood,candidate_calibration,,,,,0.1598942541369397,0.2343704382456722
star,16,state_switch,16025,0.1,ood,candidate,1.0,0.9774493641922526,1.0,0.988235294117647,,
star,16,state_switch,16025,0.1,ood,activity,1.0,1.0,1.0,0.9911764705882352,,
star,16,state_switch,16025,0.1,ood,local_error,0.75,0.9775358808397021,0.95,0.8705882352941177,,
star,16,state_switch,16025,0.1,ood,degree,0.25,0.46403403212746946,0.28869047619047616,-0.30806161848616215,,
star,16,state_switch,16025,0.1,ood,random_expected,0.255,0.5064445547048263,0.35852193639693636,nan,,
star,16,state_switch,16025,0.1,ood,selected_baseline,1.0,1.0,1.0,0.9911764705882352,,
star,16,state_switch,16025,0.1,ood,candidate_calibration,,,,,0.08138448935532225,0.25783050619109965
star,16,state_switch,16025,1.1,ood,candidate,0.75,0.9908708574310215,0.8409090909090909,0.7735294117647058,,
star,16,state_switch,16025,1.1,ood,activity,0.5,0.4230335534539355,0.6,0.6588235294117648,,
star,16,state_switch,16025,1.1,ood,local_error,0.5,0.9242327365868644,0.7071428571428571,0.6794117647058824,,
star,16,state_switch,16025,1.1,ood,degree,0.25,0.22063108520136698,0.2727564102564103,-0.1960392117639214,,
star,16,state_switch,16025,1.1,ood,random_expected,0.2625,0.3734364317135836,0.39070540570540563,nan,,
star,16,state_switch,16025,1.1,ood,selected_baseline,0.5,0.4230335534539355,0.6,0.6588235294117648,,
star,16,state_switch,16025,1.1,ood,candidate_calibration,,,,,0.15532113619495946,0.22976820653994734
star,64,state_switch,64021,0.1,ood,candidate,0.9230769230769231,0.9865946284980266,0.9589457550996012,0.9818681318681316,,
star,64,state_switch,64021,0.1,ood,activity,1.0,0.9741870547906327,1.0,0.9801739926739926,,
star,64,state_switch,64021,0.1,ood,local_error,0.5384615384615384,0.7508864280220566,0.7361819741344627,0.4005494505494505,,
star,64,state_switch,64021,0.1,ood,degree,0.3076923076923077,0.607806090468014,0.4278451630877472,0.1943740372392746,,
star,64,state_switch,64021,0.1,ood,random_expected,0.20538461538461536,0.3920334643506177,0.2491954362868661,nan,,
star,64,state_switch,64021,0.1,ood,selected_baseline,1.0,0.9741870547906327,1.0,0.9801739926739926,,
star,64,state_switch,64021,0.1,ood,candidate_calibration,,,,,0.06134256322559021,0.1626231954776576
star,64,state_switch,64021,1.1,ood,candidate,1.0,0.9886222710539896,1.0,0.8935897435897435,,
star,64,state_switch,64021,1.1,ood,activity,0.5384615384615384,0.731674620705557,0.7210355434039644,0.56753663003663,,
star,64,state_switch,64021,1.1,ood,local_error,0.46153846153846156,0.8471637573645823,0.6115798359648473,0.2396062271062271,,
star,64,state_switch,64021,1.1,ood,degree,0.23076923076923078,0.39154715437389176,0.2973122541331754,0.167093470609201,,
star,64,state_switch,64021,1.1,ood,random_expected,0.2069230769230769,0.40396791074721433,0.24710247510855016,nan,,
star,64,state_switch,64021,1.1,ood,selected_baseline,0.5384615384615384,0.731674620705557,0.7210355434039644,0.56753663003663,,
star,64,state_switch,64021,1.1,ood,candidate_calibration,,,,,0.14847819682089813,0.2128716189207595
star,64,state_switch,64022,0.1,ood,candidate,0.8461538461538461,0.9924827547320018,0.9594017094017093,0.9917124542124541,,
star,64,state_switch,64022,0.1,ood,activity,0.9230769230769231,0.992480204735368,0.9885883347421809,0.9889194139194138,,
star,64,state_switch,64022,0.1,ood,local_error,0.6153846153846154,0.8296915192048453,0.7181689080568658,0.4993131868131867,,
star,64,state_switch,64022,0.1,ood,degree,0.15384615384615385,0.48212562006265647,0.34993971872234525,0.17391361226671942,,
star,64,state_switch,64022,0.1,ood,random_expected,0.2069230769230769,0.3978302960790003,0.24471329108341172,nan,,
star,64,state_switch,64022,0.1,ood,selected_baseline,0.9230769230769231,0.992480204735368,0.9885883347421809,0.9889194139194138,,
star,64,state_switch,64022,0.1,ood,candidate_calibration,,,,,0.1053491824123649,0.2055648424980396
star,64,state_switch,64022,1.1,ood,candidate,0.6923076923076923,0.8913066025786262,0.789444784606075,0.8801739926739925,,
star,64,state_switch,64022,1.1,ood,activity,0.6923076923076923,0.8641968089186194,0.7941803260105649,0.4902014652014651,,
star,64,state_switch,64022,1.1,ood,local_error,0.6923076923076923,0.8617149223028372,0.8238944630248979,0.3439560439560439,,
star,64,state_switch,64022,1.1,ood,degree,0.15384615384615385,0.46754362701506447,0.3007769690696397,0.1602733289516826,,
star,64,state_switch,64022,1.1,ood,random_expected,0.2069230769230769,0.4548590211496564,0.25578463284452324,nan,,
star,64,state_switch,64022,1.1,ood,selected_baseline,0.6923076923076923,0.8641968089186194,0.7941803260105649,0.4902014652014651,,
star,64,state_switch,64022,1.1,ood,candidate_calibration,,,,,0.15665475403295726,0.1816401015172143
star,64,state_switch,64023,0.1,ood,candidate,0.9230769230769231,0.9941831497182995,0.9945054945054945,0.9969322344322342,,
star,64,state_switch,64023,0.1,ood,activity,0.9230769230769231,0.9980429935073941,0.9897435897435898,0.9976190476190474,,
star,64,state_switch,64023,0.1,ood,local_error,0.7692307692307693,0.9514246208179684,0.8816877808182155,0.9385073260073259,,
star,64,state_switch,64023,0.1,ood,degree,0.15384615384615385,0.3175673531472718,0.18109345767624918,-0.20801432055431143,,
star,64,state_switch,64023,0.1,ood,random_expected,0.20615384615384616,0.36823644560889335,0.24985113729923455,nan,,
star,64,state_switch,64023,0.1,ood,selected_baseline,0.9230769230769231,0.9980429935073941,0.9897435897435898,0.9976190476190474,,
star,64,state_switch,64023,0.1,ood,candidate_calibration,,,,,0.06908562757900188,0.2120496576749704
star,64,state_switch,64023,1.1,ood,candidate,0.8461538461538461,0.9912075454043947,0.9382331568566387,0.8161630036630034,,
star,64,state_switch,64023,1.1,ood,activity,0.7692307692307693,0.6126541849770267,0.8133497111862498,0.8415293040293039,,
star,64,state_switch,64023,1.1,ood,local_error,0.7692307692307693,0.9494053086946315,0.8836886969239909,0.9105769230769228,,
star,64,state_switch,64023,1.1,ood,degree,0.23076923076923078,0.17717265889245698,0.19603500773611401,-0.20119417889679303,,
star,64,state_switch,64023,1.1,ood,random_expected,0.1953846153846154,0.2741078085358686,0.24798112524477925,nan,,
star,64,state_switch,64023,1.1,ood,selected_baseline,0.7692307692307693,0.6126541849770267,0.8133497111862498,0.8415293040293039,,
star,64,state_switch,64023,1.1,ood,candidate_calibration,,,,,0.13204004575591555,0.18598140266141908
star,64,state_switch,64024,0.1,ood,candidate,1.0,1.0,1.0,0.9942765567765566,,
star,64,state_switch,64024,0.1,ood,activity,0.9230769230769231,0.9995146673314413,0.9885883347421809,0.9983516483516482,,
star,64,state_switch,64024,0.1,ood,local_error,0.8461538461538461,0.9807920072432533,0.8861565335249544,0.8940018315018314,,
star,64,state_switch,64024,0.1,ood,degree,0.3076923076923077,0.4699554625233768,0.3457473645818582,-0.04433092077386965,,
star,64,state_switch,64024,0.1,ood,random_expected,0.20538461538461536,0.36309425302366555,0.2487183016180453,nan,,
star,64,state_switch,64024,0.1,ood,selected_baseline,0.9230769230769231,0.9995146673314413,0.9885883347421809,0.9983516483516482,,
star,64,state_switch,64024,0.1,ood,candidate_calibration,,,,,0.07187081711681387,0.20940593564905688
star,64,state_switch,64024,1.1,ood,candidate,0.7692307692307693,0.9133321470911729,0.7719643604258989,0.8703754578754579,,
star,64,state_switch,64024,1.1,ood,activity,0.6923076923076923,0.8129876214685696,0.7366081018654547,0.7575549450549449,,
star,64,state_switch,64024,1.1,ood,local_error,0.46153846153846156,0.8018244245425686,0.5948452237498298,0.4995421245421245,,
star,64,state_switch,64024,1.1,ood,degree,0.23076923076923078,0.5124323512141702,0.316229884706564,0.11935247900657214,,
star,64,state_switch,64024,1.1,ood,random_expected,0.19538461538461532,0.36833975691587684,0.24960161934517938,nan,,
star,64,state_switch,64024,1.1,ood,selected_baseline,0.6923076923076923,0.8129876214685696,0.7366081018654547,0.7575549450549449,,
star,64,state_switch,64024,1.1,ood,candidate_calibration,,,,,0.14660227322599603,0.1967132150195523
star,64,state_switch,64025,0.1,ood,candidate,0.9230769230769231,0.9947184671718837,0.9885883347421809,0.9946886446886447,,
star,64,state_switch,64025,0.1,ood,activity,0.9230769230769231,0.9953920058434291,0.9945054945054945,0.9919871794871794,,
star,64,state_switch,64025,0.1,ood,local_error,0.6153846153846154,0.8698628412640557,0.8122257758373912,0.3647435897435897,,
star,64,state_switch,64025,0.1,ood,degree,0.23076923076923078,0.45500183589049037,0.301984386304925,0.14663304563664578,,
star,64,state_switch,64025,0.1,ood,random_expected,0.19769230769230767,0.38247085669950925,0.24898784784155495,nan,,
star,64,state_switch,64025,0.1,ood,selected_baseline,0.9230769230769231,0.9953920058434291,0.9945054945054945,0.9919871794871794,,
star,64,state_switch,64025,0.1,ood,candidate_calibration,,,,,0.06075834623863395,0.1639097622888095
star,64,state_switch,64025,1.1,ood,candidate,0.8461538461538461,0.9774927961892109,0.9447368421052632,0.9236721611721611,,
star,64,state_switch,64025,1.1,ood,activity,0.5384615384615384,0.7123819153219882,0.6768417226621561,0.6124542124542124,,
star,64,state_switch,64025,1.1,ood,local_error,0.6153846153846154,0.8030216475308789,0.6947083205197656,0.4227564102564102,,
star,64,state_switch,64025,1.1,ood,degree,0.3076923076923077,0.5310633179653298,0.21524938004530345,0.10571219569153532,,
star,64,state_switch,64025,1.1,ood,random_expected,0.22,0.4305327897768889,0.2505249865484498,nan,,
star,64,state_switch,64025,1.1,ood,selected_baseline,0.5384615384615384,0.7123819153219882,0.6768417226621561,0.6124542124542124,,
star,64,state_switch,64025,1.1,ood,candidate_calibration,,,,,0.14651995824682473,0.21762694648861966
star,128,state_switch,128021,0.1,ood,candidate,0.8846153846153846,0.9936304902205814,0.9791949253397964,0.9934879143014099,,
star,128,state_switch,128021,0.1,ood,activity,0.9230769230769231,0.9934345018635872,0.9902136374284917,0.9923033785021057,,
star,128,state_switch,128021,0.1,ood,local_error,0.5384615384615384,0.8468229453719048,0.5856097448163922,0.48339933162424464,,
star,128,state_switch,128021,0.1,ood,degree,0.19230769230769232,0.4820620112011008,0.2792200293065508,0.13328615202298516,,
star,128,state_switch,128021,0.1,ood,random_expected,0.19923076923076927,0.38681974797674246,0.23026107798573384,nan,,
star,128,state_switch,128021,0.1,ood,selected_baseline,0.9230769230769231,0.9934345018635872,0.9902136374284917,0.9923033785021057,,
star,128,state_switch,128021,0.1,ood,candidate_calibration,,,,,0.0744985157401536,0.19888442624422994
star,128,state_switch,128021,1.1,ood,candidate,0.8461538461538461,0.9843149391967565,0.9177757199873662,0.9487101721296465,,
star,128,state_switch,128021,1.1,ood,activity,0.8076923076923077,0.6284311441526099,0.9007011259812983,0.5112960080571324,,
star,128,state_switch,128021,1.1,ood,local_error,0.6538461538461539,0.8511617764546191,0.742957627760589,0.03794520234389306,,
star,128,state_switch,128021,1.1,ood,degree,0.23076923076923078,0.35281883002879594,0.27958731231842604,0.13808925660039004,,
star,128,state_switch,128021,1.1,ood,random_expected,0.2026923076923077,0.3281982845458937,0.23405741503341138,nan,,
star,128,state_switch,128021,1.1,ood,selected_baseline,0.8076923076923077,0.6284311441526099,0.9007011259812983,0.5112960080571324,,
star,128,state_switch,128021,1.1,ood,candidate_calibration,,,,,0.14117138771646798,0.18740691889662828
star,128,state_switch,128022,0.1,ood,candidate,1.0,0.9989257573968088,1.0,0.9952561344076175,,
star,128,state_switch,128022,0.1,ood,activity,0.9615384615384616,0.9976669470815842,0.9913091715976331,0.9947353964475372,,
star,128,state_switch,128022,0.1,ood,local_error,0.6538461538461539,0.8921194313982715,0.7823601480059608,0.6014065647317342,,
star,128,state_switch,128022,0.1,ood,degree,0.11538461538461539,0.31663031086574306,0.15712566646570517,0.0684442402280194,,
star,128,state_switch,128022,0.1,ood,random_expected,0.21384615384615382,0.3890138877876496,0.23579376467671773,nan,,
star,128,state_switch,128022,0.1,ood,selected_baseline,0.9615384615384616,0.9976669470815842,0.9913091715976331,0.9947353964475372,,
star,128,state_switch,128022,0.1,ood,candidate_calibration,,,,,0.06956190573856796,0.2157466541374789
star,128,state_switch,128022,1.1,ood,candidate,0.6153846153846154,0.9257841451768479,0.7452725269811663,0.8514981230543857,,
star,128,state_switch,128022,1.1,ood,activity,0.6923076923076923,0.7933223299264298,0.8107015760691115,0.6583844533968137,,
star,128,state_switch,128022,1.1,ood,local_error,0.6923076923076923,0.8223298981685604,0.8557598451038841,0.5669577458340963,,
star,128,state_switch,128022,1.1,ood,degree,0.15384615384615385,0.33541641895276314,0.17818087647584382,0.04442871734099505,,
star,128,state_switch,128022,1.1,ood,random_expected,0.2003846153846154,0.41514581517395177,0.2368732473921355,nan,,
star,128,state_switch,128022,1.1,ood,selected_baseline,0.6923076923076923,0.7933223299264298,0.8107015760691115,0.6583844533968137,,
star,128,state_switch,128022,1.1,ood,candidate_calibration,,,,,0.1563853522147159,0.1510693225254761
star,128,state_switch,128023,0.1,ood,candidate,0.9230769230769231,0.9893218820403866,0.9634318576258672,0.9862490844167735,,
star,128,state_switch,128023,0.1,ood,activity,0.9615384615384616,0.9963446477638147,0.9955577470962086,0.9920573155099799,,
star,128,state_switch,128023,0.1,ood,local_error,0.7692307692307693,0.889603449649387,0.8506588185013333,0.5049269822376853,,
star,128,state_switch,128023,0.1,ood,degree,0.15384615384615385,0.4137266345371376,0.22707189730114846,0.1092706291359608,,
star,128,state_switch,128023,0.1,ood,random_expected,0.20230769230769233,0.37323336544296365,0.22814911729538148,nan,,
star,128,state_switch,128023,0.1,ood,selected_baseline,0.9615384615384616,0.9963446477638147,0.9955577470962086,0.9920573155099799,,
star,128,state_switch,128023,0.1,ood,candidate_calibration,,,,,0.07402332379657314,0.17844353104865063
star,128,state_switch,128023,1.1,ood,candidate,0.7692307692307693,0.9589349692979072,0.7641613745386627,0.8401677806262589,,
star,128,state_switch,128023,1.1,ood,activity,0.6153846153846154,0.6109582334538035,0.7256840091150146,0.6278268632118659,,
star,128,state_switch,128023,1.1,ood,local_error,0.6538461538461539,0.9098135430552537,0.7433129818505333,0.5123260391869621,,
star,128,state_switch,128023,1.1,ood,degree,0.19230769230769232,0.3596155796014385,0.174589127288867,0.06123958336191211,,
star,128,state_switch,128023,1.1,ood,random_expected,0.19461538461538463,0.33031074662129756,0.23019514467376204,nan,,
star,128,state_switch,128023,1.1,ood,selected_baseline,0.6153846153846154,0.6109582334538035,0.7256840091150146,0.6278268632118659,,
star,128,state_switch,128023,1.1,ood,candidate_calibration,,,,,0.13952198161948604,0.15695135666517596
star,128,state_switch,128024,0.1,ood,candidate,0.9230769230769231,0.9932264670612516,0.9872095255790908,0.9921717634132942,,
star,128,state_switch,128024,0.1,ood,activity,0.9230769230769231,0.9919556707371736,0.979762032838956,0.98955662882256,,
star,128,state_switch,128024,0.1,ood,local_error,0.5769230769230769,0.8176625873200544,0.6564071702537435,0.35186435634499175,,
star,128,state_switch,128024,0.1,ood,degree,0.15384615384615385,0.34043189213523584,0.22757430728031502,0.12848304744558028,,
star,128,state_switch,128024,0.1,ood,random_expected,0.20423076923076924,0.39799212891414887,0.22667769507404006,nan,,
star,128,state_switch,128024,0.1,ood,selected_baseline,0.9230769230769231,0.9919556707371736,0.979762032838956,0.98955662882256,,
star,128,state_switch,128024,0.1,ood,candidate_calibration,,,,,0.07510225382727725,0.20145446062749112
star,128,state_switch,128024,1.1,ood,candidate,0.8076923076923077,0.9554872820063839,0.9205797462529864,0.8774606299212597,,
star,128,state_switch,128024,1.1,ood,activity,0.7692307692307693,0.8063361881522811,0.8366202656002008,0.6426764786669108,,
star,128,state_switch,128024,1.1,ood,local_error,0.6923076923076923,0.884651353299818,0.7861741514856063,0.5884396172862113,,
star,128,state_switch,128024,1.1,ood,degree,0.19230769230769232,0.28465555953281746,0.20573416861146032,0.05643647878450723,,
star,128,state_switch,128024,1.1,ood,random_expected,0.20576923076923082,0.34986729950815115,0.2309946154200667,nan,,
star,128,state_switch,128024,1.1,ood,selected_baseline,0.7692307692307693,0.8063361881522811,0.8366202656002008,0.6426764786669108,,
star,128,state_switch,128024,1.1,ood,candidate_calibration,,,,,0.1495877809156505,0.1804919368443979
star,128,state_switch,128025,0.1,ood,candidate,0.9230769230769231,0.9853545028297478,0.9902136374284917,0.9931789049624612,,
star,128,state_switch,128025,0.1,ood,activity,0.9615384615384616,0.9880185828359253,0.9909601908682174,0.9796111060245376,,
star,128,state_switch,128025,0.1,ood,local_error,0.5,0.7522234004509621,0.5467707708846036,0.12298571690166636,,
star,128,state_switch,128025,0.1,ood,degree,0.11538461538461539,0.37615680256559675,0.23216811098972176,0.15009701804390221,,
star,128,state_switch,128025,0.1,ood,random_expected,0.19884615384615387,0.35584659426347975,0.2289817628150897,nan,,
star,128,state_switch,128025,0.1,ood,selected_baseline,0.9615384615384616,0.9880185828359253,0.9909601908682174,0.9796111060245376,,
star,128,state_switch,128025,0.1,ood,candidate_calibration,,,,,0.05605762297031891,0.16539680379502175
star,128,state_switch,128025,1.1,ood,candidate,0.7307692307692307,0.9386233819502238,0.8515321597881358,0.9283155557590184,,
star,128,state_switch,128025,1.1,ood,activity,0.7692307692307693,0.9011611450051605,0.8743783355036553,0.681623100164805,,
star,128,state_switch,128025,1.1,ood,local_error,0.6153846153846154,0.8265008135629153,0.740440643282902,0.2864917139718,,
star,128,state_switch,128025,1.1,ood,degree,0.07692307692307693,0.4423825060057592,0.2291965108356263,0.14529391346649734,,
star,128,state_switch,128025,1.1,ood,random_expected,0.19961538461538464,0.4811511289537726,0.22816919989945053,nan,,
star,128,state_switch,128025,1.1,ood,selected_baseline,0.7692307692307693,0.9011611450051605,0.8743783355036553,0.681623100164805,,
star,128,state_switch,128025,1.1,ood,candidate_calibration,,,,,0.15601751156838808,0.1742375953234691
feedback_ring,16,state_switch,16021,0.1,ood,candidate,1.0,1.0,1.0,0.988235294117647,,
feedback_ring,16,state_switch,16021,0.1,ood,activity,1.0,1.0,1.0,1.0,,
feedback_ring,16,state_switch,16021,0.1,ood,local_error,1.0,1.0,1.0,0.7529411764705882,,
feedback_ring,16,state_switch,16021,0.1,ood,degree,0.5,0.5025632730462561,0.5277777777777777,0.0,,
feedback_ring,16,state_switch,16021,0.1,ood,random_expected,0.2425,0.3965471616637941,0.3542964604839606,nan,,
feedback_ring,16,state_switch,16021,0.1,ood,selected_baseline,1.0,1.0,1.0,1.0,,
feedback_ring,16,state_switch,16021,0.1,ood,candidate_calibration,,,,,0.07081001637797657,0.2306523550629831
feedback_ring,16,state_switch,16021,1.1,ood,candidate,0.5,0.8390597390148749,0.7321428571428571,0.6911764705882353,,
feedback_ring,16,state_switch,16021,1.1,ood,activity,0.25,0.7892638274011021,0.49374999999999997,0.5294117647058824,,
feedback_ring,16,state_switch,16021,1.1,ood,local_error,0.5,0.8886085916642009,0.65,0.6911764705882353,,
feedback_ring,16,state_switch,16021,1.1,ood,degree,0.0,0.37251793968683594,0.27499999999999997,0.0,,
feedback_ring,16,state_switch,16021,1.1,ood,random_expected,0.23,0.530829288554014,0.361456037018537,nan,,
feedback_ring,16,state_switch,16021,1.1,ood,selected_baseline,0.25,0.7892638274011021,0.49374999999999997,0.5294117647058824,,
feedback_ring,16,state_switch,16021,1.1,ood,candidate_calibration,,,,,0.18351845405533462,0.2704794969946929
feedback_ring,16,state_switch,16022,0.1,ood,candidate,1.0,1.0,1.0,0.9911764705882352,,
feedback_ring,16,state_switch,16022,0.1,ood,activity,1.0,1.0,1.0,0.9911764705882352,,
feedback_ring,16,state_switch,16022,0.1,ood,local_error,1.0,0.9971264783884819,1.0,0.7676470588235293,,
feedback_ring,16,state_switch,16022,0.1,ood,degree,0.0,0.2246027370011361,0.23115079365079363,0.0,,
feedback_ring,16,state_switch,16022,0.1,ood,random_expected,0.225,0.37538089453962414,0.3579333652458652,nan,,
feedback_ring,16,state_switch,16022,0.1,ood,selected_baseline,1.0,1.0,1.0,0.9911764705882352,,
feedback_ring,16,state_switch,16022,0.1,ood,candidate_calibration,,,,,0.05974594532780258,0.21210896499431894
feedback_ring,16,state_switch,16022,1.1,ood,candidate,1.0,1.0,1.0,0.8735294117647058,,
feedback_ring,16,state_switch,16022,1.1,ood,activity,0.75,0.9466028770008926,0.8041666666666667,0.9147058823529413,,
feedback_ring,16,state_switch,16022,1.1,ood,local_error,0.75,0.9466028770008926,0.7470238095238095,0.7617647058823529,,
feedback_ring,16,state_switch,16022,1.1,ood,degree,0.0,0.1724832004925487,0.2708333333333333,0.0,,
feedback_ring,16,state_switch,16022,1.1,ood,random_expected,0.2375,0.46169455158619505,0.3572386571761571,nan,,
feedback_ring,16,state_switch,16022,1.1,ood,selected_baseline,0.75,0.9466028770008926,0.8041666666666667,0.9147058823529413,,
feedback_ring,16,state_switch,16022,1.1,ood,candidate_calibration,,,,,0.1859156217604574,0.27516504438348455
feedback_ring,16,state_switch,16023,0.1,ood,candidate,1.0,1.0,1.0,0.988235294117647,,
feedback_ring,16,state_switch,16023,0.1,ood,activity,1.0,1.0,1.0,0.9970588235294118,,
feedback_ring,16,state_switch,16023,0.1,ood,local_error,0.75,0.9246982649777831,0.8875,0.7970588235294117,,
feedback_ring,16,state_switch,16023,0.1,ood,degree,0.25,0.5055366775149494,0.4201923076923077,0.0,,
feedback_ring,16,state_switch,16023,0.1,ood,random_expected,0.25,0.5501596954811402,0.37210921717171724,nan,,
feedback_ring,16,state_switch,16023,0.1,ood,selected_baseline,1.0,1.0,1.0,0.9970588235294118,,
feedback_ring,16,state_switch,16023,0.1,ood,candidate_calibration,,,,,0.12854982824848363,0.31376700576224154
feedback_ring,16,state_switch,16023,1.1,ood,candidate,0.5,0.9652140991743118,0.7071428571428571,0.7852941176470588,,
feedback_ring,16,state_switch,16023,1.1,ood,activity,0.25,0.8057325759818904,0.5821428571428571,0.6941176470588235,,
feedback_ring,16,state_switch,16023,1.1,ood,local_error,0.25,0.7855856345983536,0.5151785714285714,0.5411764705882353,,
feedback_ring,16,state_switch,16023,1.1,ood,degree,0.0,0.4778012014822928,0.2375,0.0,,
feedback_ring,16,state_switch,16023,1.1,ood,random_expected,0.24,0.6010370595364382,0.34716788766788764,nan,,
feedback_ring,16,state_switch,16023,1.1,ood,selected_baseline,0.25,0.8057325759818904,0.5821428571428571,0.6941176470588235,,
feedback_ring,16,state_switch,16023,1.1,ood,candidate_calibration,,,,,0.19828901696648596,0.2584584434976716
feedback_ring,16,state_switch,16024,0.1,ood,candidate,0.75,0.9979438396480663,0.95,0.9676470588235294,,
feedback_ring,16,state_switch,16024,0.1,ood,activity,1.0,0.9989301147828745,1.0,0.9970588235294118,,
feedback_ring,16,state_switch,16024,0.1,ood,local_error,0.75,0.9785444460408994,0.95,0.9441176470588234,,
feedback_ring,16,state_switch,16024,0.1,ood,degree,0.75,0.9162244994789642,0.6950757575757576,0.0,,
feedback_ring,16,state_switch,16024,0.1,ood,random_expected,0.2575,0.5252618019896131,0.3829377983127983,nan,,
feedback_ring,16,state_switch,16024,0.1,ood,selected_baseline,1.0,0.9989301147828745,1.0,0.9970588235294118,,
feedback_ring,16,state_switch,16024,0.1,ood,candidate_calibration,,,,,0.13608137622352764,0.2701391363658088
feedback_ring,16,state_switch,16024,1.1,ood,candidate,0.75,0.9622894739151656,0.875,0.8647058823529412,,
feedback_ring,16,state_switch,16024,1.1,ood,activity,0.75,0.7403068664178168,0.6708333333333333,0.4705882352941176,,
feedback_ring,16,state_switch,16024,1.1,ood,local_error,0.75,0.8502217379108159,0.8041666666666667,0.5705882352941177,,
feedback_ring,16,state_switch,16024,1.1,ood,degree,0.5,0.6040510161509781,0.35,0.0,,
feedback_ring,16,state_switch,16024,1.1,ood,random_expected,0.25,0.5014428018190938,0.3717086385836385,nan,,
feedback_ring,16,state_switch,16024,1.1,ood,selected_baseline,0.75,0.7403068664178168,0.6708333333333333,0.4705882352941176,,
feedback_ring,16,state_switch,16024,1.1,ood,candidate_calibration,,,,,0.16429143936377816,0.24128896281481801
feedback_ring,16,state_switch,16025,0.1,ood,candidate,1.0,1.0,1.0,0.9941176470588234,,
feedback_ring,16,state_switch,16025,0.1,ood,activity,1.0,1.0,1.0,0.9911764705882352,,
feedback_ring,16,state_switch,16025,0.1,ood,local_error,0.75,0.9634546882484131,0.8541666666666666,0.8352941176470589,,
feedback_ring,16,state_switch,16025,0.1,ood,degree,0.25,0.4718792922265653,0.28869047619047616,0.0,,
feedback_ring,16,state_switch,16025,0.1,ood,random_expected,0.24,0.4883390029958133,0.36620749389499396,nan,,
feedback_ring,16,state_switch,16025,0.1,ood,selected_baseline,1.0,1.0,1.0,0.9911764705882352,,
feedback_ring,16,state_switch,16025,0.1,ood,candidate_calibration,,,,,0.07357335204422612,0.2491214198121717
feedback_ring,16,state_switch,16025,1.1,ood,candidate,0.5,0.9638861750590427,0.6742424242424243,0.7264705882352941,,
feedback_ring,16,state_switch,16025,1.1,ood,activity,0.75,0.48624856637207936,0.7644230769230769,0.6264705882352941,,
feedback_ring,16,state_switch,16025,1.1,ood,local_error,0.75,0.9695846069304515,0.7784090909090909,0.6794117647058824,,
feedback_ring,16,state_switch,16025,1.1,ood,degree,0.25,0.3225840230998381,0.26726190476190476,0.0,,
feedback_ring,16,state_switch,16025,1.1,ood,random_expected,0.245,0.4123736804809578,0.3691152528027527,nan,,
feedback_ring,16,state_switch,16025,1.1,ood,selected_baseline,0.75,0.48624856637207936,0.7644230769230769,0.6264705882352941,,
feedback_ring,16,state_switch,16025,1.1,ood,candidate_calibration,,,,,0.16158565431570368,0.22364783009991884
feedback_ring,64,state_switch,64021,0.1,ood,candidate,1.0,0.997786188692339,1.0,0.9871336996336993,,
feedback_ring,64,state_switch,64021,0.1,ood,activity,1.0,0.9907386835719957,1.0,0.9936813186813186,,
feedback_ring,64,state_switch,64021,0.1,ood,local_error,0.7692307692307693,0.8965282293242918,0.8571244544928756,0.6789377289377289,,
feedback_ring,64,state_switch,64021,0.1,ood,degree,0.3076923076923077,0.5957464112741856,0.4278451630877472,0.0,,
feedback_ring,64,state_switch,64021,0.1,ood,random_expected,0.20923076923076922,0.4084219030694238,0.2597730762199713,nan,,
feedback_ring,64,state_switch,64021,0.1,ood,selected_baseline,1.0,0.9907386835719957,1.0,0.9936813186813186,,
feedback_ring,64,state_switch,64021,0.1,ood,candidate_calibration,,,,,0.06271720067302194,0.20908308190664662
feedback_ring,64,state_switch,64021,1.1,ood,candidate,0.8461538461538461,0.9736983001370162,0.9395212693289617,0.8745421245421243,,
feedback_ring,64,state_switch,64021,1.1,ood,activity,0.7692307692307693,0.789716618686084,0.7438049381488295,0.7763278388278387,,
feedback_ring,64,state_switch,64021,1.1,ood,local_error,0.6923076923076923,0.8547362324851334,0.8178194612405137,0.6949175824175824,,
feedback_ring,64,state_switch,64021,1.1,ood,degree,0.15384615384615385,0.37741326005377585,0.27352822504675,0.0,,
feedback_ring,64,state_switch,64021,1.1,ood,random_expected,0.17538461538461536,0.3624428973898015,0.24120907484986737,nan,,
feedback_ring,64,state_switch,64021,1.1,ood,selected_baseline,0.7692307692307693,0.789716618686084,0.7438049381488295,0.7763278388278387,,
feedback_ring,64,state_switch,64021,1.1,ood,candidate_calibration,,,,,0.14130604667456537,0.21070144060523252
feedback_ring,64,state_switch,64022,0.1,ood,candidate,0.9230769230769231,0.9974088752122408,0.9855769230769231,0.9954670329670329,,
feedback_ring,64,state_switch,64022,0.1,ood,activity,1.0,0.998890357593332,1.0,0.9945512820512821,,
feedback_ring,64,state_switch,64022,0.1,ood,local_error,0.6923076923076923,0.9318226594627556,0.8963394062078271,0.7462454212454213,,
feedback_ring,64,state_switch,64022,0.1,ood,degree,0.15384615384615385,0.48114606557413175,0.3495738055657344,0.0,,
feedback_ring,64,state_switch,64022,0.1,ood,random_expected,0.2061538461538461,0.4082341897475545,0.252018933817448,nan,,
feedback_ring,64,state_switch,64022,0.1,ood,selected_baseline,1.0,0.998890357593332,1.0,0.9945512820512821,,
feedback_ring,64,state_switch,64022,0.1,ood,candidate_calibration,,,,,0.12737117862679076,0.26635212477523373
feedback_ring,64,state_switch,64022,1.1,ood,candidate,0.6923076923076923,0.9160806784315814,0.8478096997601642,0.7969780219780219,,
feedback_ring,64,state_switch,64022,1.1,ood,activity,0.6923076923076923,0.8345152067561089,0.7564193742765172,0.7831959706959707,,
feedback_ring,64,state_switch,64022,1.1,ood,local_error,0.8461538461538461,0.8952544901502661,0.7778055092436365,0.7584249084249083,,
feedback_ring,64,state_switch,64022,1.1,ood,degree,0.23076923076923078,0.522022051231262,0.3412610943248595,0.0,,
feedback_ring,64,state_switch,64022,1.1,ood,random_expected,0.19692307692307687,0.40546270635647985,0.24509233373624237,nan,,
feedback_ring,64,state_switch,64022,1.1,ood,selected_baseline,0.6923076923076923,0.8345152067561089,0.7564193742765172,0.7831959706959707,,
feedback_ring,64,state_switch,64022,1.1,ood,candidate_calibration,,,,,0.15467399994185832,0.18390147886111888
feedback_ring,64,state_switch,64023,0.1,ood,candidate,0.9230769230769231,0.9970044115763831,0.9945054945054945,0.9924908424908423,,
feedback_ring,64,state_switch,64023,0.1,ood,activity,0.9230769230769231,0.9979414462418249,0.9945054945054945,0.9962912087912087,,
feedback_ring,64,state_switch,64023,0.1,ood,local_error,0.7692307692307693,0.9363514843982625,0.8608046923836399,0.7256868131868132,,
feedback_ring,64,state_switch,64023,0.1,ood,degree,0.23076923076923078,0.3267594274584432,0.21549886251993483,0.0,,
feedback_ring,64,state_switch,64023,0.1,ood,random_expected,0.18461538461538463,0.3468475687101893,0.2358425816923009,nan,,
feedback_ring,64,state_switch,64023,0.1,ood,selected_baseline,0.9230769230769231,0.9979414462418249,0.9945054945054945,0.9962912087912087,,
feedback_ring,64,state_switch,64023,0.1,ood,candidate_calibration,,,,,0.0689760651968915,0.20940195422608066
feedback_ring,64,state_switch,64023,1.1,ood,candidate,0.6923076923076923,0.9667185238732668,0.8263835493711654,0.6972527472527471,,
feedback_ring,64,state_switch,64023,1.1,ood,activity,0.7692307692307693,0.5640182167668099,0.8255072999742734,0.7232142857142856,,
feedback_ring,64,state_switch,64023,1.1,ood,local_error,0.6923076923076923,0.876627177259056,0.8068993223970599,0.6268772893772893,,
feedback_ring,64,state_switch,64023,1.1,ood,degree,0.15384615384615385,0.22140111869513462,0.1773969213725867,0.0,,
feedback_ring,64,state_switch,64023,1.1,ood,random_expected,0.20769230769230768,0.2994020183217486,0.2517006410319699,nan,,
feedback_ring,64,state_switch,64023,1.1,ood,selected_baseline,0.7692307692307693,0.5640182167668099,0.8255072999742734,0.7232142857142856,,
feedback_ring,64,state_switch,64023,1.1,ood,candidate_calibration,,,,,0.13755372514437147,0.1713155262460208
feedback_ring,64,state_switch,64024,0.1,ood,candidate,0.9230769230769231,0.9940411746576551,0.9885883347421809,0.9952838827838826,,
feedback_ring,64,state_switch,64024,0.1,ood,activity,0.9230769230769231,0.9981810380139594,0.9885883347421809,0.9961996336996336,,
feedback_ring,64,state_switch,64024,0.1,ood,local_error,0.6923076923076923,0.9146256695938153,0.8013433447643972,0.7739468864468864,,
feedback_ring,64,state_switch,64024,0.1,ood,degree,0.23076923076923078,0.45471126216171054,0.32423415556864915,0.0,,
feedback_ring,64,state_switch,64024,0.1,ood,random_expected,0.19384615384615383,0.34444251134102594,0.2529486582689841,nan,,
feedback_ring,64,state_switch,64024,0.1,ood,selected_baseline,0.9230769230769231,0.9981810380139594,0.9885883347421809,0.9961996336996336,,
feedback_ring,64,state_switch,64024,0.1,ood,candidate_calibration,,,,,0.06943292585033228,0.17206537457819948
feedback_ring,64,state_switch,64024,1.1,ood,candidate,0.6923076923076923,0.8786090269593082,0.7922386992225048,0.7573717948717948,,
feedback_ring,64,state_switch,64024,1.1,ood,activity,0.7692307692307693,0.8101318944982238,0.8238702031212153,0.765613553113553,,
feedback_ring,64,state_switch,64024,1.1,ood,local_error,0.6923076923076923,0.9132920590938635,0.7934538680692527,0.7016941391941391,,
feedback_ring,64,state_switch,64024,1.1,ood,degree,0.15384615384615385,0.389372986357636,0.25928844644452753,0.0,,
feedback_ring,64,state_switch,64024,1.1,ood,random_expected,0.18846153846153843,0.32753878366598665,0.23797842280216802,nan,,
feedback_ring,64,state_switch,64024,1.1,ood,selected_baseline,0.7692307692307693,0.8101318944982238,0.8238702031212153,0.765613553113553,,
feedback_ring,64,state_switch,64024,1.1,ood,candidate_calibration,,,,,0.1466245761318132,0.17746074993835706
feedback_ring,64,state_switch,64025,0.1,ood,candidate,0.9230769230769231,0.9976953054376236,0.9855769230769231,0.9902014652014651,,
feedback_ring,64,state_switch,64025,0.1,ood,activity,1.0,0.9990936035044309,1.0,0.9949175824175823,,
feedback_ring,64,state_switch,64025,0.1,ood,local_error,0.8461538461538461,0.9424496733238577,0.9034483490365842,0.723489010989011,,
feedback_ring,64,state_switch,64025,0.1,ood,degree,0.15384615384615385,0.422182966673335,0.21097950724336575,0.0,,
feedback_ring,64,state_switch,64025,0.1,ood,random_expected,0.21538461538461537,0.37959059539017553,0.2522431233813242,nan,,
feedback_ring,64,state_switch,64025,0.1,ood,selected_baseline,1.0,0.9990936035044309,1.0,0.9949175824175823,,
feedback_ring,64,state_switch,64025,0.1,ood,candidate_calibration,,,,,0.05981663873722318,0.19269851611869382
feedback_ring,64,state_switch,64025,1.1,ood,candidate,0.6153846153846154,0.9143990651002369,0.7872419101804409,0.8124542124542123,,
feedback_ring,64,state_switch,64025,1.1,ood,activity,0.6923076923076923,0.8030503484712825,0.8047779050955094,0.8521978021978021,,
feedback_ring,64,state_switch,64025,1.1,ood,local_error,0.7692307692307693,0.8933172128434239,0.8647208774997821,0.7469322344322343,,
feedback_ring,64,state_switch,64025,1.1,ood,degree,0.15384615384615385,0.4665090815991511,0.17247286168734238,0.0,,
feedback_ring,64,state_switch,64025,1.1,ood,random_expected,0.19999999999999996,0.39846521055415285,0.24757540325936336,nan,,
feedback_ring,64,state_switch,64025,1.1,ood,selected_baseline,0.6923076923076923,0.8030503484712825,0.8047779050955094,0.8521978021978021,,
feedback_ring,64,state_switch,64025,1.1,ood,candidate_calibration,,,,,0.15601975852793754,0.19157369335998786
feedback_ring,128,state_switch,128021,0.1,ood,candidate,0.9615384615384616,0.9990134459988222,0.9985754985754985,0.9950272386009887,,
feedback_ring,128,state_switch,128021,0.1,ood,activity,0.9615384615384616,0.9973239453137348,0.9945419302183228,0.9955136421900751,,
feedback_ring,128,state_switch,128021,0.1,ood,local_error,0.7692307692307693,0.9514864743394442,0.8511043455991065,0.785467405237136,,
feedback_ring,128,state_switch,128021,0.1,ood,degree,0.23076923076923078,0.48443078185075616,0.3010020316004739,0.0,,
feedback_ring,128,state_switch,128021,0.1,ood,random_expected,0.19961538461538464,0.38495025436735375,0.2251591679514122,nan,,
feedback_ring,128,state_switch,128021,0.1,ood,selected_baseline,0.9615384615384616,0.9973239453137348,0.9945419302183228,0.9955136421900751,,
feedback_ring,128,state_switch,128021,0.1,ood,candidate_calibration,,,,,0.08507372998050378,0.23793361255509832
feedback_ring,128,state_switch,128021,1.1,ood,candidate,0.8076923076923077,0.9769681172150504,0.7817799196180346,0.7775991118842702,,
feedback_ring,128,state_switch,128021,1.1,ood,activity,0.5769230769230769,0.4821245016301749,0.6228117060921126,0.7873729628273209,,
feedback_ring,128,state_switch,128021,1.1,ood,local_error,0.5384615384615384,0.8582292094516265,0.5527138162810633,0.6765416132576452,,
feedback_ring,128,state_switch,128021,1.1,ood,degree,0.3076923076923077,0.38930045055907037,0.32967513723325553,0.0,,
feedback_ring,128,state_switch,128021,1.1,ood,random_expected,0.19269230769230775,0.3074417261665515,0.2199708564946043,nan,,
feedback_ring,128,state_switch,128021,1.1,ood,selected_baseline,0.5769230769230769,0.4821245016301749,0.6228117060921126,0.7873729628273209,,
feedback_ring,128,state_switch,128021,1.1,ood,candidate_calibration,,,,,0.15191922951163728,0.1781297703293378
feedback_ring,128,state_switch,128022,0.1,ood,candidate,0.9615384615384616,0.9981873788663665,0.9897286637746215,0.9942146584874564,,
feedback_ring,128,state_switch,128022,0.1,ood,activity,0.9615384615384616,0.9959181452537111,0.9955577470962086,0.9963433894891045,,
feedback_ring,128,state_switch,128022,0.1,ood,local_error,0.7307692307692307,0.9383279957471934,0.8648261731301309,0.7782972440944882,,
feedback_ring,128,state_switch,128022,0.1,ood,degree,0.11538461538461539,0.30815272479437694,0.16592841807809974,0.0,,
feedback_ring,128,state_switch,128022,0.1,ood,random_expected,0.19692307692307698,0.37502125930112823,0.22462473810391656,nan,,
feedback_ring,128,state_switch,128022,0.1,ood,selected_baseline,0.9615384615384616,0.9959181452537111,0.9955577470962086,0.9963433894891045,,
feedback_ring,128,state_switch,128022,0.1,ood,candidate_calibration,,,,,0.07175084678986379,0.20103110404962768
feedback_ring,128,state_switch,128022,1.1,ood,candidate,0.7692307692307693,0.9373990337905194,0.7834683001532472,0.6528623420618934,,
feedback_ring,128,state_switch,128022,1.1,ood,activity,0.6153846153846154,0.7586541832821865,0.6852673042941363,0.7382633675151071,,
feedback_ring,128,state_switch,128022,1.1,ood,local_error,0.6153846153846154,0.8281768034814498,0.6611277306189481,0.7261318897637794,,
feedback_ring,128,state_switch,128022,1.1,ood,degree,0.15384615384615385,0.3508325623577714,0.1679158107918637,0.0,,
feedback_ring,128,state_switch,128022,1.1,ood,random_expected,0.2,0.4006010197533216,0.22982787409900582,nan,,
feedback_ring,128,state_switch,128022,1.1,ood,selected_baseline,0.6153846153846154,0.7586541832821865,0.6852673042941363,0.7382633675151071,,
feedback_ring,128,state_switch,128022,1.1,ood,candidate_calibration,,,,,0.1553552839960226,0.14774085139407306
feedback_ring,128,state_switch,128023,0.1,ood,candidate,0.9615384615384616,0.9929493006289496,0.9664777150625098,0.9866725416590368,,
feedback_ring,128,state_switch,128023,0.1,ood,activity,0.9615384615384616,0.997222789503264,0.9972527472527472,0.9965551181102361,,
feedback_ring,128,state_switch,128023,0.1,ood,local_error,0.8076923076923077,0.9461386371884943,0.8809999198298625,0.7970209210767258,,
feedback_ring,128,state_switch,128023,0.1,ood,degree,0.15384615384615385,0.3904819149523194,0.22707189730114846,0.0,,
feedback_ring,128,state_switch,128023,0.1,ood,random_expected,0.21961538461538463,0.38305441411903796,0.24030405794628526,nan,,
feedback_ring,128,state_switch,128023,0.1,ood,selected_baseline,0.9615384615384616,0.997222789503264,0.9972527472527472,0.9965551181102361,,
feedback_ring,128,state_switch,128023,0.1,ood,candidate_calibration,,,,,0.0709074270623535,0.19215625229091915
feedback_ring,128,state_switch,128023,1.1,ood,candidate,0.8461538461538461,0.9649146379342193,0.8971634340630937,0.7410845083318073,,
feedback_ring,128,state_switch,128023,1.1,ood,activity,0.6153846153846154,0.6377744965027496,0.6506887704537885,0.7597795733382163,,
feedback_ring,128,state_switch,128023,1.1,ood,local_error,0.5384615384615384,0.8533758795061418,0.6120590891423281,0.5748374839772935,,
feedback_ring,128,state_switch,128023,1.1,ood,degree,0.23076923076923078,0.30075725504852524,0.21397288303358897,0.0,,
feedback_ring,128,state_switch,128023,1.1,ood,random_expected,0.20769230769230773,0.3051562921164765,0.23440039091191917,nan,,
feedback_ring,128,state_switch,128023,1.1,ood,selected_baseline,0.6153846153846154,0.6377744965027496,0.6506887704537885,0.7597795733382163,,
feedback_ring,128,state_switch,128023,1.1,ood,candidate_calibration,,,,,0.13670500110232586,0.18278105197354497
feedback_ring,128,state_switch,128024,0.1,ood,candidate,0.9230769230769231,0.9978644907654057,0.9890642121411353,0.9933734663980957,,
feedback_ring,128,state_switch,128024,0.1,ood,activity,0.8846153846153846,0.9973001661993987,0.9845499136878448,0.9961545504486357,,
feedback_ring,128,state_switch,128024,0.1,ood,local_error,0.7307692307692307,0.9191542955262278,0.8310007043586641,0.7593904504669474,,
feedback_ring,128,state_switch,128024,0.1,ood,degree,0.11538461538461539,0.32899480488488037,0.2194417757568704,0.0,,
feedback_ring,128,state_switch,128024,0.1,ood,random_expected,0.2126923076923077,0.4089506935875844,0.23486566595253777,nan,,
feedback_ring,128,state_switch,128024,0.1,ood,selected_baseline,0.8846153846153846,0.9973001661993987,0.9845499136878448,0.9961545504486357,,
feedback_ring,128,state_switch,128024,0.1,ood,candidate_calibration,,,,,0.07458255373774725,0.20751878846304792
feedback_ring,128,state_switch,128024,1.1,ood,candidate,0.7692307692307693,0.9461105493259644,0.8448408594253304,0.7603518128547885,,
feedback_ring,128,state_switch,128024,1.1,ood,activity,0.6923076923076923,0.7085195462122721,0.8312807444612849,0.7954358176158212,,
feedback_ring,128,state_switch,128024,1.1,ood,local_error,0.6153846153846154,0.8556176356320736,0.7394743212427026,0.7192879051455776,,
feedback_ring,128,state_switch,128024,1.1,ood,degree,0.038461538461538464,0.2669789895376711,0.16093066849837845,0.0,,
feedback_ring,128,state_switch,128024,1.1,ood,random_expected,0.20538461538461544,0.3608274621321395,0.23798903220352163,nan,,
feedback_ring,128,state_switch,128024,1.1,ood,selected_baseline,0.6923076923076923,0.7085195462122721,0.8312807444612849,0.7954358176158212,,
feedback_ring,128,state_switch,128024,1.1,ood,candidate_calibration,,,,,0.1519883981185657,0.16769966199192166
feedback_ring,128,state_switch,128025,0.1,ood,candidate,0.9615384615384616,0.9986825591040958,0.9955577470962086,0.994243270463285,,
feedback_ring,128,state_switch,128025,0.1,ood,activity,0.9230769230769231,0.9976099191758827,0.9912627187627188,0.9965150613440761,,
feedback_ring,128,state_switch,128025,0.1,ood,local_error,0.6538461538461539,0.9200464095473624,0.8291307453473562,0.7559570133675151,,
feedback_ring,128,state_switch,128025,0.1,ood,degree,0.11538461538461539,0.37632982792481856,0.2159279032289229,0.0,,
feedback_ring,128,state_switch,128025,0.1,ood,random_expected,0.19153846153846155,0.37008407314640523,0.22547701949655072,nan,,
feedback_ring,128,state_switch,128025,0.1,ood,selected_baseline,0.9230769230769231,0.9976099191758827,0.9912627187627188,0.9965150613440761,,
feedback_ring,128,state_switch,128025,0.1,ood,candidate_calibration,,,,,0.06704260056374967,0.19420969908881167
feedback_ring,128,state_switch,128025,1.1,ood,candidate,0.7307692307692307,0.9462486563926997,0.8504840942231282,0.7272649240065922,,
feedback_ring,128,state_switch,128025,1.1,ood,activity,0.6153846153846154,0.7590179827692396,0.6878608131826783,0.7831727247756821,,
feedback_ring,128,state_switch,128025,1.1,ood,local_error,0.5769230769230769,0.8546356809359675,0.6782414628313458,0.690263916865043,,
feedback_ring,128,state_switch,128025,1.1,ood,degree,0.15384615384615385,0.35414749207557783,0.22500354632261563,0.0,,
feedback_ring,128,state_switch,128025,1.1,ood,random_expected,0.21384615384615388,0.38460128152739154,0.24012946786554884,nan,,
feedback_ring,128,state_switch,128025,1.1,ood,selected_baseline,0.6153846153846154,0.7590179827692396,0.6878608131826783,0.7831727247756821,,
feedback_ring,128,state_switch,128025,1.1,ood,candidate_calibration,,,,,0.15578540128766744,0.18805902451196488
modular_sparse,16,state_switch,16021,0.1,ood,candidate,1.0,1.0,1.0,0.9852941176470588,,
modular_sparse,16,state_switch,16021,0.1,ood,activity,1.0,1.0,1.0,0.9970588235294118,,
modular_sparse,16,state_switch,16021,0.1,ood,local_error,0.75,0.9949126313683309,0.9166666666666666,0.7794117647058825,,
modular_sparse,16,state_switch,16021,0.1,ood,degree,0.25,0.28209898249600474,0.29775641025641025,-0.11234444518590588,,
modular_sparse,16,state_switch,16021,0.1,ood,random_expected,0.2575,0.4072820235085243,0.3891345806970806,nan,,
modular_sparse,16,state_switch,16021,0.1,ood,selected_baseline,1.0,1.0,1.0,0.9970588235294118,,
modular_sparse,16,state_switch,16021,0.1,ood,candidate_calibration,,,,,0.06561151824547727,0.22189360816503148
modular_sparse,16,state_switch,16021,1.1,ood,candidate,0.5,0.8789130065585554,0.7611111111111111,0.7000000000000001,,
modular_sparse,16,state_switch,16021,1.1,ood,activity,0.5,0.858061808430057,0.5769230769230769,0.6970588235294117,,
modular_sparse,16,state_switch,16021,1.1,ood,local_error,0.5,0.8957069075750669,0.6071428571428572,0.8029411764705883,,
modular_sparse,16,state_switch,16021,1.1,ood,degree,0.5,0.5532949438370337,0.3929924242424242,0.04730292428880247,,
modular_sparse,16,state_switch,16021,1.1,ood,random_expected,0.2725,0.5634620320801604,0.3849863955488955,nan,,
modular_sparse,16,state_switch,16021,1.1,ood,selected_baseline,0.5,0.858061808430057,0.5769230769230769,0.6970588235294117,,
modular_sparse,16,state_switch,16021,1.1,ood,candidate_calibration,,,,,0.19539007656580554,0.2556466284367647
modular_sparse,16,state_switch,16022,0.1,ood,candidate,1.0,1.0,1.0,0.9941176470588234,,
modular_sparse,16,state_switch,16022,0.1,ood,activity,1.0,1.0,1.0,0.9970588235294118,,
modular_sparse,16,state_switch,16022,0.1,ood,local_error,0.75,0.9171265618662379,0.8303571428571428,0.6764705882352942,,
modular_sparse,16,state_switch,16022,0.1,ood,degree,0.5,0.6276059893280876,0.36607142857142855,0.06973570091196969,,
modular_sparse,16,state_switch,16022,0.1,ood,random_expected,0.245,0.3828863059197774,0.357060051060051,nan,,
modular_sparse,16,state_switch,16022,0.1,ood,selected_baseline,1.0,1.0,1.0,0.9970588235294118,,
modular_sparse,16,state_switch,16022,0.1,ood,candidate_calibration,,,,,0.058429589912045554,0.21136258864232635
modular_sparse,16,state_switch,16022,1.1,ood,candidate,1.0,1.0,1.0,0.8647058823529412,,
modular_sparse,16,state_switch,16022,1.1,ood,activity,0.75,0.956472348411564,0.8875,0.9205882352941176,,
modular_sparse,16,state_switch,16022,1.1,ood,local_error,0.75,0.9320296719467747,0.7470238095238095,0.7588235294117647,,
modular_sparse,16,state_switch,16022,1.1,ood,degree,0.25,0.6197609011673497,0.28273809523809523,0.14095514014121532,,
modular_sparse,16,state_switch,16022,1.1,ood,random_expected,0.255,0.5016904903398751,0.3803144078144078,nan,,
modular_sparse,16,state_switch,16022,1.1,ood,selected_baseline,0.75,0.956472348411564,0.8875,0.9205882352941176,,
modular_sparse,16,state_switch,16022,1.1,ood,candidate_calibration,,,,,0.18984823106163584,0.27865487226786295
modular_sparse,16,state_switch,16023,0.1,ood,candidate,1.0,0.9999529047053966,1.0,0.9941176470588234,,
modular_sparse,16,state_switch,16023,0.1,ood,activity,1.0,0.9999529047053966,1.0,0.9970588235294118,,
modular_sparse,16,state_switch,16023,0.1,ood,local_error,0.75,0.9241183890567447,0.8875,0.8029411764705883,,
modular_sparse,16,state_switch,16023,0.1,ood,degree,0.0,0.3565956675632941,0.21666666666666667,-0.22901052472197977,,
modular_sparse,16,state_switch,16023,0.1,ood,random_expected,0.2425,0.5413390242053319,0.36592399267399267,nan,,
modular_sparse,16,state_switch,16023,0.1,ood,selected_baseline,1.0,0.9999529047053966,1.0,0.9970588235294118,,
modular_sparse,16,state_switch,16023,0.1,ood,candidate_calibration,,,,,0.11207111075701322,0.299114151564181
modular_sparse,16,state_switch,16023,1.1,ood,candidate,1.0,0.998405919776333,1.0,0.7852941176470588,,
modular_sparse,16,state_switch,16023,1.1,ood,activity,0.0,0.6715016254520014,0.3151785714285714,0.6470588235294118,,
modular_sparse,16,state_switch,16023,1.1,ood,local_error,0.0,0.7168913290401996,0.2641233766233766,0.4735294117647058,,
modular_sparse,16,state_switch,16023,1.1,ood,degree,0.25,0.47079563158317744,0.3410714285714286,0.010409569305544538,,
modular_sparse,16,state_switch,16023,1.1,ood,random_expected,0.2975,0.5831812489598761,0.38253021284271294,nan,,
modular_sparse,16,state_switch,16023,1.1,ood,selected_baseline,0.0,0.6715016254520014,0.3151785714285714,0.6470588235294118,,
modular_sparse,16,state_switch,16023,1.1,ood,candidate_calibration,,,,,0.20257327922408158,0.2765294615297107
modular_sparse,16,state_switch,16024,0.1,ood,candidate,0.75,0.993438557811302,0.95,0.9676470588235294,,
modular_sparse,16,state_switch,16024,0.1,ood,activity,1.0,0.9987672730459772,1.0,0.9941176470588234,,
modular_sparse,16,state_switch,16024,0.1,ood,local_error,0.75,0.9662152296685271,0.8875,0.8970588235294116,,
modular_sparse,16,state_switch,16024,0.1,ood,degree,0.5,0.6833652590612789,0.47632575757575757,0.29251547921862675,,
modular_sparse,16,state_switch,16024,0.1,ood,random_expected,0.24,0.5283354392989854,0.3660276112776113,nan,,
modular_sparse,16,state_switch,16024,0.1,ood,selected_baseline,1.0,0.9987672730459772,1.0,0.9941176470588234,,
modular_sparse,16,state_switch,16024,0.1,ood,candidate_calibration,,,,,0.13314377005734018,0.2706561304653668
modular_sparse,16,state_switch,16024,1.1,ood,candidate,0.75,0.9885700998180146,0.8928571428571428,0.8941176470588235,,
modular_sparse,16,state_switch,16024,1.1,ood,activity,0.75,0.7750122695513908,0.675595238095238,0.5588235294117647,,
modular_sparse,16,state_switch,16024,1.1,ood,local_error,0.75,0.8490552169810369,0.8041666666666667,0.65,,
modular_sparse,16,state_switch,16024,1.1,ood,degree,0.5,0.6240690911149184,0.3598484848484848,0.16927291690824087,,
modular_sparse,16,state_switch,16024,1.1,ood,random_expected,0.25,0.5056392217914072,0.3625175657675657,nan,,
modular_sparse,16,state_switch,16024,1.1,ood,selected_baseline,0.75,0.7750122695513908,0.675595238095238,0.5588235294117647,,
modular_sparse,16,state_switch,16024,1.1,ood,candidate_calibration,,,,,0.1641376448329107,0.2429830054527613
modular_sparse,16,state_switch,16025,0.1,ood,candidate,1.0,1.0,1.0,0.9970588235294118,,
modular_sparse,16,state_switch,16025,0.1,ood,activity,1.0,1.0,1.0,0.9970588235294118,,
modular_sparse,16,state_switch,16025,0.1,ood,local_error,0.75,0.9781249806908199,0.95,0.8558823529411764,,
modular_sparse,16,state_switch,16025,0.1,ood,degree,0.25,0.4104439355112753,0.44940476190476186,-0.1697428530618516,,
modular_sparse,16,state_switch,16025,0.1,ood,random_expected,0.255,0.49679349885679014,0.3621655844155844,nan,,
modular_sparse,16,state_switch,16025,0.1,ood,selected_baseline,1.0,1.0,1.0,0.9970588235294118,,
modular_sparse,16,state_switch,16025,0.1,ood,candidate_calibration,,,,,0.08177147040507146,0.25950800352959835
modular_sparse,16,state_switch,16025,1.1,ood,candidate,0.75,0.9645013391889545,0.85,0.8382352941176471,,
modular_sparse,16,state_switch,16025,1.1,ood,activity,0.5,0.4693445107281454,0.6185897435897436,0.5,,
modular_sparse,16,state_switch,16025,1.1,ood,local_error,0.5,0.9210033570310149,0.7611111111111111,0.5617647058823529,,
modular_sparse,16,state_switch,16025,1.1,ood,degree,0.0,0.1582423847927231,0.2595238095238095,-0.24354409352352618,,
modular_sparse,16,state_switch,16025,1.1,ood,random_expected,0.25,0.38633822826657593,0.3764932151182151,nan,,
modular_sparse,16,state_switch,16025,1.1,ood,selected_baseline,0.5,0.4693445107281454,0.6185897435897436,0.5,,
modular_sparse,16,state_switch,16025,1.1,ood,candidate_calibration,,,,,0.15930984154409028,0.23028711386356143
modular_sparse,64,state_switch,64021,0.1,ood,candidate,1.0,0.9993598485822854,1.0,0.9890567765567765,,
modular_sparse,64,state_switch,64021,0.1,ood,activity,1.0,0.9893114894848496,1.0,0.994642857142857,,
modular_sparse,64,state_switch,64021,0.1,ood,local_error,0.7692307692307693,0.9286097714637273,0.8900210900210902,0.8688186813186811,,
modular_sparse,64,state_switch,64021,0.1,ood,degree,0.15384615384615385,0.4083622941935686,0.2843416389190077,-0.025490399978670572,,
modular_sparse,64,state_switch,64021,0.1,ood,random_expected,0.20230769230769227,0.39942502389013,0.25642968733557864,nan,,
modular_sparse,64,state_switch,64021,0.1,ood,selected_baseline,1.0,0.9893114894848496,1.0,0.994642857142857,,
modular_sparse,64,state_switch,64021,0.1,ood,candidate_calibration,,,,,0.06026617199645562,0.20711392788503083
modular_sparse,64,state_switch,64021,1.1,ood,candidate,0.9230769230769231,0.9884013801783182,0.9704231665770127,0.891529304029304,,
modular_sparse,64,state_switch,64021,1.1,ood,activity,0.5384615384615384,0.6891786611197187,0.6669862189092958,0.8425824175824175,,
modular_sparse,64,state_switch,64021,1.1,ood,local_error,0.7692307692307693,0.9188050484936289,0.808083583083583,0.8082875457875458,,
modular_sparse,64,state_switch,64021,1.1,ood,degree,0.15384615384615385,0.38672241406364144,0.25761266128680405,-0.0102602867838674,,
modular_sparse,64,state_switch,64021,1.1,ood,random_expected,0.18999999999999997,0.3344097796813703,0.23781328545636518,nan,,
modular_sparse,64,state_switch,64021,1.1,ood,selected_baseline,0.5384615384615384,0.6891786611197187,0.6669862189092958,0.8425824175824175,,
modular_sparse,64,state_switch,64021,1.1,ood,candidate_calibration,,,,,0.140855278667669,0.20865303325515444
modular_sparse,64,state_switch,64022,0.1,ood,candidate,1.0,0.9971509191952875,1.0,0.9969780219780219,,
modular_sparse,64,state_switch,64022,0.1,ood,activity,0.9230769230769231,0.9993176132325007,0.9945054945054945,0.9965201465201465,,
modular_sparse,64,state_switch,64022,0.1,ood,local_error,0.6923076923076923,0.9447424799350924,0.8681745155429366,0.8853479853479852,,
modular_sparse,64,state_switch,64022,0.1,ood,degree,0.15384615384615385,0.33574415169833755,0.23286449059530262,0.03318675560289255,,
modular_sparse,64,state_switch,64022,0.1,ood,random_expected,0.20153846153846153,0.3995778681271142,0.24880468222053095,nan,,
modular_sparse,64,state_switch,64022,0.1,ood,selected_baseline,0.9230769230769231,0.9993176132325007,0.9945054945054945,0.9965201465201465,,
modular_sparse,64,state_switch,64022,0.1,ood,candidate_calibration,,,,,0.11390643381353947,0.25591288698088605
modular_sparse,64,state_switch,64022,1.1,ood,candidate,0.8461538461538461,0.9365286653456334,0.9395212693289617,0.6812271062271061,,
modular_sparse,64,state_switch,64022,1.1,ood,activity,0.46153846153846156,0.7355004729562885,0.6145659647258112,0.7962912087912087,,
modular_sparse,64,state_switch,64022,1.1,ood,local_error,0.5384615384615384,0.8740964519551905,0.6930399665693783,0.8191849816849817,,
modular_sparse,64,state_switch,64022,1.1,ood,degree,0.23076923076923078,0.31564628385053006,0.2765469121703307,0.08792543461663525,,
modular_sparse,64,state_switch,64022,1.1,ood,random_expected,0.20230769230769227,0.378235836941219,0.25397857713580807,nan,,
modular_sparse,64,state_switch,64022,1.1,ood,selected_baseline,0.46153846153846156,0.7355004729562885,0.6145659647258112,0.7962912087912087,,
modular_sparse,64,state_switch,64022,1.1,ood,candidate_calibration,,,,,0.15435096553835775,0.21431810092270315
modular_sparse,64,state_switch,64023,0.1,ood,candidate,1.0,0.9957867745702769,1.0,0.9955586080586079,,
modular_sparse,64,state_switch,64023,0.1,ood,activity,1.0,0.9994328552105187,1.0,0.9959249084249083,,
modular_sparse,64,state_switch,64023,0.1,ood,local_error,0.8461538461538461,0.9413146864264359,0.9153126076202999,0.8610805860805861,,
modular_sparse,64,state_switch,64023,0.1,ood,degree,0.07692307692307693,0.38716069687937527,0.2179715146414695,0.24396052818223274,,
modular_sparse,64,state_switch,64023,0.1,ood,random_expected,0.21153846153846154,0.37275037295736113,0.25766542960438016,nan,,
modular_sparse,64,state_switch,64023,0.1,ood,selected_baseline,1.0,0.9994328552105187,1.0,0.9959249084249083,,
modular_sparse,64,state_switch,64023,0.1,ood,candidate_calibration,,,,,0.06653436907313337,0.20811820727218056
modular_sparse,64,state_switch,64023,1.1,ood,candidate,0.7692307692307693,0.9843531058208365,0.9467157842157843,0.8339285714285714,,
modular_sparse,64,state_switch,64023,1.1,ood,activity,0.6923076923076923,0.5770829512872988,0.7742225547202922,0.7782509157509157,,
modular_sparse,64,state_switch,64023,1.1,ood,local_error,0.6923076923076923,0.9479705206120586,0.8226707671545728,0.7544871794871794,,
modular_sparse,64,state_switch,64023,1.1,ood,degree,0.15384615384615385,0.29026029403243947,0.25583238498973826,0.19637746289570376,,
modular_sparse,64,state_switch,64023,1.1,ood,random_expected,0.21307692307692305,0.3006341222351601,0.2536925840110107,nan,,
modular_sparse,64,state_switch,64023,1.1,ood,selected_baseline,0.6923076923076923,0.5770829512872988,0.7742225547202922,0.7782509157509157,,
modular_sparse,64,state_switch,64023,1.1,ood,candidate_calibration,,,,,0.1359869844669061,0.20148744930817086
modular_sparse,64,state_switch,64024,0.1,ood,candidate,0.9230769230769231,0.9993198039362663,0.9945054945054945,0.9935439560439557,,
modular_sparse,64,state_switch,64024,0.1,ood,activity,1.0,0.9995148129624665,1.0,0.9984432234432232,,
modular_sparse,64,state_switch,64024,0.1,ood,local_error,0.9230769230769231,0.9803541622309397,0.9819004524886878,0.894551282051282,,
modular_sparse,64,state_switch,64024,0.1,ood,degree,0.15384615384615385,0.26118702011783196,0.22510283701342182,-0.10141974161027277,,
modular_sparse,64,state_switch,64024,0.1,ood,random_expected,0.19384615384615383,0.3535974676644927,0.24520663721713087,nan,,
modular_sparse,64,state_switch,64024,0.1,ood,selected_baseline,1.0,0.9995148129624665,1.0,0.9984432234432232,,
modular_sparse,64,state_switch,64024,0.1,ood,candidate_calibration,,,,,0.07103746295078313,0.2070527243944724
modular_sparse,64,state_switch,64024,1.1,ood,candidate,0.6923076923076923,0.8912877818108252,0.6964288584978239,0.7298534798534798,,
modular_sparse,64,state_switch,64024,1.1,ood,activity,0.6923076923076923,0.8147303774206109,0.8108127166950697,0.7718406593406593,,
modular_sparse,64,state_switch,64024,1.1,ood,local_error,0.6923076923076923,0.948074763969109,0.8549433899433899,0.8384157509157508,,
modular_sparse,64,state_switch,64024,1.1,ood,degree,0.15384615384615385,0.3360497371566161,0.1834330432141686,-0.10533547333647657,,
modular_sparse,64,state_switch,64024,1.1,ood,random_expected,0.20769230769230768,0.36602555118487085,0.2509209016642113,nan,,
modular_sparse,64,state_switch,64024,1.1,ood,selected_baseline,0.6923076923076923,0.8147303774206109,0.8108127166950697,0.7718406593406593,,
modular_sparse,64,state_switch,64024,1.1,ood,candidate_calibration,,,,,0.15162101796573818,0.1676969583916964
modular_sparse,64,state_switch,64025,0.1,ood,candidate,1.0,0.9998324328532282,1.0,0.9907967032967033,,
modular_sparse,64,state_switch,64025,0.1,ood,activity,1.0,0.9998857154127173,1.0,0.9967490842490841,,
modular_sparse,64,state_switch,64025,0.1,ood,local_error,0.9230769230769231,0.9871330333230594,0.9796597633136095,0.9304029304029304,,
modular_sparse,64,state_switch,64025,0.1,ood,degree,0.07692307692307693,0.2755820669897693,0.19373510494485602,0.12447896252706762,,
modular_sparse,64,state_switch,64025,0.1,ood,random_expected,0.19769230769230767,0.37150157716186927,0.25125305253895563,nan,,
modular_sparse,64,state_switch,64025,0.1,ood,selected_baseline,1.0,0.9998857154127173,1.0,0.9967490842490841,,
modular_sparse,64,state_switch,64025,0.1,ood,candidate_calibration,,,,,0.058299616043961514,0.1945731533287691
modular_sparse,64,state_switch,64025,1.1,ood,candidate,0.6923076923076923,0.9427781983364171,0.8641280173787913,0.8255494505494504,,
modular_sparse,64,state_switch,64025,1.1,ood,activity,0.6153846153846154,0.805910161005561,0.7011856068459843,0.8842490842490842,,
modular_sparse,64,state_switch,64025,1.1,ood,local_error,0.6923076923076923,0.8896285475272114,0.8281178788531728,0.8868589743589742,,
modular_sparse,64,state_switch,64025,1.1,ood,degree,0.15384615384615385,0.3583871207638079,0.2571693630321672,0.17168248447155454,,
modular_sparse,64,state_switch,64025,1.1,ood,random_expected,0.1915384615384615,0.39051524192330184,0.2400110671090028,nan,,
modular_sparse,64,state_switch,64025,1.1,ood,selected_baseline,0.6153846153846154,0.805910161005561,0.7011856068459843,0.8842490842490842,,
modular_sparse,64,state_switch,64025,1.1,ood,candidate_calibration,,,,,0.15833671879496938,0.19131176476935657
modular_sparse,128,state_switch,128021,0.1,ood,candidate,0.9615384615384616,0.9995610445184054,0.9985754985754985,0.996967130562168,,
modular_sparse,128,state_switch,128021,0.1,ood,activity,0.9230769230769231,0.997740628321654,0.9887593153972465,0.9972189159494598,,
modular_sparse,128,state_switch,128021,0.1,ood,local_error,0.7307692307692307,0.9570559006086776,0.8261701720212546,0.8778611975828603,,
modular_sparse,128,state_switch,128021,0.1,ood,degree,0.19230769230769232,0.42607194179196684,0.2467435631340913,0.06789507047592153,,
modular_sparse,128,state_switch,128021,0.1,ood,random_expected,0.2096153846153846,0.3979875740378988,0.23829651679536126,nan,,
modular_sparse,128,state_switch,128021,0.1,ood,selected_baseline,0.9230769230769231,0.997740628321654,0.9887593153972465,0.9972189159494598,,
modular_sparse,128,state_switch,128021,0.1,ood,candidate_calibration,,,,,0.08371009036408414,0.23605662752947018
modular_sparse,128,state_switch,128021,1.1,ood,candidate,0.8076923076923077,0.9727939709803184,0.8521261057494922,0.8193096502472074,,
modular_sparse,128,state_switch,128021,1.1,ood,activity,0.6538461538461539,0.5089065246528288,0.6643187819097549,0.8492892785204176,,
modular_sparse,128,state_switch,128021,1.1,ood,local_error,0.5769230769230769,0.9204557238824176,0.6600768111394822,0.7783601904413111,,
modular_sparse,128,state_switch,128021,1.1,ood,degree,0.2692307692307692,0.31341994454138594,0.24143666778705372,0.09708657405532285,,
modular_sparse,128,state_switch,128021,1.1,ood,random_expected,0.2107692307692308,0.29566160240205197,0.23549522625036398,nan,,
modular_sparse,128,state_switch,128021,1.1,ood,selected_baseline,0.6538461538461539,0.5089065246528288,0.6643187819097549,0.8492892785204176,,
modular_sparse,128,state_switch,128021,1.1,ood,candidate_calibration,,,,,0.1514479488801933,0.19437077816201023
modular_sparse,128,state_switch,128022,0.1,ood,candidate,0.9230769230769231,0.9980998548601583,0.9799266038224845,0.9951874656656289,,
modular_sparse,128,state_switch,128022,0.1,ood,activity,0.9615384615384616,0.9966498155685796,0.990534690442717,0.9980200512726605,,
modular_sparse,128,state_switch,128022,0.1,ood,local_error,0.7692307692307693,0.9437957149228894,0.8747502901654252,0.9051455777330157,,
modular_sparse,128,state_switch,128022,0.1,ood,degree,0.23076923076923078,0.42180278384368236,0.22269591390509869,-0.11483698576467005,,
modular_sparse,128,state_switch,128022,0.1,ood,random_expected,0.2107692307692308,0.3908014763281345,0.23691791983586175,nan,,
modular_sparse,128,state_switch,128022,0.1,ood,selected_baseline,0.9615384615384616,0.9966498155685796,0.990534690442717,0.9980200512726605,,
modular_sparse,128,state_switch,128022,0.1,ood,candidate_calibration,,,,,0.0717393430850086,0.20101417823160872
modular_sparse,128,state_switch,128022,1.1,ood,candidate,0.7692307692307693,0.9571575200120044,0.7826376042310115,0.7856791338582677,,
modular_sparse,128,state_switch,128022,1.1,ood,activity,0.6538461538461539,0.7652029349258468,0.696325707718635,0.8424510162973814,,
modular_sparse,128,state_switch,128022,1.1,ood,local_error,0.7307692307692307,0.8659320764756021,0.7576821934901391,0.8546740523713605,,
modular_sparse,128,state_switch,128022,1.1,ood,degree,0.19230769230769232,0.391850330031745,0.21508230213836382,-0.12217650358009323,,
modular_sparse,128,state_switch,128022,1.1,ood,random_expected,0.20423076923076927,0.39584453656810487,0.23576139912841534,nan,,
modular_sparse,128,state_switch,128022,1.1,ood,selected_baseline,0.6538461538461539,0.7652029349258468,0.696325707718635,0.8424510162973814,,
modular_sparse,128,state_switch,128022,1.1,ood,candidate_calibration,,,,,0.1565205481264811,0.15633130108289667
modular_sparse,128,state_switch,128023,0.1,ood,candidate,0.9615384615384616,0.9962303936837427,0.9629812115660064,0.987199002014283,,
modular_sparse,128,state_switch,128023,0.1,ood,activity,0.9615384615384616,0.9970140061789867,0.9970962086346701,0.9980772752243178,,
modular_sparse,128,state_switch,128023,0.1,ood,local_error,0.7692307692307693,0.9490182624315926,0.8948095487971054,0.899365958615638,,
modular_sparse,128,state_switch,128023,0.1,ood,degree,0.11538461538461539,0.31131576367705915,0.1665714711554938,-0.035026019475482395,,
modular_sparse,128,state_switch,128023,0.1,ood,random_expected,0.2069230769230769,0.3705544229633728,0.23206630848024706,nan,,
modular_sparse,128,state_switch,128023,0.1,ood,selected_baseline,0.9615384615384616,0.9970140061789867,0.9970962086346701,0.9980772752243178,,
modular_sparse,128,state_switch,128023,0.1,ood,candidate_calibration,,,,,0.06974103482606837,0.1931874145870942
modular_sparse,128,state_switch,128023,1.1,ood,candidate,0.7692307692307693,0.9657814975566457,0.8462790857977348,0.7550585973264969,,
modular_sparse,128,state_switch,128023,1.1,ood,activity,0.6923076923076923,0.6316758991648542,0.71127796197735,0.8326714429591651,,
modular_sparse,128,state_switch,128023,1.1,ood,local_error,0.6538461538461539,0.8983282678174763,0.7476786161286556,0.7714246475004577,,
modular_sparse,128,state_switch,128023,1.1,ood,degree,0.19230769230769232,0.43251782320301435,0.23484457459801802,-0.0021919878201159737,,
modular_sparse,128,state_switch,128023,1.1,ood,random_expected,0.21192307692307694,0.29349514786111575,0.23391430814036632,nan,,
modular_sparse,128,state_switch,128023,1.1,ood,selected_baseline,0.6923076923076923,0.6316758991648542,0.71127796197735,0.8326714429591651,,
modular_sparse,128,state_switch,128023,1.1,ood,candidate_calibration,,,,,0.1381959016877679,0.17056350612363042
modular_sparse,128,state_switch,128024,0.1,ood,candidate,1.0,0.9988304241920272,1.0,0.9977739882805347,,
modular_sparse,128,state_switch,128024,0.1,ood,activity,0.9230769230769231,0.9966601723150738,0.9892124542124543,0.9967554019410363,,
modular_sparse,128,state_switch,128024,0.1,ood,local_error,0.8076923076923077,0.9557181554810514,0.8968882313344869,0.8909597601171946,,
modular_sparse,128,state_switch,128024,0.1,ood,degree,0.23076923076923078,0.3862478678791575,0.22474876732485566,-0.023469490030014376,,
modular_sparse,128,state_switch,128024,0.1,ood,random_expected,0.1965384615384615,0.39899381576885484,0.22858362982724986,nan,,
modular_sparse,128,state_switch,128024,0.1,ood,selected_baseline,0.9230769230769231,0.9966601723150738,0.9892124542124543,0.9967554019410363,,
modular_sparse,128,state_switch,128024,0.1,ood,candidate_calibration,,,,,0.07373644665806728,0.22510526612516643
modular_sparse,128,state_switch,128024,1.1,ood,candidate,0.7692307692307693,0.9645269354260931,0.8547743442416659,0.7748294726240615,,
modular_sparse,128,state_switch,128024,1.1,ood,activity,0.6538461538461539,0.7032129895303268,0.7970403399722455,0.8588571232375023,,
modular_sparse,128,state_switch,128024,1.1,ood,local_error,0.5769230769230769,0.8442867519395354,0.7378978456201601,0.8540503112982969,,
modular_sparse,128,state_switch,128024,1.1,ood,degree,0.15384615384615385,0.2536631898569113,0.18922456096799978,-0.10651119573119057,,
modular_sparse,128,state_switch,128024,1.1,ood,random_expected,0.211923076923077,0.3496266186812623,0.2357756900796653,nan,,
modular_sparse,128,state_switch,128024,1.1,ood,selected_baseline,0.6538461538461539,0.7032129895303268,0.7970403399722455,0.8588571232375023,,
modular_sparse,128,state_switch,128024,1.1,ood,candidate_calibration,,,,,0.15268782465076197,0.1582741602533274
modular_sparse,128,state_switch,128025,0.1,ood,candidate,1.0,0.9996671148170073,1.0,0.998151666361472,,
modular_sparse,128,state_switch,128025,0.1,ood,activity,0.9230769230769231,0.997404200553998,0.985461273830839,0.9969957425379966,,
modular_sparse,128,state_switch,128025,0.1,ood,local_error,0.7307692307692307,0.9619846379834578,0.8903919663218762,0.8817810382713788,,
modular_sparse,128,state_switch,128025,0.1,ood,degree,0.038461538461538464,0.19955209857667947,0.1744481589857405,-0.18592360258553187,,
modular_sparse,128,state_switch,128025,0.1,ood,random_expected,0.20615384615384622,0.3751282374339713,0.23369029555639342,nan,,
modular_sparse,128,state_switch,128025,0.1,ood,selected_baseline,0.9230769230769231,0.997404200553998,0.985461273830839,0.9969957425379966,,
modular_sparse,128,state_switch,128025,0.1,ood,candidate_calibration,,,,,0.06940957488575052,0.2124983920851577
modular_sparse,128,state_switch,128025,1.1,ood,candidate,0.7692307692307693,0.9614816296542513,0.831217441274249,0.6884956967588354,,
modular_sparse,128,state_switch,128025,1.1,ood,activity,0.6538461538461539,0.7408668904791725,0.6580313463066779,0.853209119208936,,
modular_sparse,128,state_switch,128025,1.1,ood,local_error,0.5769230769230769,0.8742475324494243,0.7197054489652168,0.8332894616370629,,
modular_sparse,128,state_switch,128025,1.1,ood,degree,0.07692307692307693,0.24315902842998507,0.16271316832468907,-0.18401214484752287,,
modular_sparse,128,state_switch,128025,1.1,ood,random_expected,0.20192307692307693,0.37917831458198775,0.22834425300473588,nan,,
modular_sparse,128,state_switch,128025,1.1,ood,selected_baseline,0.6538461538461539,0.7408668904791725,0.6580313463066779,0.853209119208936,,
modular_sparse,128,state_switch,128025,1.1,ood,candidate_calibration,,,,,0.15856264943962328,0.19087485108765756
